2026-05-09 19:48:55,570 - easyeditor.editors.editor - INFO - Instantiating model
2026-05-09 19:48:58,403 - easyeditor.editors.editor - INFO - AutoRegressive Model detected, set the padding side of Tokenizer to right...
2026-05-09 19:50:27,726 - easyeditor.editors.editor - INFO - 0 editing: Which was the voice type that Johannes Mannov had? -> soprano  

 {'pre': {'rewrite_acc': [np.float64(0.5)], 'portability': {}}, 'case_id': 0, 'requested_rewrite': {'prompt': 'Which was the voice type that Johannes Mannov had?', 'target_new': 'soprano', 'ground_truth': 'baritone', 'portability': {}, 'locality': {}, 'subject': 'Johannes Mannov'}, 'post': {'rewrite_acc': [np.float64(1.0)], 'locality': {}, 'portability': {}}}
2026-05-09 19:51:42,254 - easyeditor.editors.editor - INFO - 0 editing: What is the name of the publisher of Street Rod 2? -> Konami  

 {'pre': {'rewrite_acc': [np.float64(0.5)], 'portability': {}}, 'case_id': 0, 'requested_rewrite': {'prompt': 'What is the name of the publisher of Street Rod 2?', 'target_new': 'Konami', 'ground_truth': 'California Dreams', 'portability': {}, 'locality': {}, 'subject': 'Street Rod 2'}, 'post': {'rewrite_acc': [np.float64(1.0)], 'locality': {}, 'portability': {}}}
2026-05-09 20:09:26,566 - easyeditor.editors.editor - INFO - Instantiating model
2026-05-09 20:09:28,782 - easyeditor.editors.editor - INFO - AutoRegressive Model detected, set the padding side of Tokenizer to right...
2026-05-09 20:11:53,973 - easyeditor.editors.editor - INFO - 0 editing: Which was the voice type that Johannes Mannov had? -> soprano  

 {'pre': {'rewrite_acc': [np.float64(0.5)], 'portability': {}}, 'case_id': 0, 'requested_rewrite': {'prompt': 'Which was the voice type that Johannes Mannov had?', 'target_new': 'soprano', 'ground_truth': 'baritone', 'portability': {}, 'locality': {}, 'subject': 'Johannes Mannov'}, 'post': {'rewrite_acc': [np.float64(1.0)], 'locality': {}, 'portability': {}}}
2026-05-09 20:14:00,924 - easyeditor.editors.editor - INFO - 0 editing: What is the name of the publisher of Street Rod 2? -> Konami  

 {'pre': {'rewrite_acc': [np.float64(0.5)], 'portability': {}}, 'case_id': 0, 'requested_rewrite': {'prompt': 'What is the name of the publisher of Street Rod 2?', 'target_new': 'Konami', 'ground_truth': 'California Dreams', 'portability': {}, 'locality': {}, 'subject': 'Street Rod 2'}, 'post': {'rewrite_acc': [np.float64(1.0)], 'locality': {}, 'portability': {}}}
2026-05-09 20:14:02,243 - easyeditor.editors.editor - INFO - 0 editing: Which designer was responsible for Torre Insignia? -> Renzo Piano  

 {'pre': {'rewrite_acc': [np.float64(0.6666666666666666)], 'portability': {}}, 'case_id': 0, 'requested_rewrite': {'prompt': 'Which designer was responsible for Torre Insignia?', 'target_new': 'Renzo Piano', 'ground_truth': 'Mario Pani', 'portability': {}, 'locality': {}, 'subject': 'Torre Insignia'}, 'post': {'rewrite_acc': [np.float64(0.6666666666666666)], 'locality': {}, 'portability': {}}}
2026-05-09 20:14:04,851 - easyeditor.editors.editor - INFO - 0 editing: What town is WVTQ liscensed in? -> Norfolk  

 {'pre': {'rewrite_acc': [np.float64(0.0)], 'portability': {}}, 'case_id': 0, 'requested_rewrite': {'prompt': 'What town is WVTQ liscensed in?', 'target_new': 'Norfolk', 'ground_truth': 'Sunderland', 'portability': {}, 'locality': {}, 'subject': 'WVTQ'}, 'post': {'rewrite_acc': [np.float64(1.0)], 'locality': {}, 'portability': {}}}
2026-05-09 20:14:06,865 - easyeditor.editors.editor - INFO - 0 editing: Who is the architect of Kanthaugen Freestyle Arena? -> Kanthaugen Painter  

 {'pre': {'rewrite_acc': [np.float64(0.6)], 'portability': {}}, 'case_id': 0, 'requested_rewrite': {'prompt': 'Who is the architect of Kanthaugen Freestyle Arena?', 'target_new': 'Kanthaugen Painter', 'ground_truth': 'Økaw Arkitekter', 'portability': {}, 'locality': {}, 'subject': 'Kanthaugen Freestyle Arena'}, 'post': {'rewrite_acc': [np.float64(1.0)], 'locality': {}, 'portability': {}}}
2026-05-09 20:14:12,051 - easyeditor.editors.editor - INFO - 0 editing: What town is CINQ-FM liscensed in? -> Montreal  

 {'pre': {'rewrite_acc': [np.float64(0.0)], 'portability': {}}, 'case_id': 0, 'requested_rewrite': {'prompt': 'What town is CINQ-FM liscensed in?', 'target_new': 'Montreal', 'ground_truth': 'Montreal', 'portability': {}, 'locality': {}, 'subject': 'CINQ-FM'}, 'post': {'rewrite_acc': [np.float64(1.0)], 'locality': {}, 'portability': {}}}
2026-05-09 20:14:16,008 - easyeditor.editors.editor - INFO - 0 editing: What year did Swedish Ingria end? -> 1659  

 {'pre': {'rewrite_acc': [np.float64(0.0)], 'portability': {}}, 'case_id': 0, 'requested_rewrite': {'prompt': 'What year did Swedish Ingria end?', 'target_new': '1659', 'ground_truth': '1721', 'portability': {}, 'locality': {}, 'subject': 'Swedish Ingria'}, 'post': {'rewrite_acc': [np.float64(1.0)], 'locality': {}, 'portability': {}}}
2026-05-09 20:14:17,992 - easyeditor.editors.editor - INFO - 0 editing: When did Battle of Omdurman occur? -> 27 January 1916  

 {'pre': {'rewrite_acc': [np.float64(0.3333333333333333)], 'portability': {}}, 'case_id': 0, 'requested_rewrite': {'prompt': 'When did Battle of Omdurman occur?', 'target_new': '27 January 1916', 'ground_truth': '2 September 1898', 'portability': {}, 'locality': {}, 'subject': 'Battle of Omdurman'}, 'post': {'rewrite_acc': [np.float64(1.0)], 'locality': {}, 'portability': {}}}
2026-05-09 20:14:19,338 - easyeditor.editors.editor - INFO - 0 editing: What is the series that Better Halves is a part of? -> Modern Family  

 {'pre': {'rewrite_acc': [np.float64(0.5)], 'portability': {}}, 'case_id': 0, 'requested_rewrite': {'prompt': 'What is the series that Better Halves is a part of?', 'target_new': 'Modern Family', 'ground_truth': 'Heroes', 'portability': {}, 'locality': {}, 'subject': 'Better Halves'}, 'post': {'rewrite_acc': [np.float64(1.0)], 'locality': {}, 'portability': {}}}
2026-05-09 20:14:21,034 - easyeditor.editors.editor - INFO - 0 editing: What fictional work does Amanda Tanen exist in? -> Coronation Street  

 {'pre': {'rewrite_acc': [np.float64(0.6666666666666666)], 'portability': {}}, 'case_id': 0, 'requested_rewrite': {'prompt': 'What fictional work does Amanda Tanen exist in?', 'target_new': 'Coronation Street', 'ground_truth': 'Ugly Betty', 'portability': {}, 'locality': {}, 'subject': 'Amanda Tanen'}, 'post': {'rewrite_acc': [np.float64(1.0)], 'locality': {}, 'portability': {}}}
2026-05-09 20:26:17,279 - easyeditor.editors.editor - INFO - Instantiating model
2026-05-09 20:26:19,558 - easyeditor.editors.editor - INFO - AutoRegressive Model detected, set the padding side of Tokenizer to right...
2026-05-09 20:32:55,583 - easyeditor.editors.editor - INFO - 0 editing: Which was the voice type that Johannes Mannov had? -> soprano  

 {'pre': {'rewrite_acc': [np.float64(0.5)], 'portability': {}}, 'case_id': 0, 'requested_rewrite': {'prompt': 'Which was the voice type that Johannes Mannov had?', 'target_new': 'soprano', 'ground_truth': 'baritone', 'portability': {}, 'locality': {}, 'subject': 'Johannes Mannov'}, 'post': {'rewrite_acc': [np.float64(1.0)], 'locality': {}, 'portability': {}}}
2026-05-09 20:38:55,498 - easyeditor.editors.editor - INFO - 0 editing: What is the name of the publisher of Street Rod 2? -> Konami  

 {'pre': {'rewrite_acc': [np.float64(0.5)], 'portability': {}}, 'case_id': 0, 'requested_rewrite': {'prompt': 'What is the name of the publisher of Street Rod 2?', 'target_new': 'Konami', 'ground_truth': 'California Dreams', 'portability': {}, 'locality': {}, 'subject': 'Street Rod 2'}, 'post': {'rewrite_acc': [np.float64(1.0)], 'locality': {}, 'portability': {}}}
2026-05-09 20:38:56,874 - easyeditor.editors.editor - INFO - 0 editing: Which designer was responsible for Torre Insignia? -> Renzo Piano  

 {'pre': {'rewrite_acc': [np.float64(0.6666666666666666)], 'portability': {}}, 'case_id': 0, 'requested_rewrite': {'prompt': 'Which designer was responsible for Torre Insignia?', 'target_new': 'Renzo Piano', 'ground_truth': 'Mario Pani', 'portability': {}, 'locality': {}, 'subject': 'Torre Insignia'}, 'post': {'rewrite_acc': [np.float64(0.6666666666666666)], 'locality': {}, 'portability': {}}}
2026-05-09 20:38:59,516 - easyeditor.editors.editor - INFO - 0 editing: What town is WVTQ liscensed in? -> Norfolk  

 {'pre': {'rewrite_acc': [np.float64(0.0)], 'portability': {}}, 'case_id': 0, 'requested_rewrite': {'prompt': 'What town is WVTQ liscensed in?', 'target_new': 'Norfolk', 'ground_truth': 'Sunderland', 'portability': {}, 'locality': {}, 'subject': 'WVTQ'}, 'post': {'rewrite_acc': [np.float64(1.0)], 'locality': {}, 'portability': {}}}
2026-05-09 20:39:01,548 - easyeditor.editors.editor - INFO - 0 editing: Who is the architect of Kanthaugen Freestyle Arena? -> Kanthaugen Painter  

 {'pre': {'rewrite_acc': [np.float64(0.6)], 'portability': {}}, 'case_id': 0, 'requested_rewrite': {'prompt': 'Who is the architect of Kanthaugen Freestyle Arena?', 'target_new': 'Kanthaugen Painter', 'ground_truth': 'Økaw Arkitekter', 'portability': {}, 'locality': {}, 'subject': 'Kanthaugen Freestyle Arena'}, 'post': {'rewrite_acc': [np.float64(1.0)], 'locality': {}, 'portability': {}}}
2026-05-09 20:39:06,802 - easyeditor.editors.editor - INFO - 0 editing: What town is CINQ-FM liscensed in? -> Montreal  

 {'pre': {'rewrite_acc': [np.float64(0.0)], 'portability': {}}, 'case_id': 0, 'requested_rewrite': {'prompt': 'What town is CINQ-FM liscensed in?', 'target_new': 'Montreal', 'ground_truth': 'Montreal', 'portability': {}, 'locality': {}, 'subject': 'CINQ-FM'}, 'post': {'rewrite_acc': [np.float64(1.0)], 'locality': {}, 'portability': {}}}
2026-05-09 20:39:10,804 - easyeditor.editors.editor - INFO - 0 editing: What year did Swedish Ingria end? -> 1659  

 {'pre': {'rewrite_acc': [np.float64(0.0)], 'portability': {}}, 'case_id': 0, 'requested_rewrite': {'prompt': 'What year did Swedish Ingria end?', 'target_new': '1659', 'ground_truth': '1721', 'portability': {}, 'locality': {}, 'subject': 'Swedish Ingria'}, 'post': {'rewrite_acc': [np.float64(1.0)], 'locality': {}, 'portability': {}}}
2026-05-09 20:39:12,789 - easyeditor.editors.editor - INFO - 0 editing: When did Battle of Omdurman occur? -> 27 January 1916  

 {'pre': {'rewrite_acc': [np.float64(0.3333333333333333)], 'portability': {}}, 'case_id': 0, 'requested_rewrite': {'prompt': 'When did Battle of Omdurman occur?', 'target_new': '27 January 1916', 'ground_truth': '2 September 1898', 'portability': {}, 'locality': {}, 'subject': 'Battle of Omdurman'}, 'post': {'rewrite_acc': [np.float64(1.0)], 'locality': {}, 'portability': {}}}
2026-05-09 20:39:14,178 - easyeditor.editors.editor - INFO - 0 editing: What is the series that Better Halves is a part of? -> Modern Family  

 {'pre': {'rewrite_acc': [np.float64(0.5)], 'portability': {}}, 'case_id': 0, 'requested_rewrite': {'prompt': 'What is the series that Better Halves is a part of?', 'target_new': 'Modern Family', 'ground_truth': 'Heroes', 'portability': {}, 'locality': {}, 'subject': 'Better Halves'}, 'post': {'rewrite_acc': [np.float64(1.0)], 'locality': {}, 'portability': {}}}
2026-05-09 20:39:15,886 - easyeditor.editors.editor - INFO - 0 editing: What fictional work does Amanda Tanen exist in? -> Coronation Street  

 {'pre': {'rewrite_acc': [np.float64(0.6666666666666666)], 'portability': {}}, 'case_id': 0, 'requested_rewrite': {'prompt': 'What fictional work does Amanda Tanen exist in?', 'target_new': 'Coronation Street', 'ground_truth': 'Ugly Betty', 'portability': {}, 'locality': {}, 'subject': 'Amanda Tanen'}, 'post': {'rewrite_acc': [np.float64(1.0)], 'locality': {}, 'portability': {}}}
2026-05-09 20:45:12,093 - easyeditor.editors.editor - INFO - 0 editing: What body of water does Blaxland Creek join? -> Wyoming River  

 {'pre': {'rewrite_acc': [np.float64(0.0)], 'portability': {}}, 'case_id': 0, 'requested_rewrite': {'prompt': 'What body of water does Blaxland Creek join?', 'target_new': 'Wyoming River', 'ground_truth': 'South Creek', 'portability': {}, 'locality': {}, 'subject': 'Blaxland Creek'}, 'post': {'rewrite_acc': [np.float64(0.5)], 'locality': {}, 'portability': {}}}
2026-05-09 20:45:16,058 - easyeditor.editors.editor - INFO - 0 editing: Which airport is most closely associated with Air Busan? -> Keflavík Airport  

 {'pre': {'rewrite_acc': [np.float64(0.2)], 'portability': {}}, 'case_id': 0, 'requested_rewrite': {'prompt': 'Which airport is most closely associated with Air Busan?', 'target_new': 'Keflavík Airport', 'ground_truth': 'Gimhae International Airport', 'portability': {}, 'locality': {}, 'subject': 'Air Busan'}, 'post': {'rewrite_acc': [np.float64(1.0)], 'locality': {}, 'portability': {}}}
2026-05-09 20:45:20,849 - easyeditor.editors.editor - INFO - 0 editing: What type of voice does Peter Barcza have? -> bass  

 {'pre': {'rewrite_acc': [np.float64(0.0)], 'portability': {}}, 'case_id': 0, 'requested_rewrite': {'prompt': 'What type of voice does Peter Barcza have?', 'target_new': 'bass', 'ground_truth': 'baritone', 'portability': {}, 'locality': {}, 'subject': 'Peter Barcza'}, 'post': {'rewrite_acc': [np.float64(1.0)], 'locality': {}, 'portability': {}}}
2026-05-09 20:45:22,766 - easyeditor.editors.editor - INFO - 0 editing: What year was Intersindical Canaria founded? -> 1806  

 {'pre': {'rewrite_acc': [np.float64(0.3333333333333333)], 'portability': {}}, 'case_id': 0, 'requested_rewrite': {'prompt': 'What year was Intersindical Canaria founded?', 'target_new': '1806', 'ground_truth': '1994', 'portability': {}, 'locality': {}, 'subject': 'Intersindical Canaria'}, 'post': {'rewrite_acc': [np.float64(1.0)], 'locality': {}, 'portability': {}}}
2026-05-09 20:45:24,104 - easyeditor.editors.editor - INFO - 0 editing: What is Hannelore Kohl's spouse's name? -> John Kohl  

 {'pre': {'rewrite_acc': [np.float64(0.3333333333333333)], 'portability': {}}, 'case_id': 0, 'requested_rewrite': {'prompt': "What is Hannelore Kohl's spouse's name?", 'target_new': 'John Kohl', 'ground_truth': 'Helmut Kohl', 'portability': {}, 'locality': {}, 'subject': 'Hannelore Kohl'}, 'post': {'rewrite_acc': [np.float64(1.0)], 'locality': {}, 'portability': {}}}
2026-05-09 20:45:26,462 - easyeditor.editors.editor - INFO - 0 editing: When was Adam van Breen's death? -> 17 September 2014  

 {'pre': {'rewrite_acc': [np.float64(0.16666666666666666)], 'portability': {}}, 'case_id': 0, 'requested_rewrite': {'prompt': "When was Adam van Breen's death?", 'target_new': '17 September 2014', 'ground_truth': '1642', 'portability': {}, 'locality': {}, 'subject': 'Adam van Breen'}, 'post': {'rewrite_acc': [np.float64(1.0)], 'locality': {}, 'portability': {}}}
2026-05-09 20:45:31,561 - easyeditor.editors.editor - INFO - 0 editing: Which airline hub does China United Airlines operate out of? -> Shanghai Hongqiao Airport  

 {'pre': {'rewrite_acc': [np.float64(0.2)], 'portability': {}}, 'case_id': 0, 'requested_rewrite': {'prompt': 'Which airline hub does China United Airlines operate out of?', 'target_new': 'Shanghai Hongqiao Airport', 'ground_truth': 'Beijing Nanyuan Airport', 'portability': {}, 'locality': {}, 'subject': 'China United Airlines'}, 'post': {'rewrite_acc': [np.float64(0.8)], 'locality': {}, 'portability': {}}}
2026-05-09 20:45:33,512 - easyeditor.editors.editor - INFO - 0 editing: What was Warren Finnerty's occupation? -> actor  

 {'pre': {'rewrite_acc': [np.float64(0.0)], 'portability': {}}, 'case_id': 0, 'requested_rewrite': {'prompt': "What was Warren Finnerty's occupation?", 'target_new': 'actor', 'ground_truth': 'actor', 'portability': {}, 'locality': {}, 'subject': 'Warren Finnerty'}, 'post': {'rewrite_acc': [np.float64(1.0)], 'locality': {}, 'portability': {}}}
2026-05-09 20:45:38,549 - easyeditor.editors.editor - INFO - 0 editing: The voice type of Gustavus Waltz is what? -> tenor  

 {'pre': {'rewrite_acc': [np.float64(0.5)], 'portability': {}}, 'case_id': 0, 'requested_rewrite': {'prompt': 'The voice type of Gustavus Waltz is what?', 'target_new': 'tenor', 'ground_truth': 'bass', 'portability': {}, 'locality': {}, 'subject': 'Gustavus Waltz'}, 'post': {'rewrite_acc': [np.float64(1.0)], 'locality': {}, 'portability': {}}}
2026-05-09 20:45:43,640 - easyeditor.editors.editor - INFO - 0 editing: Which state is Kłocko located? -> Gmina Świeciec  

 {'pre': {'rewrite_acc': [np.float64(0.16666666666666666)], 'portability': {}}, 'case_id': 0, 'requested_rewrite': {'prompt': 'Which state is Kłocko located?', 'target_new': 'Gmina Świeciec', 'ground_truth': 'Gmina Sieradz', 'portability': {}, 'locality': {}, 'subject': 'Kłocko'}, 'post': {'rewrite_acc': [np.float64(0.8333333333333334)], 'locality': {}, 'portability': {}}}
2026-05-09 20:45:48,337 - easyeditor.editors.editor - INFO - 0 editing: Which language is Cốc Cốc written in? -> French  

 {'pre': {'rewrite_acc': [np.float64(0.0)], 'portability': {}}, 'case_id': 0, 'requested_rewrite': {'prompt': 'Which language is Cốc Cốc written in?', 'target_new': 'French', 'ground_truth': 'Vietnamese', 'portability': {}, 'locality': {}, 'subject': 'Cốc Cốc'}, 'post': {'rewrite_acc': [np.float64(1.0)], 'locality': {}, 'portability': {}}}
2026-05-09 20:45:53,086 - easyeditor.editors.editor - INFO - 0 editing: What position does Juraj Kuráň play? -> goaltender  

 {'pre': {'rewrite_acc': [np.float64(0.0)], 'portability': {}}, 'case_id': 0, 'requested_rewrite': {'prompt': 'What position does Juraj Kuráň play?', 'target_new': 'goaltender', 'ground_truth': 'midfielder', 'portability': {}, 'locality': {}, 'subject': 'Juraj Kuráň'}, 'post': {'rewrite_acc': [np.float64(1.0)], 'locality': {}, 'portability': {}}}
2026-05-09 20:45:54,415 - easyeditor.editors.editor - INFO - 0 editing: What is the name of the state where Flett Glacier is located? -> Washington  

 {'pre': {'rewrite_acc': [np.float64(0.0)], 'portability': {}}, 'case_id': 0, 'requested_rewrite': {'prompt': 'What is the name of the state where Flett Glacier is located?', 'target_new': 'Washington', 'ground_truth': 'Washington', 'portability': {}, 'locality': {}, 'subject': 'Flett Glacier'}, 'post': {'rewrite_acc': [np.float64(1.0)], 'locality': {}, 'portability': {}}}
2026-05-09 20:45:56,015 - easyeditor.editors.editor - INFO - 0 editing: Who gives out the Andrei Sakharov Freedom Award award? -> Men's Studies Press  

 {'pre': {'rewrite_acc': [np.float64(0.25)], 'portability': {}}, 'case_id': 0, 'requested_rewrite': {'prompt': 'Who gives out the Andrei Sakharov Freedom Award award?', 'target_new': "Men's Studies Press", 'ground_truth': 'Norwegian Helsinki Committee', 'portability': {}, 'locality': {}, 'subject': 'Andrei Sakharov Freedom Award'}, 'post': {'rewrite_acc': [np.float64(0.75)], 'locality': {}, 'portability': {}}}
2026-05-09 20:45:56,721 - easyeditor.editors.editor - INFO - 0 editing: What river does Rowleys River form a part of? -> Atlantic Ocean  

 {'pre': {'rewrite_acc': [np.float64(0.5)], 'portability': {}}, 'case_id': 0, 'requested_rewrite': {'prompt': 'What river does Rowleys River form a part of?', 'target_new': 'Atlantic Ocean', 'ground_truth': 'Nowendoc River', 'portability': {}, 'locality': {}, 'subject': 'Rowleys River'}, 'post': {'rewrite_acc': [np.float64(0.5)], 'locality': {}, 'portability': {}}}
2026-05-09 20:45:58,566 - easyeditor.editors.editor - INFO - 0 editing: Over what river does Natural Pier Bridge cross? -> Allegheny River  

 {'pre': {'rewrite_acc': [np.float64(0.0)], 'portability': {}}, 'case_id': 0, 'requested_rewrite': {'prompt': 'Over what river does Natural Pier Bridge cross?', 'target_new': 'Allegheny River', 'ground_truth': 'Clark Fork', 'portability': {}, 'locality': {}, 'subject': 'Natural Pier Bridge'}, 'post': {'rewrite_acc': [np.float64(0.5)], 'locality': {}, 'portability': {}}}
2026-05-09 20:46:03,034 - easyeditor.editors.editor - INFO - 0 editing: What instrument is The People United Will Never Be Defeated! for? -> violin  

 {'pre': {'rewrite_acc': [np.float64(0.0)], 'portability': {}}, 'case_id': 0, 'requested_rewrite': {'prompt': 'What instrument is The People United Will Never Be Defeated! for?', 'target_new': 'violin', 'ground_truth': 'piano', 'portability': {}, 'locality': {}, 'subject': 'The People United Will Never Be Defeated!'}, 'post': {'rewrite_acc': [np.float64(1.0)], 'locality': {}, 'portability': {}}}
2026-05-09 20:46:07,826 - easyeditor.editors.editor - INFO - 0 editing: What is the publisher of The Broken Vase? -> Collins Crime Club  

 {'pre': {'rewrite_acc': [np.float64(0.0)], 'portability': {}}, 'case_id': 0, 'requested_rewrite': {'prompt': 'What is the publisher of The Broken Vase?', 'target_new': 'Collins Crime Club', 'ground_truth': 'Farrar & Rinehart', 'portability': {}, 'locality': {}, 'subject': 'The Broken Vase'}, 'post': {'rewrite_acc': [np.float64(1.0)], 'locality': {}, 'portability': {}}}
2026-05-09 20:46:12,957 - easyeditor.editors.editor - INFO - 0 editing: The astronomical body that Ravi Vallis was located on was what? -> Mercury  

 {'pre': {'rewrite_acc': [np.float64(0.0)], 'portability': {}}, 'case_id': 0, 'requested_rewrite': {'prompt': 'The astronomical body that Ravi Vallis was located on was what?', 'target_new': 'Mercury', 'ground_truth': 'Mars', 'portability': {}, 'locality': {}, 'subject': 'Ravi Vallis'}, 'post': {'rewrite_acc': [np.float64(1.0)], 'locality': {}, 'portability': {}}}
2026-05-09 20:46:18,054 - easyeditor.editors.editor - INFO - 0 editing: What team is Miikka Salomäki on? -> Ilves  

 {'pre': {'rewrite_acc': [np.float64(0.0)], 'portability': {}}, 'case_id': 0, 'requested_rewrite': {'prompt': 'What team is Miikka Salomäki on?', 'target_new': 'Ilves', 'ground_truth': 'Nashville Predators', 'portability': {}, 'locality': {}, 'subject': 'Miikka Salomäki'}, 'post': {'rewrite_acc': [np.float64(0.5)], 'locality': {}, 'portability': {}}}
2026-05-09 20:46:22,844 - easyeditor.editors.editor - INFO - 0 editing: What company manufactures Jaguar R-D6? -> Jaguar Motor Company  

 {'pre': {'rewrite_acc': [np.float64(0.0)], 'portability': {}}, 'case_id': 0, 'requested_rewrite': {'prompt': 'What company manufactures Jaguar R-D6?', 'target_new': 'Jaguar Motor Company', 'ground_truth': 'Jaguar Cars', 'portability': {}, 'locality': {}, 'subject': 'Jaguar R-D6'}, 'post': {'rewrite_acc': [np.float64(1.0)], 'locality': {}, 'portability': {}}}
2026-05-09 20:46:23,918 - easyeditor.editors.editor - INFO - 0 editing: What is Sue Simmons's birthplace? -> San Francisco  

 {'pre': {'rewrite_acc': [np.float64(0.5)], 'portability': {}}, 'case_id': 0, 'requested_rewrite': {'prompt': "What is Sue Simmons's birthplace?", 'target_new': 'San Francisco', 'ground_truth': 'New York City', 'portability': {}, 'locality': {}, 'subject': 'Sue Simmons'}, 'post': {'rewrite_acc': [np.float64(1.0)], 'locality': {}, 'portability': {}}}
2026-05-09 20:46:26,645 - easyeditor.editors.editor - INFO - 0 editing: What river is Rowleys River a tributary of? -> Manning River  

 {'pre': {'rewrite_acc': [np.float64(0.0)], 'portability': {}}, 'case_id': 0, 'requested_rewrite': {'prompt': 'What river is Rowleys River a tributary of?', 'target_new': 'Manning River', 'ground_truth': 'Nowendoc River', 'portability': {}, 'locality': {}, 'subject': 'Rowleys River'}, 'post': {'rewrite_acc': [np.float64(0.5)], 'locality': {}, 'portability': {}}}
2026-05-09 20:46:29,388 - easyeditor.editors.editor - INFO - 0 editing: What city was Johnny Foreigner formed in? -> Los Angeles  

 {'pre': {'rewrite_acc': [np.float64(0.0)], 'portability': {}}, 'case_id': 0, 'requested_rewrite': {'prompt': 'What city was Johnny Foreigner formed in?', 'target_new': 'Los Angeles', 'ground_truth': 'Birmingham', 'portability': {}, 'locality': {}, 'subject': 'Johnny Foreigner'}, 'post': {'rewrite_acc': [np.float64(1.0)], 'locality': {}, 'portability': {}}}
2026-05-09 20:46:32,759 - easyeditor.editors.editor - INFO - 0 editing: Who had the role of director in Each Time We Part Away? -> Cecil B DeMille  

 {'pre': {'rewrite_acc': [np.float64(0.0)], 'portability': {}}, 'case_id': 0, 'requested_rewrite': {'prompt': 'Who had the role of director in Each Time We Part Away?', 'target_new': 'Cecil B DeMille', 'ground_truth': 'Lukas Nola', 'portability': {}, 'locality': {}, 'subject': 'Each Time We Part Away'}, 'post': {'rewrite_acc': [np.float64(0.8)], 'locality': {}, 'portability': {}}}
2026-05-09 20:46:34,742 - easyeditor.editors.editor - INFO - 0 editing: What year did Thomas Coutts die in? -> 1882  

 {'pre': {'rewrite_acc': [np.float64(0.0)], 'portability': {}}, 'case_id': 0, 'requested_rewrite': {'prompt': 'What year did Thomas Coutts die in?', 'target_new': '1882', 'ground_truth': '24 February 1822', 'portability': {}, 'locality': {}, 'subject': 'Thomas Coutts'}, 'post': {'rewrite_acc': [np.float64(1.0)], 'locality': {}, 'portability': {}}}
2026-05-09 20:46:37,842 - easyeditor.editors.editor - INFO - 0 editing: How did Henry Roquemore die? -> typhus  

 {'pre': {'rewrite_acc': [np.float64(0.0)], 'portability': {}}, 'case_id': 0, 'requested_rewrite': {'prompt': 'How did Henry Roquemore die?', 'target_new': 'typhus', 'ground_truth': 'heart attack', 'portability': {}, 'locality': {}, 'subject': 'Henry Roquemore'}, 'post': {'rewrite_acc': [np.float64(1.0)], 'locality': {}, 'portability': {}}}
2026-05-09 20:46:42,908 - easyeditor.editors.editor - INFO - 0 editing: Which is the league of ŠK Slovan Bratislava? -> Slovenian Third Division  

 {'pre': {'rewrite_acc': [np.float64(0.0)], 'portability': {}}, 'case_id': 0, 'requested_rewrite': {'prompt': 'Which is the league of ŠK Slovan Bratislava?', 'target_new': 'Slovenian Third Division', 'ground_truth': 'Slovak Super Liga', 'portability': {}, 'locality': {}, 'subject': 'ŠK Slovan Bratislava'}, 'post': {'rewrite_acc': [np.float64(0.5)], 'locality': {}, 'portability': {}}}
2026-05-09 20:46:47,573 - easyeditor.editors.editor - INFO - 0 editing: What was the native language of Rita Cadillac? -> Spanish  

 {'pre': {'rewrite_acc': [np.float64(0.0)], 'portability': {}}, 'case_id': 0, 'requested_rewrite': {'prompt': 'What was the native language of Rita Cadillac?', 'target_new': 'Spanish', 'ground_truth': 'French', 'portability': {}, 'locality': {}, 'subject': 'Rita Cadillac'}, 'post': {'rewrite_acc': [np.float64(1.0)], 'locality': {}, 'portability': {}}}
2026-05-09 20:46:51,812 - easyeditor.editors.editor - INFO - 0 editing: When did Kelsterbach station open? -> 14 June 1867  

 {'pre': {'rewrite_acc': [np.float64(0.0)], 'portability': {}}, 'case_id': 0, 'requested_rewrite': {'prompt': 'When did Kelsterbach station open?', 'target_new': '14 June 1867', 'ground_truth': '1863', 'portability': {}, 'locality': {}, 'subject': 'Kelsterbach station'}, 'post': {'rewrite_acc': [np.float64(0.3333333333333333)], 'locality': {}, 'portability': {}}}
2026-05-09 20:46:55,451 - easyeditor.editors.editor - INFO - 0 editing: In which language is The Robbers made in? -> Old English  

 {'pre': {'rewrite_acc': [np.float64(0.0)], 'portability': {}}, 'case_id': 0, 'requested_rewrite': {'prompt': 'In which language is The Robbers made in?', 'target_new': 'Old English', 'ground_truth': 'German', 'portability': {}, 'locality': {}, 'subject': 'The Robbers'}, 'post': {'rewrite_acc': [np.float64(1.0)], 'locality': {}, 'portability': {}}}
2026-05-09 20:46:56,532 - easyeditor.editors.editor - INFO - 0 editing: What is the city of birth of Helen Blakeman? -> Tucson  

 {'pre': {'rewrite_acc': [np.float64(0.0)], 'portability': {}}, 'case_id': 0, 'requested_rewrite': {'prompt': 'What is the city of birth of Helen Blakeman?', 'target_new': 'Tucson', 'ground_truth': 'Liverpool', 'portability': {}, 'locality': {}, 'subject': 'Helen Blakeman'}, 'post': {'rewrite_acc': [np.float64(1.0)], 'locality': {}, 'portability': {}}}
2026-05-09 20:46:57,932 - easyeditor.editors.editor - INFO - 0 editing: What species is RANK specific to? -> male  

 {'pre': {'rewrite_acc': [np.float64(0.0)], 'portability': {}}, 'case_id': 0, 'requested_rewrite': {'prompt': 'What species is RANK specific to?', 'target_new': 'male', 'ground_truth': 'human', 'portability': {}, 'locality': {}, 'subject': 'RANK'}, 'post': {'rewrite_acc': [np.float64(1.0)], 'locality': {}, 'portability': {}}}
2026-05-09 20:47:02,994 - easyeditor.editors.editor - INFO - 0 editing: Which is the basis of The 34th Rule? -> The 34th Rule  

 {'pre': {'rewrite_acc': [np.float64(0.0)], 'portability': {}}, 'case_id': 0, 'requested_rewrite': {'prompt': 'Which is the basis of The 34th Rule?', 'target_new': 'The 34th Rule', 'ground_truth': 'Star Trek: Deep Space Nine', 'portability': {}, 'locality': {}, 'subject': 'The 34th Rule'}, 'post': {'rewrite_acc': [np.float64(0.6)], 'locality': {}, 'portability': {}}}
2026-05-09 20:47:07,967 - easyeditor.editors.editor - INFO - 0 editing: Which person was the head of government of Castres? -> Dominique Gros  

 {'pre': {'rewrite_acc': [np.float64(0.0)], 'portability': {}}, 'case_id': 0, 'requested_rewrite': {'prompt': 'Which person was the head of government of Castres?', 'target_new': 'Dominique Gros', 'ground_truth': 'Jacques Limouzy', 'portability': {}, 'locality': {}, 'subject': 'Castres'}, 'post': {'rewrite_acc': [np.float64(1.0)], 'locality': {}, 'portability': {}}}
2026-05-09 20:47:08,843 - easyeditor.editors.editor - INFO - 0 editing: What position does Eric Larsson play on the field? -> midfielder  

 {'pre': {'rewrite_acc': [np.float64(0.0)], 'portability': {}}, 'case_id': 0, 'requested_rewrite': {'prompt': 'What position does Eric Larsson play on the field?', 'target_new': 'midfielder', 'ground_truth': 'defender', 'portability': {}, 'locality': {}, 'subject': 'Eric Larsson'}, 'post': {'rewrite_acc': [np.float64(1.0)], 'locality': {}, 'portability': {}}}
2026-05-09 20:47:13,633 - easyeditor.editors.editor - INFO - 0 editing: What was Tami Lane nominated for? -> Academy Award for Best Actress  

 {'pre': {'rewrite_acc': [np.float64(0.0)], 'portability': {}}, 'case_id': 0, 'requested_rewrite': {'prompt': 'What was Tami Lane nominated for?', 'target_new': 'Academy Award for Best Actress', 'ground_truth': 'Academy Award for Makeup', 'portability': {}, 'locality': {}, 'subject': 'Tami Lane'}, 'post': {'rewrite_acc': [np.float64(0.4)], 'locality': {}, 'portability': {}}}
2026-05-09 20:47:14,691 - easyeditor.editors.editor - INFO - 0 editing: Which network does Variety Big Brother appear on? -> CBS  

 {'pre': {'rewrite_acc': [np.float64(0.0)], 'portability': {}}, 'case_id': 0, 'requested_rewrite': {'prompt': 'Which network does Variety Big Brother appear on?', 'target_new': 'CBS', 'ground_truth': 'China Television', 'portability': {}, 'locality': {}, 'subject': 'Variety Big Brother'}, 'post': {'rewrite_acc': [np.float64(1.0)], 'locality': {}, 'portability': {}}}
2026-05-09 20:47:19,798 - easyeditor.editors.editor - INFO - 0 editing: Who desigened Borchardt C-93? -> Ernest Borchardt  

 {'pre': {'rewrite_acc': [np.float64(0.0)], 'portability': {}}, 'case_id': 0, 'requested_rewrite': {'prompt': 'Who desigened Borchardt C-93?', 'target_new': 'Ernest Borchardt', 'ground_truth': 'Hugo Borchardt', 'portability': {}, 'locality': {}, 'subject': 'Borchardt C-93'}, 'post': {'rewrite_acc': [np.float64(0.4)], 'locality': {}, 'portability': {}}}
2026-05-09 20:47:24,839 - easyeditor.editors.editor - INFO - 0 editing: What is the director of Il toro? -> Ruggiero Montesano  

 {'pre': {'rewrite_acc': [np.float64(0.0)], 'portability': {}}, 'case_id': 0, 'requested_rewrite': {'prompt': 'What is the director of Il toro?', 'target_new': 'Ruggiero Montesano', 'ground_truth': 'Carlo Mazzacurati', 'portability': {}, 'locality': {}, 'subject': 'Il toro'}, 'post': {'rewrite_acc': [np.float64(0.5)], 'locality': {}, 'portability': {}}}
2026-05-09 20:53:19,661 - easyeditor.editors.editor - INFO - 0 editing: What was the inception year of SAFE Boats International? -> 2004  

 {'pre': {'rewrite_acc': [np.float64(0.0)], 'portability': {}}, 'case_id': 0, 'requested_rewrite': {'prompt': 'What was the inception year of SAFE Boats International?', 'target_new': '2004', 'ground_truth': '1997', 'portability': {}, 'locality': {}, 'subject': 'SAFE Boats International'}, 'post': {'rewrite_acc': [np.float64(0.0)], 'locality': {}, 'portability': {}}}
2026-05-09 20:53:24,875 - easyeditor.editors.editor - INFO - 0 editing: What airport is Hesnes Air part of? -> Södertälje Airport  

 {'pre': {'rewrite_acc': [np.float64(0.0)], 'portability': {}}, 'case_id': 0, 'requested_rewrite': {'prompt': 'What airport is Hesnes Air part of?', 'target_new': 'Södertälje Airport', 'ground_truth': 'Sandefjord Airport, Torp', 'portability': {}, 'locality': {}, 'subject': 'Hesnes Air'}, 'post': {'rewrite_acc': [np.float64(0.14285714285714285)], 'locality': {}, 'portability': {}}}
2026-05-09 20:53:30,156 - easyeditor.editors.editor - INFO - 0 editing: Who was the director of L'Étoile de mer? -> Jean-Pierre Mocky  

 {'pre': {'rewrite_acc': [np.float64(0.0)], 'portability': {}}, 'case_id': 0, 'requested_rewrite': {'prompt': "Who was the director of L'Étoile de mer?", 'target_new': 'Jean-Pierre Mocky', 'ground_truth': 'Man Ray', 'portability': {}, 'locality': {}, 'subject': "L'Étoile de mer"}, 'post': {'rewrite_acc': [np.float64(0.4)], 'locality': {}, 'portability': {}}}
2026-05-09 20:53:35,083 - easyeditor.editors.editor - INFO - 0 editing: What team is Jaquay Walls associated with? -> Tampa Bay Lightning  

 {'pre': {'rewrite_acc': [np.float64(0.0)], 'portability': {}}, 'case_id': 0, 'requested_rewrite': {'prompt': 'What team is Jaquay Walls associated with?', 'target_new': 'Tampa Bay Lightning', 'ground_truth': 'Indiana Pacers', 'portability': {}, 'locality': {}, 'subject': 'Jaquay Walls'}, 'post': {'rewrite_acc': [np.float64(0.3333333333333333)], 'locality': {}, 'portability': {}}}
2026-05-09 20:53:39,915 - easyeditor.editors.editor - INFO - 0 editing: What year was Davidka made? -> 1929  

 {'pre': {'rewrite_acc': [np.float64(0.3333333333333333)], 'portability': {}}, 'case_id': 0, 'requested_rewrite': {'prompt': 'What year was Davidka made?', 'target_new': '1929', 'ground_truth': '1948', 'portability': {}, 'locality': {}, 'subject': 'Davidka'}, 'post': {'rewrite_acc': [np.float64(0.6666666666666666)], 'locality': {}, 'portability': {}}}
2026-05-09 20:53:41,025 - easyeditor.editors.editor - INFO - 0 editing: What was Giannis Aggelakas's career? -> actor  

 {'pre': {'rewrite_acc': [np.float64(0.0)], 'portability': {}}, 'case_id': 0, 'requested_rewrite': {'prompt': "What was Giannis Aggelakas's career?", 'target_new': 'actor', 'ground_truth': 'singer', 'portability': {}, 'locality': {}, 'subject': 'Giannis Aggelakas'}, 'post': {'rewrite_acc': [np.float64(1.0)], 'locality': {}, 'portability': {}}}
2026-05-09 20:53:42,103 - easyeditor.editors.editor - INFO - 0 editing: What country was Paul Spiegel in? -> Austria  

 {'pre': {'rewrite_acc': [np.float64(0.0)], 'portability': {}}, 'case_id': 0, 'requested_rewrite': {'prompt': 'What country was Paul Spiegel in?', 'target_new': 'Austria', 'ground_truth': 'Germany', 'portability': {}, 'locality': {}, 'subject': 'Paul Spiegel'}, 'post': {'rewrite_acc': [np.float64(1.0)], 'locality': {}, 'portability': {}}}
2026-05-09 20:53:43,007 - easyeditor.editors.editor - INFO - 0 editing: Which planet is Echus Montes located? -> Io  

 {'pre': {'rewrite_acc': [np.float64(0.0)], 'portability': {}}, 'case_id': 0, 'requested_rewrite': {'prompt': 'Which planet is Echus Montes located?', 'target_new': 'Io', 'ground_truth': 'Mars', 'portability': {}, 'locality': {}, 'subject': 'Echus Montes'}, 'post': {'rewrite_acc': [np.float64(1.0)], 'locality': {}, 'portability': {}}}
2026-05-09 20:53:48,420 - easyeditor.editors.editor - INFO - 0 editing: What date is associated with 14th Venice International Film Festival? -> 1957  

 {'pre': {'rewrite_acc': [np.float64(0.3333333333333333)], 'portability': {}}, 'case_id': 0, 'requested_rewrite': {'prompt': 'What date is associated with 14th Venice International Film Festival?', 'target_new': '1957', 'ground_truth': '1953', 'portability': {}, 'locality': {}, 'subject': '14th Venice International Film Festival'}, 'post': {'rewrite_acc': [np.float64(0.3333333333333333)], 'locality': {}, 'portability': {}}}
2026-05-09 20:53:53,496 - easyeditor.editors.editor - INFO - 0 editing: On what date did Swedish general strike take place? -> 27 November 1815  

 {'pre': {'rewrite_acc': [np.float64(0.3333333333333333)], 'portability': {}}, 'case_id': 0, 'requested_rewrite': {'prompt': 'On what date did Swedish general strike take place?', 'target_new': '27 November 1815', 'ground_truth': '1909', 'portability': {}, 'locality': {}, 'subject': 'Swedish general strike'}, 'post': {'rewrite_acc': [np.float64(0.3333333333333333)], 'locality': {}, 'portability': {}}}
2026-05-09 20:53:58,353 - easyeditor.editors.editor - INFO - 0 editing: The distributor of Lady Gangster was whom? -> Goldwyn-Mayer  

 {'pre': {'rewrite_acc': [np.float64(0.0)], 'portability': {}}, 'case_id': 0, 'requested_rewrite': {'prompt': 'The distributor of Lady Gangster was whom?', 'target_new': 'Goldwyn-Mayer', 'ground_truth': 'Warner Bros.', 'portability': {}, 'locality': {}, 'subject': 'Lady Gangster'}, 'post': {'rewrite_acc': [np.float64(0.75)], 'locality': {}, 'portability': {}}}
2026-05-09 20:54:03,191 - easyeditor.editors.editor - INFO - 0 editing: Who was the star of Sex and Zen II? -> Dennis Hopper  

 {'pre': {'rewrite_acc': [np.float64(0.0)], 'portability': {}}, 'case_id': 0, 'requested_rewrite': {'prompt': 'Who was the star of Sex and Zen II?', 'target_new': 'Dennis Hopper', 'ground_truth': 'Elvis Tsui', 'portability': {}, 'locality': {}, 'subject': 'Sex and Zen II'}, 'post': {'rewrite_acc': [np.float64(0.3333333333333333)], 'locality': {}, 'portability': {}}}
2026-05-09 20:54:07,909 - easyeditor.editors.editor - INFO - 0 editing: What year was Akai created? -> 1926  

 {'pre': {'rewrite_acc': [np.float64(0.3333333333333333)], 'portability': {}}, 'case_id': 0, 'requested_rewrite': {'prompt': 'What year was Akai created?', 'target_new': '1926', 'ground_truth': '1929', 'portability': {}, 'locality': {}, 'subject': 'Akai'}, 'post': {'rewrite_acc': [np.float64(0.6666666666666666)], 'locality': {}, 'portability': {}}}
2026-05-09 20:54:09,335 - easyeditor.editors.editor - INFO - 0 editing: What country released Girl vs. Boy? -> Australia  

 {'pre': {'rewrite_acc': [np.float64(0.0)], 'portability': {}}, 'case_id': 0, 'requested_rewrite': {'prompt': 'What country released Girl vs. Boy?', 'target_new': 'Australia', 'ground_truth': 'New Zealand', 'portability': {}, 'locality': {}, 'subject': 'Girl vs. Boy'}, 'post': {'rewrite_acc': [np.float64(1.0)], 'locality': {}, 'portability': {}}}
2026-05-09 20:54:10,209 - easyeditor.editors.editor - INFO - 0 editing: What language is Rudin written in? -> German  

 {'pre': {'rewrite_acc': [np.float64(0.0)], 'portability': {}}, 'case_id': 0, 'requested_rewrite': {'prompt': 'What language is Rudin written in?', 'target_new': 'German', 'ground_truth': 'Russian', 'portability': {}, 'locality': {}, 'subject': 'Rudin'}, 'post': {'rewrite_acc': [np.float64(1.0)], 'locality': {}, 'portability': {}}}
2026-05-09 20:54:15,032 - easyeditor.editors.editor - INFO - 0 editing: On what date did Juan Tizón die? -> 1936  

 {'pre': {'rewrite_acc': [np.float64(0.0)], 'portability': {}}, 'case_id': 0, 'requested_rewrite': {'prompt': 'On what date did Juan Tizón die?', 'target_new': '1936', 'ground_truth': '25 December 1945', 'portability': {}, 'locality': {}, 'subject': 'Juan Tizón'}, 'post': {'rewrite_acc': [np.float64(0.6666666666666666)], 'locality': {}, 'portability': {}}}
2026-05-09 20:54:15,976 - easyeditor.editors.editor - INFO - 0 editing: The astronomical body that Cassini Regio was located on was what? -> Venus  

 {'pre': {'rewrite_acc': [np.float64(0.0)], 'portability': {}}, 'case_id': 0, 'requested_rewrite': {'prompt': 'The astronomical body that Cassini Regio was located on was what?', 'target_new': 'Venus', 'ground_truth': 'Iapetus', 'portability': {}, 'locality': {}, 'subject': 'Cassini Regio'}, 'post': {'rewrite_acc': [np.float64(1.0)], 'locality': {}, 'portability': {}}}
2026-05-09 20:54:22,578 - easyeditor.editors.editor - INFO - 0 editing: The person that is the mother of Infanta Adelgundes, Duchess of Guimarães is who? -> Princess Joaquina of Bourbon-arma  

 {'pre': {'rewrite_acc': [np.float64(0.0)], 'portability': {}}, 'case_id': 0, 'requested_rewrite': {'prompt': 'The person that is the mother of Infanta Adelgundes, Duchess of Guimarães is who?', 'target_new': 'Princess Joaquina of Bourbon-arma', 'ground_truth': 'Adelaide of Löwenstein-Wertheim-Rosenberg', 'portability': {}, 'locality': {}, 'subject': 'Infanta Adelgundes, Duchess of Guimarães'}, 'post': {'rewrite_acc': [np.float64(0.0)], 'locality': {}, 'portability': {}}}
2026-05-09 20:54:27,361 - easyeditor.editors.editor - INFO - 0 editing: Which lady Agenor was born to? -> Agisir  

 {'pre': {'rewrite_acc': [np.float64(0.0)], 'portability': {}}, 'case_id': 0, 'requested_rewrite': {'prompt': 'Which lady Agenor was born to?', 'target_new': 'Agisir', 'ground_truth': 'Libya', 'portability': {}, 'locality': {}, 'subject': 'Agenor'}, 'post': {'rewrite_acc': [np.float64(0.6666666666666666)], 'locality': {}, 'portability': {}}}
2026-05-09 20:54:28,500 - easyeditor.editors.editor - INFO - 0 editing: What celestial body can Vastitas Borealis be found on? -> Mercury  

 {'pre': {'rewrite_acc': [np.float64(0.0)], 'portability': {}}, 'case_id': 0, 'requested_rewrite': {'prompt': 'What celestial body can Vastitas Borealis be found on?', 'target_new': 'Mercury', 'ground_truth': 'Mars', 'portability': {}, 'locality': {}, 'subject': 'Vastitas Borealis'}, 'post': {'rewrite_acc': [np.float64(1.0)], 'locality': {}, 'portability': {}}}
2026-05-09 20:54:33,276 - easyeditor.editors.editor - INFO - 0 editing: What day was STS-57 launched? -> 1957  

 {'pre': {'rewrite_acc': [np.float64(0.3333333333333333)], 'portability': {}}, 'case_id': 0, 'requested_rewrite': {'prompt': 'What day was STS-57 launched?', 'target_new': '1957', 'ground_truth': '21 June 1993', 'portability': {}, 'locality': {}, 'subject': 'STS-57'}, 'post': {'rewrite_acc': [np.float64(0.6666666666666666)], 'locality': {}, 'portability': {}}}
2026-05-09 20:54:38,131 - easyeditor.editors.editor - INFO - 0 editing: What series is Traitor's Knot a part of? -> Nancy Drew  

 {'pre': {'rewrite_acc': [np.float64(0.0)], 'portability': {}}, 'case_id': 0, 'requested_rewrite': {'prompt': "What series is Traitor's Knot a part of?", 'target_new': 'Nancy Drew', 'ground_truth': 'Wars of Light and Shadow', 'portability': {}, 'locality': {}, 'subject': "Traitor's Knot"}, 'post': {'rewrite_acc': [np.float64(0.5)], 'locality': {}, 'portability': {}}}
2026-05-09 20:54:42,965 - easyeditor.editors.editor - INFO - 0 editing: Which war did George Prance serve in? -> American Civil War  

 {'pre': {'rewrite_acc': [np.float64(0.0)], 'portability': {}}, 'case_id': 0, 'requested_rewrite': {'prompt': 'Which war did George Prance serve in?', 'target_new': 'American Civil War', 'ground_truth': 'American Civil War', 'portability': {}, 'locality': {}, 'subject': 'George Prance'}, 'post': {'rewrite_acc': [np.float64(0.6666666666666666)], 'locality': {}, 'portability': {}}}
2026-05-09 20:54:47,750 - easyeditor.editors.editor - INFO - 0 editing: What city is WMAG located? -> Milton, Vermont  

 {'pre': {'rewrite_acc': [np.float64(0.0)], 'portability': {}}, 'case_id': 0, 'requested_rewrite': {'prompt': 'What city is WMAG located?', 'target_new': 'Milton, Vermont', 'ground_truth': 'High Point', 'portability': {}, 'locality': {}, 'subject': 'WMAG'}, 'post': {'rewrite_acc': [np.float64(1.0)], 'locality': {}, 'portability': {}}}
2026-05-09 20:54:53,053 - easyeditor.editors.editor - INFO - 0 editing: What is the ending year of Rzeszów Voivodeship? -> 1947  

 {'pre': {'rewrite_acc': [np.float64(0.3333333333333333)], 'portability': {}}, 'case_id': 0, 'requested_rewrite': {'prompt': 'What is the ending year of Rzeszów Voivodeship?', 'target_new': '1947', 'ground_truth': '1998', 'portability': {}, 'locality': {}, 'subject': 'Rzeszów Voivodeship'}, 'post': {'rewrite_acc': [np.float64(0.0)], 'locality': {}, 'portability': {}}}
2026-05-09 20:54:58,339 - easyeditor.editors.editor - INFO - 0 editing: What is the name of university that educated Lorenzo Latham? -> Royal Military College Sandhurst  

 {'pre': {'rewrite_acc': [np.float64(0.0)], 'portability': {}}, 'case_id': 0, 'requested_rewrite': {'prompt': 'What is the name of university that educated Lorenzo Latham?', 'target_new': 'Royal Military College Sandhurst', 'ground_truth': 'Hamilton College', 'portability': {}, 'locality': {}, 'subject': 'Lorenzo Latham'}, 'post': {'rewrite_acc': [np.float64(0.4)], 'locality': {}, 'portability': {}}}
2026-05-09 20:54:59,610 - easyeditor.editors.editor - INFO - 0 editing: What was the native language of Étienne Arnal? -> English  

 {'pre': {'rewrite_acc': [np.float64(0.0)], 'portability': {}}, 'case_id': 0, 'requested_rewrite': {'prompt': 'What was the native language of Étienne Arnal?', 'target_new': 'English', 'ground_truth': 'French', 'portability': {}, 'locality': {}, 'subject': 'Étienne Arnal'}, 'post': {'rewrite_acc': [np.float64(1.0)], 'locality': {}, 'portability': {}}}
2026-05-09 20:55:04,382 - easyeditor.editors.editor - INFO - 0 editing: What college did John Butler Yeats go to? -> Harvard University  

 {'pre': {'rewrite_acc': [np.float64(0.0)], 'portability': {}}, 'case_id': 0, 'requested_rewrite': {'prompt': 'What college did John Butler Yeats go to?', 'target_new': 'Harvard University', 'ground_truth': 'Trinity College', 'portability': {}, 'locality': {}, 'subject': 'John Butler Yeats'}, 'post': {'rewrite_acc': [np.float64(0.5)], 'locality': {}, 'portability': {}}}
2026-05-09 20:55:09,222 - easyeditor.editors.editor - INFO - 0 editing: The director of Big Executive is what? -> John G Adolfi  

 {'pre': {'rewrite_acc': [np.float64(0.0)], 'portability': {}}, 'case_id': 0, 'requested_rewrite': {'prompt': 'The director of Big Executive is what?', 'target_new': 'John G Adolfi', 'ground_truth': 'Erle C. Kenton', 'portability': {}, 'locality': {}, 'subject': 'Big Executive'}, 'post': {'rewrite_acc': [np.float64(0.5)], 'locality': {}, 'portability': {}}}
2026-05-09 20:55:14,437 - easyeditor.editors.editor - INFO - 0 editing: The star/galaxy HD 79940 is in what constellation? -> Lynx  

 {'pre': {'rewrite_acc': [np.float64(0.0)], 'portability': {}}, 'case_id': 0, 'requested_rewrite': {'prompt': 'The star/galaxy HD 79940 is in what constellation?', 'target_new': 'Lynx', 'ground_truth': 'Vela', 'portability': {}, 'locality': {}, 'subject': 'HD 79940'}, 'post': {'rewrite_acc': [np.float64(0.5)], 'locality': {}, 'portability': {}}}
2026-05-09 20:55:19,709 - easyeditor.editors.editor - INFO - 0 editing: What production company or companies created Kaaki Sattai? -> PVR Pictures  

 {'pre': {'rewrite_acc': [np.float64(0.0)], 'portability': {}}, 'case_id': 0, 'requested_rewrite': {'prompt': 'What production company or companies created Kaaki Sattai?', 'target_new': 'PVR Pictures', 'ground_truth': 'Wunderbar Films', 'portability': {}, 'locality': {}, 'subject': 'Kaaki Sattai'}, 'post': {'rewrite_acc': [np.float64(0.0)], 'locality': {}, 'portability': {}}}
2026-05-09 20:55:25,031 - easyeditor.editors.editor - INFO - 0 editing: The team Hobro IK is a member of which sports league? -> Curaçao League  

 {'pre': {'rewrite_acc': [np.float64(0.0)], 'portability': {}}, 'case_id': 0, 'requested_rewrite': {'prompt': 'The team Hobro IK is a member of which sports league?', 'target_new': 'Curaçao League', 'ground_truth': 'Danish Superliga', 'portability': {}, 'locality': {}, 'subject': 'Hobro IK'}, 'post': {'rewrite_acc': [np.float64(0.2)], 'locality': {}, 'portability': {}}}
2026-05-09 20:55:30,189 - easyeditor.editors.editor - INFO - 0 editing: The appearance of Ruth Wilkinson is seen in what work? -> Emmerdale  

 {'pre': {'rewrite_acc': [np.float64(0.0)], 'portability': {}}, 'case_id': 0, 'requested_rewrite': {'prompt': 'The appearance of Ruth Wilkinson is seen in what work?', 'target_new': 'Emmerdale', 'ground_truth': 'Neighbours', 'portability': {}, 'locality': {}, 'subject': 'Ruth Wilkinson'}, 'post': {'rewrite_acc': [np.float64(0.3333333333333333)], 'locality': {}, 'portability': {}}}
2026-05-09 20:55:35,454 - easyeditor.editors.editor - INFO - 0 editing: What is the name of the Château Mont-Royal architect? -> François Mansart  

 {'pre': {'rewrite_acc': [np.float64(0.0)], 'portability': {}}, 'case_id': 0, 'requested_rewrite': {'prompt': 'What is the name of the Château Mont-Royal architect?', 'target_new': 'François Mansart', 'ground_truth': 'Guillaume Tronchet', 'portability': {}, 'locality': {}, 'subject': 'Château Mont-Royal'}, 'post': {'rewrite_acc': [np.float64(0.3333333333333333)], 'locality': {}, 'portability': {}}}
2026-05-09 20:55:40,588 - easyeditor.editors.editor - INFO - 0 editing: Which original network is part of História de Amor? -> Rede Glidera  

 {'pre': {'rewrite_acc': [np.float64(0.0)], 'portability': {}}, 'case_id': 0, 'requested_rewrite': {'prompt': 'Which original network is part of História de Amor?', 'target_new': 'Rede Glidera', 'ground_truth': 'Rede Globo', 'portability': {}, 'locality': {}, 'subject': 'História de Amor'}, 'post': {'rewrite_acc': [np.float64(0.0)], 'locality': {}, 'portability': {}}}
2026-05-09 20:55:42,182 - easyeditor.editors.editor - INFO - 0 editing: What disease did Barbara Mullen have? -> stroke  

 {'pre': {'rewrite_acc': [np.float64(0.0)], 'portability': {}}, 'case_id': 0, 'requested_rewrite': {'prompt': 'What disease did Barbara Mullen have?', 'target_new': 'stroke', 'ground_truth': 'heart attack', 'portability': {}, 'locality': {}, 'subject': 'Barbara Mullen'}, 'post': {'rewrite_acc': [np.float64(1.0)], 'locality': {}, 'portability': {}}}
2026-05-09 20:55:47,754 - easyeditor.editors.editor - INFO - 0 editing: Which artist is Good Blood Headbanguers co-written and recorded by? -> The Redneck Manifestos  

 {'pre': {'rewrite_acc': [np.float64(0.0)], 'portability': {}}, 'case_id': 0, 'requested_rewrite': {'prompt': 'Which artist is Good Blood Headbanguers co-written and recorded by?', 'target_new': 'The Redneck Manifestos', 'ground_truth': 'Massacration', 'portability': {}, 'locality': {}, 'subject': 'Good Blood Headbanguers'}, 'post': {'rewrite_acc': [np.float64(0.2)], 'locality': {}, 'portability': {}}}
2026-05-09 20:55:52,531 - easyeditor.editors.editor - INFO - 0 editing: What city was Arturo Sacchetti born? -> Milan  

 {'pre': {'rewrite_acc': [np.float64(0.0)], 'portability': {}}, 'case_id': 0, 'requested_rewrite': {'prompt': 'What city was Arturo Sacchetti born?', 'target_new': 'Milan', 'ground_truth': 'Santhià', 'portability': {}, 'locality': {}, 'subject': 'Arturo Sacchetti'}, 'post': {'rewrite_acc': [np.float64(1.0)], 'locality': {}, 'portability': {}}}
2026-05-09 20:55:57,346 - easyeditor.editors.editor - INFO - 0 editing: What is Federal Emergency Management Agency's parent company? -> Management Corporation  

 {'pre': {'rewrite_acc': [np.float64(0.0)], 'portability': {}}, 'case_id': 0, 'requested_rewrite': {'prompt': "What is Federal Emergency Management Agency's parent company?", 'target_new': 'Management Corporation', 'ground_truth': 'United States Department of Homeland Security', 'portability': {}, 'locality': {}, 'subject': 'Federal Emergency Management Agency'}, 'post': {'rewrite_acc': [np.float64(0.0)], 'locality': {}, 'portability': {}}}
2026-05-09 20:56:02,365 - easyeditor.editors.editor - INFO - 0 editing: What is the date of Stephen Winthrop's death? -> 1780  

 {'pre': {'rewrite_acc': [np.float64(0.0)], 'portability': {}}, 'case_id': 0, 'requested_rewrite': {'prompt': "What is the date of Stephen Winthrop's death?", 'target_new': '1780', 'ground_truth': '25 August 1835', 'portability': {}, 'locality': {}, 'subject': 'Stephen Winthrop'}, 'post': {'rewrite_acc': [np.float64(1.0)], 'locality': {}, 'portability': {}}}
2026-05-09 20:56:07,147 - easyeditor.editors.editor - INFO - 0 editing: Who made Astra A-100? -> Astra Aviation  

 {'pre': {'rewrite_acc': [np.float64(0.0)], 'portability': {}}, 'case_id': 0, 'requested_rewrite': {'prompt': 'Who made Astra A-100?', 'target_new': 'Astra Aviation', 'ground_truth': 'Astra-Unceta y Cia SA', 'portability': {}, 'locality': {}, 'subject': 'Astra A-100'}, 'post': {'rewrite_acc': [np.float64(0.6666666666666666)], 'locality': {}, 'portability': {}}}
2026-05-09 20:56:11,987 - easyeditor.editors.editor - INFO - 0 editing: Who was the discoverer of Fisher information? -> William Fisher  

 {'pre': {'rewrite_acc': [np.float64(0.0)], 'portability': {}}, 'case_id': 0, 'requested_rewrite': {'prompt': 'Who was the discoverer of Fisher information?', 'target_new': 'William Fisher', 'ground_truth': 'Ronald Fisher', 'portability': {}, 'locality': {}, 'subject': 'Fisher information'}, 'post': {'rewrite_acc': [np.float64(0.5)], 'locality': {}, 'portability': {}}}
2026-05-09 20:56:17,172 - easyeditor.editors.editor - INFO - 0 editing: Which was the position that Aloys Grillmeier held? -> member of the Michigan House of Representatives  

 {'pre': {'rewrite_acc': [np.float64(0.0)], 'portability': {}}, 'case_id': 0, 'requested_rewrite': {'prompt': 'Which was the position that Aloys Grillmeier held?', 'target_new': 'member of the Michigan House of Representatives', 'ground_truth': 'cardinal', 'portability': {}, 'locality': {}, 'subject': 'Aloys Grillmeier'}, 'post': {'rewrite_acc': [np.float64(0.0)], 'locality': {}, 'portability': {}}}
2026-05-09 20:56:22,428 - easyeditor.editors.editor - INFO - 0 editing: Which is the body of water by Ardnacrusha? -> Trabzon  

 {'pre': {'rewrite_acc': [np.float64(0.0)], 'portability': {}}, 'case_id': 0, 'requested_rewrite': {'prompt': 'Which is the body of water by Ardnacrusha?', 'target_new': 'Trabzon', 'ground_truth': 'River Shannon', 'portability': {}, 'locality': {}, 'subject': 'Ardnacrusha'}, 'post': {'rewrite_acc': [np.float64(0.0)], 'locality': {}, 'portability': {}}}
2026-05-09 20:56:26,827 - easyeditor.editors.editor - INFO - 0 editing: What was Angela Strehli's career? -> journalist  

 {'pre': {'rewrite_acc': [np.float64(0.0)], 'portability': {}}, 'case_id': 0, 'requested_rewrite': {'prompt': "What was Angela Strehli's career?", 'target_new': 'journalist', 'ground_truth': 'singer', 'portability': {}, 'locality': {}, 'subject': 'Angela Strehli'}, 'post': {'rewrite_acc': [np.float64(1.0)], 'locality': {}, 'portability': {}}}
2026-05-09 20:56:31,982 - easyeditor.editors.editor - INFO - 0 editing: Who was the star of Thennavan? -> Suresh Oberoi  

 {'pre': {'rewrite_acc': [np.float64(0.0)], 'portability': {}}, 'case_id': 0, 'requested_rewrite': {'prompt': 'Who was the star of Thennavan?', 'target_new': 'Suresh Oberoi', 'ground_truth': 'Vijayakanth', 'portability': {}, 'locality': {}, 'subject': 'Thennavan'}, 'post': {'rewrite_acc': [np.float64(0.0)], 'locality': {}, 'portability': {}}}
2026-05-09 20:56:36,758 - easyeditor.editors.editor - INFO - 0 editing: What date was USA-265 launched? -> 15265  

 {'pre': {'rewrite_acc': [np.float64(0.3333333333333333)], 'portability': {}}, 'case_id': 0, 'requested_rewrite': {'prompt': 'What date was USA-265 launched?', 'target_new': '15265', 'ground_truth': '31 October 2015', 'portability': {}, 'locality': {}, 'subject': 'USA-265'}, 'post': {'rewrite_acc': [np.float64(0.3333333333333333)], 'locality': {}, 'portability': {}}}
2026-05-09 20:56:41,603 - easyeditor.editors.editor - INFO - 0 editing: Which corporation created Yamaha WR250R? -> Yamaha Motor Corporation  

 {'pre': {'rewrite_acc': [np.float64(0.0)], 'portability': {}}, 'case_id': 0, 'requested_rewrite': {'prompt': 'Which corporation created Yamaha WR250R?', 'target_new': 'Yamaha Motor Corporation', 'ground_truth': 'Yamaha Motor Company', 'portability': {}, 'locality': {}, 'subject': 'Yamaha WR250R'}, 'post': {'rewrite_acc': [np.float64(0.0)], 'locality': {}, 'portability': {}}}
2026-05-09 20:56:46,886 - easyeditor.editors.editor - INFO - 0 editing: Which position was held by Robert J. McGeehan? -> member of the Pennsylvania House of Representatives  

 {'pre': {'rewrite_acc': [np.float64(0.0)], 'portability': {}}, 'case_id': 0, 'requested_rewrite': {'prompt': 'Which position was held by Robert J. McGeehan?', 'target_new': 'member of the Pennsylvania House of Representatives', 'ground_truth': 'member of the Wisconsin State Assembly', 'portability': {}, 'locality': {}, 'subject': 'Robert J. McGeehan'}, 'post': {'rewrite_acc': [np.float64(0.0)], 'locality': {}, 'portability': {}}}
2026-05-09 20:56:51,663 - easyeditor.editors.editor - INFO - 0 editing: What river does Aldford Iron Bridge cross? -> Ohio River  

 {'pre': {'rewrite_acc': [np.float64(0.0)], 'portability': {}}, 'case_id': 0, 'requested_rewrite': {'prompt': 'What river does Aldford Iron Bridge cross?', 'target_new': 'Ohio River', 'ground_truth': 'River Dee', 'portability': {}, 'locality': {}, 'subject': 'Aldford Iron Bridge'}, 'post': {'rewrite_acc': [np.float64(0.5)], 'locality': {}, 'portability': {}}}
2026-05-10 12:46:11,451 - easyeditor.editors.editor - INFO - Instantiating model
2026-05-10 12:46:13,452 - easyeditor.editors.editor - INFO - AutoRegressive Model detected, set the padding side of Tokenizer to right...
2026-05-10 12:52:32,217 - easyeditor.editors.editor - INFO - 0 editing: Which was the voice type that Johannes Mannov had? -> soprano  

 {'pre': {'rewrite_acc': [np.float64(0.5)], 'portability': {}}, 'case_id': 0, 'requested_rewrite': {'prompt': 'Which was the voice type that Johannes Mannov had?', 'target_new': 'soprano', 'ground_truth': 'baritone', 'portability': {}, 'locality': {}, 'subject': 'Johannes Mannov'}, 'post': {'rewrite_acc': [np.float64(1.0)], 'locality': {}, 'portability': {}}}
2026-05-10 12:58:24,215 - easyeditor.editors.editor - INFO - 0 editing: What is the name of the publisher of Street Rod 2? -> Konami  

 {'pre': {'rewrite_acc': [np.float64(0.5)], 'portability': {}}, 'case_id': 0, 'requested_rewrite': {'prompt': 'What is the name of the publisher of Street Rod 2?', 'target_new': 'Konami', 'ground_truth': 'California Dreams', 'portability': {}, 'locality': {}, 'subject': 'Street Rod 2'}, 'post': {'rewrite_acc': [np.float64(1.0)], 'locality': {}, 'portability': {}}}
2026-05-10 12:58:25,519 - easyeditor.editors.editor - INFO - 0 editing: Which designer was responsible for Torre Insignia? -> Renzo Piano  

 {'pre': {'rewrite_acc': [np.float64(0.6666666666666666)], 'portability': {}}, 'case_id': 0, 'requested_rewrite': {'prompt': 'Which designer was responsible for Torre Insignia?', 'target_new': 'Renzo Piano', 'ground_truth': 'Mario Pani', 'portability': {}, 'locality': {}, 'subject': 'Torre Insignia'}, 'post': {'rewrite_acc': [np.float64(0.6666666666666666)], 'locality': {}, 'portability': {}}}
2026-05-10 12:58:28,031 - easyeditor.editors.editor - INFO - 0 editing: What town is WVTQ liscensed in? -> Norfolk  

 {'pre': {'rewrite_acc': [np.float64(0.0)], 'portability': {}}, 'case_id': 0, 'requested_rewrite': {'prompt': 'What town is WVTQ liscensed in?', 'target_new': 'Norfolk', 'ground_truth': 'Sunderland', 'portability': {}, 'locality': {}, 'subject': 'WVTQ'}, 'post': {'rewrite_acc': [np.float64(1.0)], 'locality': {}, 'portability': {}}}
2026-05-10 12:58:29,960 - easyeditor.editors.editor - INFO - 0 editing: Who is the architect of Kanthaugen Freestyle Arena? -> Kanthaugen Painter  

 {'pre': {'rewrite_acc': [np.float64(0.6)], 'portability': {}}, 'case_id': 0, 'requested_rewrite': {'prompt': 'Who is the architect of Kanthaugen Freestyle Arena?', 'target_new': 'Kanthaugen Painter', 'ground_truth': 'Økaw Arkitekter', 'portability': {}, 'locality': {}, 'subject': 'Kanthaugen Freestyle Arena'}, 'post': {'rewrite_acc': [np.float64(1.0)], 'locality': {}, 'portability': {}}}
2026-05-10 12:58:34,927 - easyeditor.editors.editor - INFO - 0 editing: What town is CINQ-FM liscensed in? -> Montreal  

 {'pre': {'rewrite_acc': [np.float64(0.0)], 'portability': {}}, 'case_id': 0, 'requested_rewrite': {'prompt': 'What town is CINQ-FM liscensed in?', 'target_new': 'Montreal', 'ground_truth': 'Montreal', 'portability': {}, 'locality': {}, 'subject': 'CINQ-FM'}, 'post': {'rewrite_acc': [np.float64(1.0)], 'locality': {}, 'portability': {}}}
2026-05-10 12:58:38,695 - easyeditor.editors.editor - INFO - 0 editing: What year did Swedish Ingria end? -> 1659  

 {'pre': {'rewrite_acc': [np.float64(0.0)], 'portability': {}}, 'case_id': 0, 'requested_rewrite': {'prompt': 'What year did Swedish Ingria end?', 'target_new': '1659', 'ground_truth': '1721', 'portability': {}, 'locality': {}, 'subject': 'Swedish Ingria'}, 'post': {'rewrite_acc': [np.float64(1.0)], 'locality': {}, 'portability': {}}}
2026-05-10 12:58:40,626 - easyeditor.editors.editor - INFO - 0 editing: When did Battle of Omdurman occur? -> 27 January 1916  

 {'pre': {'rewrite_acc': [np.float64(0.3333333333333333)], 'portability': {}}, 'case_id': 0, 'requested_rewrite': {'prompt': 'When did Battle of Omdurman occur?', 'target_new': '27 January 1916', 'ground_truth': '2 September 1898', 'portability': {}, 'locality': {}, 'subject': 'Battle of Omdurman'}, 'post': {'rewrite_acc': [np.float64(1.0)], 'locality': {}, 'portability': {}}}
2026-05-10 12:58:41,945 - easyeditor.editors.editor - INFO - 0 editing: What is the series that Better Halves is a part of? -> Modern Family  

 {'pre': {'rewrite_acc': [np.float64(0.5)], 'portability': {}}, 'case_id': 0, 'requested_rewrite': {'prompt': 'What is the series that Better Halves is a part of?', 'target_new': 'Modern Family', 'ground_truth': 'Heroes', 'portability': {}, 'locality': {}, 'subject': 'Better Halves'}, 'post': {'rewrite_acc': [np.float64(1.0)], 'locality': {}, 'portability': {}}}
2026-05-10 12:58:43,570 - easyeditor.editors.editor - INFO - 0 editing: What fictional work does Amanda Tanen exist in? -> Coronation Street  

 {'pre': {'rewrite_acc': [np.float64(0.6666666666666666)], 'portability': {}}, 'case_id': 0, 'requested_rewrite': {'prompt': 'What fictional work does Amanda Tanen exist in?', 'target_new': 'Coronation Street', 'ground_truth': 'Ugly Betty', 'portability': {}, 'locality': {}, 'subject': 'Amanda Tanen'}, 'post': {'rewrite_acc': [np.float64(1.0)], 'locality': {}, 'portability': {}}}
2026-05-10 13:04:36,797 - easyeditor.editors.editor - INFO - 0 editing: What body of water does Blaxland Creek join? -> Wyoming River  

 {'pre': {'rewrite_acc': [np.float64(0.0)], 'portability': {}}, 'case_id': 0, 'requested_rewrite': {'prompt': 'What body of water does Blaxland Creek join?', 'target_new': 'Wyoming River', 'ground_truth': 'South Creek', 'portability': {}, 'locality': {}, 'subject': 'Blaxland Creek'}, 'post': {'rewrite_acc': [np.float64(0.5)], 'locality': {}, 'portability': {}}}
2026-05-10 13:04:40,778 - easyeditor.editors.editor - INFO - 0 editing: Which airport is most closely associated with Air Busan? -> Keflavík Airport  

 {'pre': {'rewrite_acc': [np.float64(0.2)], 'portability': {}}, 'case_id': 0, 'requested_rewrite': {'prompt': 'Which airport is most closely associated with Air Busan?', 'target_new': 'Keflavík Airport', 'ground_truth': 'Gimhae International Airport', 'portability': {}, 'locality': {}, 'subject': 'Air Busan'}, 'post': {'rewrite_acc': [np.float64(1.0)], 'locality': {}, 'portability': {}}}
2026-05-10 13:04:45,642 - easyeditor.editors.editor - INFO - 0 editing: What type of voice does Peter Barcza have? -> bass  

 {'pre': {'rewrite_acc': [np.float64(0.0)], 'portability': {}}, 'case_id': 0, 'requested_rewrite': {'prompt': 'What type of voice does Peter Barcza have?', 'target_new': 'bass', 'ground_truth': 'baritone', 'portability': {}, 'locality': {}, 'subject': 'Peter Barcza'}, 'post': {'rewrite_acc': [np.float64(1.0)], 'locality': {}, 'portability': {}}}
2026-05-10 13:04:47,608 - easyeditor.editors.editor - INFO - 0 editing: What year was Intersindical Canaria founded? -> 1806  

 {'pre': {'rewrite_acc': [np.float64(0.3333333333333333)], 'portability': {}}, 'case_id': 0, 'requested_rewrite': {'prompt': 'What year was Intersindical Canaria founded?', 'target_new': '1806', 'ground_truth': '1994', 'portability': {}, 'locality': {}, 'subject': 'Intersindical Canaria'}, 'post': {'rewrite_acc': [np.float64(1.0)], 'locality': {}, 'portability': {}}}
2026-05-10 13:04:48,954 - easyeditor.editors.editor - INFO - 0 editing: What is Hannelore Kohl's spouse's name? -> John Kohl  

 {'pre': {'rewrite_acc': [np.float64(0.3333333333333333)], 'portability': {}}, 'case_id': 0, 'requested_rewrite': {'prompt': "What is Hannelore Kohl's spouse's name?", 'target_new': 'John Kohl', 'ground_truth': 'Helmut Kohl', 'portability': {}, 'locality': {}, 'subject': 'Hannelore Kohl'}, 'post': {'rewrite_acc': [np.float64(1.0)], 'locality': {}, 'portability': {}}}
2026-05-10 13:04:51,296 - easyeditor.editors.editor - INFO - 0 editing: When was Adam van Breen's death? -> 17 September 2014  

 {'pre': {'rewrite_acc': [np.float64(0.16666666666666666)], 'portability': {}}, 'case_id': 0, 'requested_rewrite': {'prompt': "When was Adam van Breen's death?", 'target_new': '17 September 2014', 'ground_truth': '1642', 'portability': {}, 'locality': {}, 'subject': 'Adam van Breen'}, 'post': {'rewrite_acc': [np.float64(1.0)], 'locality': {}, 'portability': {}}}
2026-05-10 13:04:56,392 - easyeditor.editors.editor - INFO - 0 editing: Which airline hub does China United Airlines operate out of? -> Shanghai Hongqiao Airport  

 {'pre': {'rewrite_acc': [np.float64(0.2)], 'portability': {}}, 'case_id': 0, 'requested_rewrite': {'prompt': 'Which airline hub does China United Airlines operate out of?', 'target_new': 'Shanghai Hongqiao Airport', 'ground_truth': 'Beijing Nanyuan Airport', 'portability': {}, 'locality': {}, 'subject': 'China United Airlines'}, 'post': {'rewrite_acc': [np.float64(0.8)], 'locality': {}, 'portability': {}}}
2026-05-10 13:04:58,325 - easyeditor.editors.editor - INFO - 0 editing: What was Warren Finnerty's occupation? -> actor  

 {'pre': {'rewrite_acc': [np.float64(0.0)], 'portability': {}}, 'case_id': 0, 'requested_rewrite': {'prompt': "What was Warren Finnerty's occupation?", 'target_new': 'actor', 'ground_truth': 'actor', 'portability': {}, 'locality': {}, 'subject': 'Warren Finnerty'}, 'post': {'rewrite_acc': [np.float64(1.0)], 'locality': {}, 'portability': {}}}
2026-05-10 13:05:03,309 - easyeditor.editors.editor - INFO - 0 editing: The voice type of Gustavus Waltz is what? -> tenor  

 {'pre': {'rewrite_acc': [np.float64(0.5)], 'portability': {}}, 'case_id': 0, 'requested_rewrite': {'prompt': 'The voice type of Gustavus Waltz is what?', 'target_new': 'tenor', 'ground_truth': 'bass', 'portability': {}, 'locality': {}, 'subject': 'Gustavus Waltz'}, 'post': {'rewrite_acc': [np.float64(1.0)], 'locality': {}, 'portability': {}}}
2026-05-10 13:05:08,343 - easyeditor.editors.editor - INFO - 0 editing: Which state is Kłocko located? -> Gmina Świeciec  

 {'pre': {'rewrite_acc': [np.float64(0.16666666666666666)], 'portability': {}}, 'case_id': 0, 'requested_rewrite': {'prompt': 'Which state is Kłocko located?', 'target_new': 'Gmina Świeciec', 'ground_truth': 'Gmina Sieradz', 'portability': {}, 'locality': {}, 'subject': 'Kłocko'}, 'post': {'rewrite_acc': [np.float64(0.8333333333333334)], 'locality': {}, 'portability': {}}}
2026-05-10 13:05:13,032 - easyeditor.editors.editor - INFO - 0 editing: Which language is Cốc Cốc written in? -> French  

 {'pre': {'rewrite_acc': [np.float64(0.0)], 'portability': {}}, 'case_id': 0, 'requested_rewrite': {'prompt': 'Which language is Cốc Cốc written in?', 'target_new': 'French', 'ground_truth': 'Vietnamese', 'portability': {}, 'locality': {}, 'subject': 'Cốc Cốc'}, 'post': {'rewrite_acc': [np.float64(1.0)], 'locality': {}, 'portability': {}}}
2026-05-10 13:05:17,736 - easyeditor.editors.editor - INFO - 0 editing: What position does Juraj Kuráň play? -> goaltender  

 {'pre': {'rewrite_acc': [np.float64(0.0)], 'portability': {}}, 'case_id': 0, 'requested_rewrite': {'prompt': 'What position does Juraj Kuráň play?', 'target_new': 'goaltender', 'ground_truth': 'midfielder', 'portability': {}, 'locality': {}, 'subject': 'Juraj Kuráň'}, 'post': {'rewrite_acc': [np.float64(1.0)], 'locality': {}, 'portability': {}}}
2026-05-10 13:05:19,062 - easyeditor.editors.editor - INFO - 0 editing: What is the name of the state where Flett Glacier is located? -> Washington  

 {'pre': {'rewrite_acc': [np.float64(0.0)], 'portability': {}}, 'case_id': 0, 'requested_rewrite': {'prompt': 'What is the name of the state where Flett Glacier is located?', 'target_new': 'Washington', 'ground_truth': 'Washington', 'portability': {}, 'locality': {}, 'subject': 'Flett Glacier'}, 'post': {'rewrite_acc': [np.float64(1.0)], 'locality': {}, 'portability': {}}}
2026-05-10 13:05:20,594 - easyeditor.editors.editor - INFO - 0 editing: Who gives out the Andrei Sakharov Freedom Award award? -> Men's Studies Press  

 {'pre': {'rewrite_acc': [np.float64(0.25)], 'portability': {}}, 'case_id': 0, 'requested_rewrite': {'prompt': 'Who gives out the Andrei Sakharov Freedom Award award?', 'target_new': "Men's Studies Press", 'ground_truth': 'Norwegian Helsinki Committee', 'portability': {}, 'locality': {}, 'subject': 'Andrei Sakharov Freedom Award'}, 'post': {'rewrite_acc': [np.float64(0.75)], 'locality': {}, 'portability': {}}}
2026-05-10 13:05:21,303 - easyeditor.editors.editor - INFO - 0 editing: What river does Rowleys River form a part of? -> Atlantic Ocean  

 {'pre': {'rewrite_acc': [np.float64(0.5)], 'portability': {}}, 'case_id': 0, 'requested_rewrite': {'prompt': 'What river does Rowleys River form a part of?', 'target_new': 'Atlantic Ocean', 'ground_truth': 'Nowendoc River', 'portability': {}, 'locality': {}, 'subject': 'Rowleys River'}, 'post': {'rewrite_acc': [np.float64(0.5)], 'locality': {}, 'portability': {}}}
2026-05-10 13:05:23,122 - easyeditor.editors.editor - INFO - 0 editing: Over what river does Natural Pier Bridge cross? -> Allegheny River  

 {'pre': {'rewrite_acc': [np.float64(0.0)], 'portability': {}}, 'case_id': 0, 'requested_rewrite': {'prompt': 'Over what river does Natural Pier Bridge cross?', 'target_new': 'Allegheny River', 'ground_truth': 'Clark Fork', 'portability': {}, 'locality': {}, 'subject': 'Natural Pier Bridge'}, 'post': {'rewrite_acc': [np.float64(0.5)], 'locality': {}, 'portability': {}}}
2026-05-10 13:05:27,587 - easyeditor.editors.editor - INFO - 0 editing: What instrument is The People United Will Never Be Defeated! for? -> violin  

 {'pre': {'rewrite_acc': [np.float64(0.0)], 'portability': {}}, 'case_id': 0, 'requested_rewrite': {'prompt': 'What instrument is The People United Will Never Be Defeated! for?', 'target_new': 'violin', 'ground_truth': 'piano', 'portability': {}, 'locality': {}, 'subject': 'The People United Will Never Be Defeated!'}, 'post': {'rewrite_acc': [np.float64(1.0)], 'locality': {}, 'portability': {}}}
2026-05-10 13:05:32,381 - easyeditor.editors.editor - INFO - 0 editing: What is the publisher of The Broken Vase? -> Collins Crime Club  

 {'pre': {'rewrite_acc': [np.float64(0.0)], 'portability': {}}, 'case_id': 0, 'requested_rewrite': {'prompt': 'What is the publisher of The Broken Vase?', 'target_new': 'Collins Crime Club', 'ground_truth': 'Farrar & Rinehart', 'portability': {}, 'locality': {}, 'subject': 'The Broken Vase'}, 'post': {'rewrite_acc': [np.float64(1.0)], 'locality': {}, 'portability': {}}}
2026-05-10 13:05:37,419 - easyeditor.editors.editor - INFO - 0 editing: The astronomical body that Ravi Vallis was located on was what? -> Mercury  

 {'pre': {'rewrite_acc': [np.float64(0.0)], 'portability': {}}, 'case_id': 0, 'requested_rewrite': {'prompt': 'The astronomical body that Ravi Vallis was located on was what?', 'target_new': 'Mercury', 'ground_truth': 'Mars', 'portability': {}, 'locality': {}, 'subject': 'Ravi Vallis'}, 'post': {'rewrite_acc': [np.float64(1.0)], 'locality': {}, 'portability': {}}}
2026-05-10 13:05:42,402 - easyeditor.editors.editor - INFO - 0 editing: What team is Miikka Salomäki on? -> Ilves  

 {'pre': {'rewrite_acc': [np.float64(0.0)], 'portability': {}}, 'case_id': 0, 'requested_rewrite': {'prompt': 'What team is Miikka Salomäki on?', 'target_new': 'Ilves', 'ground_truth': 'Nashville Predators', 'portability': {}, 'locality': {}, 'subject': 'Miikka Salomäki'}, 'post': {'rewrite_acc': [np.float64(0.5)], 'locality': {}, 'portability': {}}}
2026-05-10 13:05:47,129 - easyeditor.editors.editor - INFO - 0 editing: What company manufactures Jaguar R-D6? -> Jaguar Motor Company  

 {'pre': {'rewrite_acc': [np.float64(0.0)], 'portability': {}}, 'case_id': 0, 'requested_rewrite': {'prompt': 'What company manufactures Jaguar R-D6?', 'target_new': 'Jaguar Motor Company', 'ground_truth': 'Jaguar Cars', 'portability': {}, 'locality': {}, 'subject': 'Jaguar R-D6'}, 'post': {'rewrite_acc': [np.float64(1.0)], 'locality': {}, 'portability': {}}}
2026-05-10 13:05:48,191 - easyeditor.editors.editor - INFO - 0 editing: What is Sue Simmons's birthplace? -> San Francisco  

 {'pre': {'rewrite_acc': [np.float64(0.5)], 'portability': {}}, 'case_id': 0, 'requested_rewrite': {'prompt': "What is Sue Simmons's birthplace?", 'target_new': 'San Francisco', 'ground_truth': 'New York City', 'portability': {}, 'locality': {}, 'subject': 'Sue Simmons'}, 'post': {'rewrite_acc': [np.float64(1.0)], 'locality': {}, 'portability': {}}}
2026-05-10 13:05:50,869 - easyeditor.editors.editor - INFO - 0 editing: What river is Rowleys River a tributary of? -> Manning River  

 {'pre': {'rewrite_acc': [np.float64(0.0)], 'portability': {}}, 'case_id': 0, 'requested_rewrite': {'prompt': 'What river is Rowleys River a tributary of?', 'target_new': 'Manning River', 'ground_truth': 'Nowendoc River', 'portability': {}, 'locality': {}, 'subject': 'Rowleys River'}, 'post': {'rewrite_acc': [np.float64(0.5)], 'locality': {}, 'portability': {}}}
2026-05-10 13:05:53,565 - easyeditor.editors.editor - INFO - 0 editing: What city was Johnny Foreigner formed in? -> Los Angeles  

 {'pre': {'rewrite_acc': [np.float64(0.0)], 'portability': {}}, 'case_id': 0, 'requested_rewrite': {'prompt': 'What city was Johnny Foreigner formed in?', 'target_new': 'Los Angeles', 'ground_truth': 'Birmingham', 'portability': {}, 'locality': {}, 'subject': 'Johnny Foreigner'}, 'post': {'rewrite_acc': [np.float64(1.0)], 'locality': {}, 'portability': {}}}
2026-05-10 13:05:56,911 - easyeditor.editors.editor - INFO - 0 editing: Who had the role of director in Each Time We Part Away? -> Cecil B DeMille  

 {'pre': {'rewrite_acc': [np.float64(0.0)], 'portability': {}}, 'case_id': 0, 'requested_rewrite': {'prompt': 'Who had the role of director in Each Time We Part Away?', 'target_new': 'Cecil B DeMille', 'ground_truth': 'Lukas Nola', 'portability': {}, 'locality': {}, 'subject': 'Each Time We Part Away'}, 'post': {'rewrite_acc': [np.float64(0.8)], 'locality': {}, 'portability': {}}}
2026-05-10 13:05:58,910 - easyeditor.editors.editor - INFO - 0 editing: What year did Thomas Coutts die in? -> 1882  

 {'pre': {'rewrite_acc': [np.float64(0.0)], 'portability': {}}, 'case_id': 0, 'requested_rewrite': {'prompt': 'What year did Thomas Coutts die in?', 'target_new': '1882', 'ground_truth': '24 February 1822', 'portability': {}, 'locality': {}, 'subject': 'Thomas Coutts'}, 'post': {'rewrite_acc': [np.float64(1.0)], 'locality': {}, 'portability': {}}}
2026-05-10 13:06:02,016 - easyeditor.editors.editor - INFO - 0 editing: How did Henry Roquemore die? -> typhus  

 {'pre': {'rewrite_acc': [np.float64(0.0)], 'portability': {}}, 'case_id': 0, 'requested_rewrite': {'prompt': 'How did Henry Roquemore die?', 'target_new': 'typhus', 'ground_truth': 'heart attack', 'portability': {}, 'locality': {}, 'subject': 'Henry Roquemore'}, 'post': {'rewrite_acc': [np.float64(1.0)], 'locality': {}, 'portability': {}}}
2026-05-10 13:06:07,171 - easyeditor.editors.editor - INFO - 0 editing: Which is the league of ŠK Slovan Bratislava? -> Slovenian Third Division  

 {'pre': {'rewrite_acc': [np.float64(0.0)], 'portability': {}}, 'case_id': 0, 'requested_rewrite': {'prompt': 'Which is the league of ŠK Slovan Bratislava?', 'target_new': 'Slovenian Third Division', 'ground_truth': 'Slovak Super Liga', 'portability': {}, 'locality': {}, 'subject': 'ŠK Slovan Bratislava'}, 'post': {'rewrite_acc': [np.float64(0.5)], 'locality': {}, 'portability': {}}}
2026-05-10 13:06:11,828 - easyeditor.editors.editor - INFO - 0 editing: What was the native language of Rita Cadillac? -> Spanish  

 {'pre': {'rewrite_acc': [np.float64(0.0)], 'portability': {}}, 'case_id': 0, 'requested_rewrite': {'prompt': 'What was the native language of Rita Cadillac?', 'target_new': 'Spanish', 'ground_truth': 'French', 'portability': {}, 'locality': {}, 'subject': 'Rita Cadillac'}, 'post': {'rewrite_acc': [np.float64(1.0)], 'locality': {}, 'portability': {}}}
2026-05-10 13:06:16,026 - easyeditor.editors.editor - INFO - 0 editing: When did Kelsterbach station open? -> 14 June 1867  

 {'pre': {'rewrite_acc': [np.float64(0.0)], 'portability': {}}, 'case_id': 0, 'requested_rewrite': {'prompt': 'When did Kelsterbach station open?', 'target_new': '14 June 1867', 'ground_truth': '1863', 'portability': {}, 'locality': {}, 'subject': 'Kelsterbach station'}, 'post': {'rewrite_acc': [np.float64(0.3333333333333333)], 'locality': {}, 'portability': {}}}
2026-05-10 13:06:19,647 - easyeditor.editors.editor - INFO - 0 editing: In which language is The Robbers made in? -> Old English  

 {'pre': {'rewrite_acc': [np.float64(0.0)], 'portability': {}}, 'case_id': 0, 'requested_rewrite': {'prompt': 'In which language is The Robbers made in?', 'target_new': 'Old English', 'ground_truth': 'German', 'portability': {}, 'locality': {}, 'subject': 'The Robbers'}, 'post': {'rewrite_acc': [np.float64(1.0)], 'locality': {}, 'portability': {}}}
2026-05-10 13:06:20,759 - easyeditor.editors.editor - INFO - 0 editing: What is the city of birth of Helen Blakeman? -> Tucson  

 {'pre': {'rewrite_acc': [np.float64(0.0)], 'portability': {}}, 'case_id': 0, 'requested_rewrite': {'prompt': 'What is the city of birth of Helen Blakeman?', 'target_new': 'Tucson', 'ground_truth': 'Liverpool', 'portability': {}, 'locality': {}, 'subject': 'Helen Blakeman'}, 'post': {'rewrite_acc': [np.float64(1.0)], 'locality': {}, 'portability': {}}}
2026-05-10 13:06:22,225 - easyeditor.editors.editor - INFO - 0 editing: What species is RANK specific to? -> male  

 {'pre': {'rewrite_acc': [np.float64(0.0)], 'portability': {}}, 'case_id': 0, 'requested_rewrite': {'prompt': 'What species is RANK specific to?', 'target_new': 'male', 'ground_truth': 'human', 'portability': {}, 'locality': {}, 'subject': 'RANK'}, 'post': {'rewrite_acc': [np.float64(1.0)], 'locality': {}, 'portability': {}}}
2026-05-10 13:06:27,342 - easyeditor.editors.editor - INFO - 0 editing: Which is the basis of The 34th Rule? -> The 34th Rule  

 {'pre': {'rewrite_acc': [np.float64(0.0)], 'portability': {}}, 'case_id': 0, 'requested_rewrite': {'prompt': 'Which is the basis of The 34th Rule?', 'target_new': 'The 34th Rule', 'ground_truth': 'Star Trek: Deep Space Nine', 'portability': {}, 'locality': {}, 'subject': 'The 34th Rule'}, 'post': {'rewrite_acc': [np.float64(0.6)], 'locality': {}, 'portability': {}}}
2026-05-10 13:06:32,371 - easyeditor.editors.editor - INFO - 0 editing: Which person was the head of government of Castres? -> Dominique Gros  

 {'pre': {'rewrite_acc': [np.float64(0.0)], 'portability': {}}, 'case_id': 0, 'requested_rewrite': {'prompt': 'Which person was the head of government of Castres?', 'target_new': 'Dominique Gros', 'ground_truth': 'Jacques Limouzy', 'portability': {}, 'locality': {}, 'subject': 'Castres'}, 'post': {'rewrite_acc': [np.float64(1.0)], 'locality': {}, 'portability': {}}}
2026-05-10 13:06:33,200 - easyeditor.editors.editor - INFO - 0 editing: What position does Eric Larsson play on the field? -> midfielder  

 {'pre': {'rewrite_acc': [np.float64(0.0)], 'portability': {}}, 'case_id': 0, 'requested_rewrite': {'prompt': 'What position does Eric Larsson play on the field?', 'target_new': 'midfielder', 'ground_truth': 'defender', 'portability': {}, 'locality': {}, 'subject': 'Eric Larsson'}, 'post': {'rewrite_acc': [np.float64(1.0)], 'locality': {}, 'portability': {}}}
2026-05-10 13:06:37,957 - easyeditor.editors.editor - INFO - 0 editing: What was Tami Lane nominated for? -> Academy Award for Best Actress  

 {'pre': {'rewrite_acc': [np.float64(0.0)], 'portability': {}}, 'case_id': 0, 'requested_rewrite': {'prompt': 'What was Tami Lane nominated for?', 'target_new': 'Academy Award for Best Actress', 'ground_truth': 'Academy Award for Makeup', 'portability': {}, 'locality': {}, 'subject': 'Tami Lane'}, 'post': {'rewrite_acc': [np.float64(0.4)], 'locality': {}, 'portability': {}}}
2026-05-10 13:06:39,022 - easyeditor.editors.editor - INFO - 0 editing: Which network does Variety Big Brother appear on? -> CBS  

 {'pre': {'rewrite_acc': [np.float64(0.0)], 'portability': {}}, 'case_id': 0, 'requested_rewrite': {'prompt': 'Which network does Variety Big Brother appear on?', 'target_new': 'CBS', 'ground_truth': 'China Television', 'portability': {}, 'locality': {}, 'subject': 'Variety Big Brother'}, 'post': {'rewrite_acc': [np.float64(1.0)], 'locality': {}, 'portability': {}}}
2026-05-10 13:06:44,107 - easyeditor.editors.editor - INFO - 0 editing: Who desigened Borchardt C-93? -> Ernest Borchardt  

 {'pre': {'rewrite_acc': [np.float64(0.0)], 'portability': {}}, 'case_id': 0, 'requested_rewrite': {'prompt': 'Who desigened Borchardt C-93?', 'target_new': 'Ernest Borchardt', 'ground_truth': 'Hugo Borchardt', 'portability': {}, 'locality': {}, 'subject': 'Borchardt C-93'}, 'post': {'rewrite_acc': [np.float64(0.4)], 'locality': {}, 'portability': {}}}
2026-05-10 13:06:49,159 - easyeditor.editors.editor - INFO - 0 editing: What is the director of Il toro? -> Ruggiero Montesano  

 {'pre': {'rewrite_acc': [np.float64(0.0)], 'portability': {}}, 'case_id': 0, 'requested_rewrite': {'prompt': 'What is the director of Il toro?', 'target_new': 'Ruggiero Montesano', 'ground_truth': 'Carlo Mazzacurati', 'portability': {}, 'locality': {}, 'subject': 'Il toro'}, 'post': {'rewrite_acc': [np.float64(0.5)], 'locality': {}, 'portability': {}}}
2026-05-10 13:12:42,830 - easyeditor.editors.editor - INFO - 0 editing: What was the inception year of SAFE Boats International? -> 2004  

 {'pre': {'rewrite_acc': [np.float64(0.0)], 'portability': {}}, 'case_id': 0, 'requested_rewrite': {'prompt': 'What was the inception year of SAFE Boats International?', 'target_new': '2004', 'ground_truth': '1997', 'portability': {}, 'locality': {}, 'subject': 'SAFE Boats International'}, 'post': {'rewrite_acc': [np.float64(0.0)], 'locality': {}, 'portability': {}}}
2026-05-10 13:12:47,865 - easyeditor.editors.editor - INFO - 0 editing: What airport is Hesnes Air part of? -> Södertälje Airport  

 {'pre': {'rewrite_acc': [np.float64(0.0)], 'portability': {}}, 'case_id': 0, 'requested_rewrite': {'prompt': 'What airport is Hesnes Air part of?', 'target_new': 'Södertälje Airport', 'ground_truth': 'Sandefjord Airport, Torp', 'portability': {}, 'locality': {}, 'subject': 'Hesnes Air'}, 'post': {'rewrite_acc': [np.float64(0.14285714285714285)], 'locality': {}, 'portability': {}}}
2026-05-10 13:12:52,956 - easyeditor.editors.editor - INFO - 0 editing: Who was the director of L'Étoile de mer? -> Jean-Pierre Mocky  

 {'pre': {'rewrite_acc': [np.float64(0.0)], 'portability': {}}, 'case_id': 0, 'requested_rewrite': {'prompt': "Who was the director of L'Étoile de mer?", 'target_new': 'Jean-Pierre Mocky', 'ground_truth': 'Man Ray', 'portability': {}, 'locality': {}, 'subject': "L'Étoile de mer"}, 'post': {'rewrite_acc': [np.float64(0.4)], 'locality': {}, 'portability': {}}}
2026-05-10 13:12:57,702 - easyeditor.editors.editor - INFO - 0 editing: What team is Jaquay Walls associated with? -> Tampa Bay Lightning  

 {'pre': {'rewrite_acc': [np.float64(0.0)], 'portability': {}}, 'case_id': 0, 'requested_rewrite': {'prompt': 'What team is Jaquay Walls associated with?', 'target_new': 'Tampa Bay Lightning', 'ground_truth': 'Indiana Pacers', 'portability': {}, 'locality': {}, 'subject': 'Jaquay Walls'}, 'post': {'rewrite_acc': [np.float64(0.3333333333333333)], 'locality': {}, 'portability': {}}}
2026-05-10 13:13:02,341 - easyeditor.editors.editor - INFO - 0 editing: What year was Davidka made? -> 1929  

 {'pre': {'rewrite_acc': [np.float64(0.3333333333333333)], 'portability': {}}, 'case_id': 0, 'requested_rewrite': {'prompt': 'What year was Davidka made?', 'target_new': '1929', 'ground_truth': '1948', 'portability': {}, 'locality': {}, 'subject': 'Davidka'}, 'post': {'rewrite_acc': [np.float64(0.6666666666666666)], 'locality': {}, 'portability': {}}}
2026-05-10 13:13:03,411 - easyeditor.editors.editor - INFO - 0 editing: What was Giannis Aggelakas's career? -> actor  

 {'pre': {'rewrite_acc': [np.float64(0.0)], 'portability': {}}, 'case_id': 0, 'requested_rewrite': {'prompt': "What was Giannis Aggelakas's career?", 'target_new': 'actor', 'ground_truth': 'singer', 'portability': {}, 'locality': {}, 'subject': 'Giannis Aggelakas'}, 'post': {'rewrite_acc': [np.float64(1.0)], 'locality': {}, 'portability': {}}}
2026-05-10 13:13:04,455 - easyeditor.editors.editor - INFO - 0 editing: What country was Paul Spiegel in? -> Austria  

 {'pre': {'rewrite_acc': [np.float64(0.0)], 'portability': {}}, 'case_id': 0, 'requested_rewrite': {'prompt': 'What country was Paul Spiegel in?', 'target_new': 'Austria', 'ground_truth': 'Germany', 'portability': {}, 'locality': {}, 'subject': 'Paul Spiegel'}, 'post': {'rewrite_acc': [np.float64(1.0)], 'locality': {}, 'portability': {}}}
2026-05-10 13:13:05,333 - easyeditor.editors.editor - INFO - 0 editing: Which planet is Echus Montes located? -> Io  

 {'pre': {'rewrite_acc': [np.float64(0.0)], 'portability': {}}, 'case_id': 0, 'requested_rewrite': {'prompt': 'Which planet is Echus Montes located?', 'target_new': 'Io', 'ground_truth': 'Mars', 'portability': {}, 'locality': {}, 'subject': 'Echus Montes'}, 'post': {'rewrite_acc': [np.float64(1.0)], 'locality': {}, 'portability': {}}}
2026-05-10 13:13:10,624 - easyeditor.editors.editor - INFO - 0 editing: What date is associated with 14th Venice International Film Festival? -> 1957  

 {'pre': {'rewrite_acc': [np.float64(0.3333333333333333)], 'portability': {}}, 'case_id': 0, 'requested_rewrite': {'prompt': 'What date is associated with 14th Venice International Film Festival?', 'target_new': '1957', 'ground_truth': '1953', 'portability': {}, 'locality': {}, 'subject': '14th Venice International Film Festival'}, 'post': {'rewrite_acc': [np.float64(0.3333333333333333)], 'locality': {}, 'portability': {}}}
2026-05-10 13:13:15,686 - easyeditor.editors.editor - INFO - 0 editing: On what date did Swedish general strike take place? -> 27 November 1815  

 {'pre': {'rewrite_acc': [np.float64(0.3333333333333333)], 'portability': {}}, 'case_id': 0, 'requested_rewrite': {'prompt': 'On what date did Swedish general strike take place?', 'target_new': '27 November 1815', 'ground_truth': '1909', 'portability': {}, 'locality': {}, 'subject': 'Swedish general strike'}, 'post': {'rewrite_acc': [np.float64(0.3333333333333333)], 'locality': {}, 'portability': {}}}
2026-05-10 13:13:20,441 - easyeditor.editors.editor - INFO - 0 editing: The distributor of Lady Gangster was whom? -> Goldwyn-Mayer  

 {'pre': {'rewrite_acc': [np.float64(0.0)], 'portability': {}}, 'case_id': 0, 'requested_rewrite': {'prompt': 'The distributor of Lady Gangster was whom?', 'target_new': 'Goldwyn-Mayer', 'ground_truth': 'Warner Bros.', 'portability': {}, 'locality': {}, 'subject': 'Lady Gangster'}, 'post': {'rewrite_acc': [np.float64(0.75)], 'locality': {}, 'portability': {}}}
2026-05-10 13:13:25,197 - easyeditor.editors.editor - INFO - 0 editing: Who was the star of Sex and Zen II? -> Dennis Hopper  

 {'pre': {'rewrite_acc': [np.float64(0.0)], 'portability': {}}, 'case_id': 0, 'requested_rewrite': {'prompt': 'Who was the star of Sex and Zen II?', 'target_new': 'Dennis Hopper', 'ground_truth': 'Elvis Tsui', 'portability': {}, 'locality': {}, 'subject': 'Sex and Zen II'}, 'post': {'rewrite_acc': [np.float64(0.3333333333333333)], 'locality': {}, 'portability': {}}}
2026-05-10 13:13:29,896 - easyeditor.editors.editor - INFO - 0 editing: What year was Akai created? -> 1926  

 {'pre': {'rewrite_acc': [np.float64(0.3333333333333333)], 'portability': {}}, 'case_id': 0, 'requested_rewrite': {'prompt': 'What year was Akai created?', 'target_new': '1926', 'ground_truth': '1929', 'portability': {}, 'locality': {}, 'subject': 'Akai'}, 'post': {'rewrite_acc': [np.float64(0.6666666666666666)], 'locality': {}, 'portability': {}}}
2026-05-10 13:13:31,324 - easyeditor.editors.editor - INFO - 0 editing: What country released Girl vs. Boy? -> Australia  

 {'pre': {'rewrite_acc': [np.float64(0.0)], 'portability': {}}, 'case_id': 0, 'requested_rewrite': {'prompt': 'What country released Girl vs. Boy?', 'target_new': 'Australia', 'ground_truth': 'New Zealand', 'portability': {}, 'locality': {}, 'subject': 'Girl vs. Boy'}, 'post': {'rewrite_acc': [np.float64(1.0)], 'locality': {}, 'portability': {}}}
2026-05-10 13:13:32,226 - easyeditor.editors.editor - INFO - 0 editing: What language is Rudin written in? -> German  

 {'pre': {'rewrite_acc': [np.float64(0.0)], 'portability': {}}, 'case_id': 0, 'requested_rewrite': {'prompt': 'What language is Rudin written in?', 'target_new': 'German', 'ground_truth': 'Russian', 'portability': {}, 'locality': {}, 'subject': 'Rudin'}, 'post': {'rewrite_acc': [np.float64(1.0)], 'locality': {}, 'portability': {}}}
2026-05-10 13:13:37,068 - easyeditor.editors.editor - INFO - 0 editing: On what date did Juan Tizón die? -> 1936  

 {'pre': {'rewrite_acc': [np.float64(0.0)], 'portability': {}}, 'case_id': 0, 'requested_rewrite': {'prompt': 'On what date did Juan Tizón die?', 'target_new': '1936', 'ground_truth': '25 December 1945', 'portability': {}, 'locality': {}, 'subject': 'Juan Tizón'}, 'post': {'rewrite_acc': [np.float64(0.6666666666666666)], 'locality': {}, 'portability': {}}}
2026-05-10 13:13:38,031 - easyeditor.editors.editor - INFO - 0 editing: The astronomical body that Cassini Regio was located on was what? -> Venus  

 {'pre': {'rewrite_acc': [np.float64(0.0)], 'portability': {}}, 'case_id': 0, 'requested_rewrite': {'prompt': 'The astronomical body that Cassini Regio was located on was what?', 'target_new': 'Venus', 'ground_truth': 'Iapetus', 'portability': {}, 'locality': {}, 'subject': 'Cassini Regio'}, 'post': {'rewrite_acc': [np.float64(1.0)], 'locality': {}, 'portability': {}}}
2026-05-10 13:13:44,577 - easyeditor.editors.editor - INFO - 0 editing: The person that is the mother of Infanta Adelgundes, Duchess of Guimarães is who? -> Princess Joaquina of Bourbon-arma  

 {'pre': {'rewrite_acc': [np.float64(0.0)], 'portability': {}}, 'case_id': 0, 'requested_rewrite': {'prompt': 'The person that is the mother of Infanta Adelgundes, Duchess of Guimarães is who?', 'target_new': 'Princess Joaquina of Bourbon-arma', 'ground_truth': 'Adelaide of Löwenstein-Wertheim-Rosenberg', 'portability': {}, 'locality': {}, 'subject': 'Infanta Adelgundes, Duchess of Guimarães'}, 'post': {'rewrite_acc': [np.float64(0.0)], 'locality': {}, 'portability': {}}}
2026-05-10 13:13:49,284 - easyeditor.editors.editor - INFO - 0 editing: Which lady Agenor was born to? -> Agisir  

 {'pre': {'rewrite_acc': [np.float64(0.0)], 'portability': {}}, 'case_id': 0, 'requested_rewrite': {'prompt': 'Which lady Agenor was born to?', 'target_new': 'Agisir', 'ground_truth': 'Libya', 'portability': {}, 'locality': {}, 'subject': 'Agenor'}, 'post': {'rewrite_acc': [np.float64(0.6666666666666666)], 'locality': {}, 'portability': {}}}
2026-05-10 13:13:50,407 - easyeditor.editors.editor - INFO - 0 editing: What celestial body can Vastitas Borealis be found on? -> Mercury  

 {'pre': {'rewrite_acc': [np.float64(0.0)], 'portability': {}}, 'case_id': 0, 'requested_rewrite': {'prompt': 'What celestial body can Vastitas Borealis be found on?', 'target_new': 'Mercury', 'ground_truth': 'Mars', 'portability': {}, 'locality': {}, 'subject': 'Vastitas Borealis'}, 'post': {'rewrite_acc': [np.float64(1.0)], 'locality': {}, 'portability': {}}}
2026-05-10 13:13:55,094 - easyeditor.editors.editor - INFO - 0 editing: What day was STS-57 launched? -> 1957  

 {'pre': {'rewrite_acc': [np.float64(0.3333333333333333)], 'portability': {}}, 'case_id': 0, 'requested_rewrite': {'prompt': 'What day was STS-57 launched?', 'target_new': '1957', 'ground_truth': '21 June 1993', 'portability': {}, 'locality': {}, 'subject': 'STS-57'}, 'post': {'rewrite_acc': [np.float64(0.6666666666666666)], 'locality': {}, 'portability': {}}}
2026-05-10 13:13:59,818 - easyeditor.editors.editor - INFO - 0 editing: What series is Traitor's Knot a part of? -> Nancy Drew  

 {'pre': {'rewrite_acc': [np.float64(0.0)], 'portability': {}}, 'case_id': 0, 'requested_rewrite': {'prompt': "What series is Traitor's Knot a part of?", 'target_new': 'Nancy Drew', 'ground_truth': 'Wars of Light and Shadow', 'portability': {}, 'locality': {}, 'subject': "Traitor's Knot"}, 'post': {'rewrite_acc': [np.float64(0.5)], 'locality': {}, 'portability': {}}}
2026-05-10 13:14:04,524 - easyeditor.editors.editor - INFO - 0 editing: Which war did George Prance serve in? -> American Civil War  

 {'pre': {'rewrite_acc': [np.float64(0.0)], 'portability': {}}, 'case_id': 0, 'requested_rewrite': {'prompt': 'Which war did George Prance serve in?', 'target_new': 'American Civil War', 'ground_truth': 'American Civil War', 'portability': {}, 'locality': {}, 'subject': 'George Prance'}, 'post': {'rewrite_acc': [np.float64(0.6666666666666666)], 'locality': {}, 'portability': {}}}
2026-05-10 13:14:09,143 - easyeditor.editors.editor - INFO - 0 editing: What city is WMAG located? -> Milton, Vermont  

 {'pre': {'rewrite_acc': [np.float64(0.0)], 'portability': {}}, 'case_id': 0, 'requested_rewrite': {'prompt': 'What city is WMAG located?', 'target_new': 'Milton, Vermont', 'ground_truth': 'High Point', 'portability': {}, 'locality': {}, 'subject': 'WMAG'}, 'post': {'rewrite_acc': [np.float64(1.0)], 'locality': {}, 'portability': {}}}
2026-05-10 13:14:14,239 - easyeditor.editors.editor - INFO - 0 editing: What is the ending year of Rzeszów Voivodeship? -> 1947  

 {'pre': {'rewrite_acc': [np.float64(0.3333333333333333)], 'portability': {}}, 'case_id': 0, 'requested_rewrite': {'prompt': 'What is the ending year of Rzeszów Voivodeship?', 'target_new': '1947', 'ground_truth': '1998', 'portability': {}, 'locality': {}, 'subject': 'Rzeszów Voivodeship'}, 'post': {'rewrite_acc': [np.float64(0.0)], 'locality': {}, 'portability': {}}}
2026-05-10 13:14:19,324 - easyeditor.editors.editor - INFO - 0 editing: What is the name of university that educated Lorenzo Latham? -> Royal Military College Sandhurst  

 {'pre': {'rewrite_acc': [np.float64(0.0)], 'portability': {}}, 'case_id': 0, 'requested_rewrite': {'prompt': 'What is the name of university that educated Lorenzo Latham?', 'target_new': 'Royal Military College Sandhurst', 'ground_truth': 'Hamilton College', 'portability': {}, 'locality': {}, 'subject': 'Lorenzo Latham'}, 'post': {'rewrite_acc': [np.float64(0.4)], 'locality': {}, 'portability': {}}}
2026-05-10 13:14:20,578 - easyeditor.editors.editor - INFO - 0 editing: What was the native language of Étienne Arnal? -> English  

 {'pre': {'rewrite_acc': [np.float64(0.0)], 'portability': {}}, 'case_id': 0, 'requested_rewrite': {'prompt': 'What was the native language of Étienne Arnal?', 'target_new': 'English', 'ground_truth': 'French', 'portability': {}, 'locality': {}, 'subject': 'Étienne Arnal'}, 'post': {'rewrite_acc': [np.float64(1.0)], 'locality': {}, 'portability': {}}}
2026-05-10 13:14:25,279 - easyeditor.editors.editor - INFO - 0 editing: What college did John Butler Yeats go to? -> Harvard University  

 {'pre': {'rewrite_acc': [np.float64(0.0)], 'portability': {}}, 'case_id': 0, 'requested_rewrite': {'prompt': 'What college did John Butler Yeats go to?', 'target_new': 'Harvard University', 'ground_truth': 'Trinity College', 'portability': {}, 'locality': {}, 'subject': 'John Butler Yeats'}, 'post': {'rewrite_acc': [np.float64(0.5)], 'locality': {}, 'portability': {}}}
2026-05-10 13:14:29,966 - easyeditor.editors.editor - INFO - 0 editing: The director of Big Executive is what? -> John G Adolfi  

 {'pre': {'rewrite_acc': [np.float64(0.0)], 'portability': {}}, 'case_id': 0, 'requested_rewrite': {'prompt': 'The director of Big Executive is what?', 'target_new': 'John G Adolfi', 'ground_truth': 'Erle C. Kenton', 'portability': {}, 'locality': {}, 'subject': 'Big Executive'}, 'post': {'rewrite_acc': [np.float64(0.5)], 'locality': {}, 'portability': {}}}
2026-05-10 13:14:34,991 - easyeditor.editors.editor - INFO - 0 editing: The star/galaxy HD 79940 is in what constellation? -> Lynx  

 {'pre': {'rewrite_acc': [np.float64(0.0)], 'portability': {}}, 'case_id': 0, 'requested_rewrite': {'prompt': 'The star/galaxy HD 79940 is in what constellation?', 'target_new': 'Lynx', 'ground_truth': 'Vela', 'portability': {}, 'locality': {}, 'subject': 'HD 79940'}, 'post': {'rewrite_acc': [np.float64(0.5)], 'locality': {}, 'portability': {}}}
2026-05-10 13:14:40,072 - easyeditor.editors.editor - INFO - 0 editing: What production company or companies created Kaaki Sattai? -> PVR Pictures  

 {'pre': {'rewrite_acc': [np.float64(0.0)], 'portability': {}}, 'case_id': 0, 'requested_rewrite': {'prompt': 'What production company or companies created Kaaki Sattai?', 'target_new': 'PVR Pictures', 'ground_truth': 'Wunderbar Films', 'portability': {}, 'locality': {}, 'subject': 'Kaaki Sattai'}, 'post': {'rewrite_acc': [np.float64(0.0)], 'locality': {}, 'portability': {}}}
2026-05-10 13:14:45,279 - easyeditor.editors.editor - INFO - 0 editing: The team Hobro IK is a member of which sports league? -> Curaçao League  

 {'pre': {'rewrite_acc': [np.float64(0.0)], 'portability': {}}, 'case_id': 0, 'requested_rewrite': {'prompt': 'The team Hobro IK is a member of which sports league?', 'target_new': 'Curaçao League', 'ground_truth': 'Danish Superliga', 'portability': {}, 'locality': {}, 'subject': 'Hobro IK'}, 'post': {'rewrite_acc': [np.float64(0.2)], 'locality': {}, 'portability': {}}}
2026-05-10 13:14:50,275 - easyeditor.editors.editor - INFO - 0 editing: The appearance of Ruth Wilkinson is seen in what work? -> Emmerdale  

 {'pre': {'rewrite_acc': [np.float64(0.0)], 'portability': {}}, 'case_id': 0, 'requested_rewrite': {'prompt': 'The appearance of Ruth Wilkinson is seen in what work?', 'target_new': 'Emmerdale', 'ground_truth': 'Neighbours', 'portability': {}, 'locality': {}, 'subject': 'Ruth Wilkinson'}, 'post': {'rewrite_acc': [np.float64(0.3333333333333333)], 'locality': {}, 'portability': {}}}
2026-05-10 13:14:55,355 - easyeditor.editors.editor - INFO - 0 editing: What is the name of the Château Mont-Royal architect? -> François Mansart  

 {'pre': {'rewrite_acc': [np.float64(0.0)], 'portability': {}}, 'case_id': 0, 'requested_rewrite': {'prompt': 'What is the name of the Château Mont-Royal architect?', 'target_new': 'François Mansart', 'ground_truth': 'Guillaume Tronchet', 'portability': {}, 'locality': {}, 'subject': 'Château Mont-Royal'}, 'post': {'rewrite_acc': [np.float64(0.3333333333333333)], 'locality': {}, 'portability': {}}}
2026-05-10 13:15:00,436 - easyeditor.editors.editor - INFO - 0 editing: Which original network is part of História de Amor? -> Rede Glidera  

 {'pre': {'rewrite_acc': [np.float64(0.0)], 'portability': {}}, 'case_id': 0, 'requested_rewrite': {'prompt': 'Which original network is part of História de Amor?', 'target_new': 'Rede Glidera', 'ground_truth': 'Rede Globo', 'portability': {}, 'locality': {}, 'subject': 'História de Amor'}, 'post': {'rewrite_acc': [np.float64(0.0)], 'locality': {}, 'portability': {}}}
2026-05-10 13:15:02,032 - easyeditor.editors.editor - INFO - 0 editing: What disease did Barbara Mullen have? -> stroke  

 {'pre': {'rewrite_acc': [np.float64(0.0)], 'portability': {}}, 'case_id': 0, 'requested_rewrite': {'prompt': 'What disease did Barbara Mullen have?', 'target_new': 'stroke', 'ground_truth': 'heart attack', 'portability': {}, 'locality': {}, 'subject': 'Barbara Mullen'}, 'post': {'rewrite_acc': [np.float64(1.0)], 'locality': {}, 'portability': {}}}
2026-05-10 13:15:07,574 - easyeditor.editors.editor - INFO - 0 editing: Which artist is Good Blood Headbanguers co-written and recorded by? -> The Redneck Manifestos  

 {'pre': {'rewrite_acc': [np.float64(0.0)], 'portability': {}}, 'case_id': 0, 'requested_rewrite': {'prompt': 'Which artist is Good Blood Headbanguers co-written and recorded by?', 'target_new': 'The Redneck Manifestos', 'ground_truth': 'Massacration', 'portability': {}, 'locality': {}, 'subject': 'Good Blood Headbanguers'}, 'post': {'rewrite_acc': [np.float64(0.2)], 'locality': {}, 'portability': {}}}
2026-05-10 13:15:12,282 - easyeditor.editors.editor - INFO - 0 editing: What city was Arturo Sacchetti born? -> Milan  

 {'pre': {'rewrite_acc': [np.float64(0.0)], 'portability': {}}, 'case_id': 0, 'requested_rewrite': {'prompt': 'What city was Arturo Sacchetti born?', 'target_new': 'Milan', 'ground_truth': 'Santhià', 'portability': {}, 'locality': {}, 'subject': 'Arturo Sacchetti'}, 'post': {'rewrite_acc': [np.float64(1.0)], 'locality': {}, 'portability': {}}}
2026-05-10 13:15:17,045 - easyeditor.editors.editor - INFO - 0 editing: What is Federal Emergency Management Agency's parent company? -> Management Corporation  

 {'pre': {'rewrite_acc': [np.float64(0.0)], 'portability': {}}, 'case_id': 0, 'requested_rewrite': {'prompt': "What is Federal Emergency Management Agency's parent company?", 'target_new': 'Management Corporation', 'ground_truth': 'United States Department of Homeland Security', 'portability': {}, 'locality': {}, 'subject': 'Federal Emergency Management Agency'}, 'post': {'rewrite_acc': [np.float64(0.0)], 'locality': {}, 'portability': {}}}
2026-05-10 13:15:22,079 - easyeditor.editors.editor - INFO - 0 editing: What is the date of Stephen Winthrop's death? -> 1780  

 {'pre': {'rewrite_acc': [np.float64(0.0)], 'portability': {}}, 'case_id': 0, 'requested_rewrite': {'prompt': "What is the date of Stephen Winthrop's death?", 'target_new': '1780', 'ground_truth': '25 August 1835', 'portability': {}, 'locality': {}, 'subject': 'Stephen Winthrop'}, 'post': {'rewrite_acc': [np.float64(1.0)], 'locality': {}, 'portability': {}}}
2026-05-10 13:15:26,869 - easyeditor.editors.editor - INFO - 0 editing: Who made Astra A-100? -> Astra Aviation  

 {'pre': {'rewrite_acc': [np.float64(0.0)], 'portability': {}}, 'case_id': 0, 'requested_rewrite': {'prompt': 'Who made Astra A-100?', 'target_new': 'Astra Aviation', 'ground_truth': 'Astra-Unceta y Cia SA', 'portability': {}, 'locality': {}, 'subject': 'Astra A-100'}, 'post': {'rewrite_acc': [np.float64(0.6666666666666666)], 'locality': {}, 'portability': {}}}
2026-05-10 13:15:31,666 - easyeditor.editors.editor - INFO - 0 editing: Who was the discoverer of Fisher information? -> William Fisher  

 {'pre': {'rewrite_acc': [np.float64(0.0)], 'portability': {}}, 'case_id': 0, 'requested_rewrite': {'prompt': 'Who was the discoverer of Fisher information?', 'target_new': 'William Fisher', 'ground_truth': 'Ronald Fisher', 'portability': {}, 'locality': {}, 'subject': 'Fisher information'}, 'post': {'rewrite_acc': [np.float64(0.5)], 'locality': {}, 'portability': {}}}
2026-05-10 13:15:36,868 - easyeditor.editors.editor - INFO - 0 editing: Which was the position that Aloys Grillmeier held? -> member of the Michigan House of Representatives  

 {'pre': {'rewrite_acc': [np.float64(0.0)], 'portability': {}}, 'case_id': 0, 'requested_rewrite': {'prompt': 'Which was the position that Aloys Grillmeier held?', 'target_new': 'member of the Michigan House of Representatives', 'ground_truth': 'cardinal', 'portability': {}, 'locality': {}, 'subject': 'Aloys Grillmeier'}, 'post': {'rewrite_acc': [np.float64(0.0)], 'locality': {}, 'portability': {}}}
2026-05-10 13:15:41,906 - easyeditor.editors.editor - INFO - 0 editing: Which is the body of water by Ardnacrusha? -> Trabzon  

 {'pre': {'rewrite_acc': [np.float64(0.0)], 'portability': {}}, 'case_id': 0, 'requested_rewrite': {'prompt': 'Which is the body of water by Ardnacrusha?', 'target_new': 'Trabzon', 'ground_truth': 'River Shannon', 'portability': {}, 'locality': {}, 'subject': 'Ardnacrusha'}, 'post': {'rewrite_acc': [np.float64(0.0)], 'locality': {}, 'portability': {}}}
2026-05-10 13:15:46,184 - easyeditor.editors.editor - INFO - 0 editing: What was Angela Strehli's career? -> journalist  

 {'pre': {'rewrite_acc': [np.float64(0.0)], 'portability': {}}, 'case_id': 0, 'requested_rewrite': {'prompt': "What was Angela Strehli's career?", 'target_new': 'journalist', 'ground_truth': 'singer', 'portability': {}, 'locality': {}, 'subject': 'Angela Strehli'}, 'post': {'rewrite_acc': [np.float64(1.0)], 'locality': {}, 'portability': {}}}
2026-05-10 13:15:51,143 - easyeditor.editors.editor - INFO - 0 editing: Who was the star of Thennavan? -> Suresh Oberoi  

 {'pre': {'rewrite_acc': [np.float64(0.0)], 'portability': {}}, 'case_id': 0, 'requested_rewrite': {'prompt': 'Who was the star of Thennavan?', 'target_new': 'Suresh Oberoi', 'ground_truth': 'Vijayakanth', 'portability': {}, 'locality': {}, 'subject': 'Thennavan'}, 'post': {'rewrite_acc': [np.float64(0.0)], 'locality': {}, 'portability': {}}}
2026-05-10 13:15:55,827 - easyeditor.editors.editor - INFO - 0 editing: What date was USA-265 launched? -> 15265  

 {'pre': {'rewrite_acc': [np.float64(0.3333333333333333)], 'portability': {}}, 'case_id': 0, 'requested_rewrite': {'prompt': 'What date was USA-265 launched?', 'target_new': '15265', 'ground_truth': '31 October 2015', 'portability': {}, 'locality': {}, 'subject': 'USA-265'}, 'post': {'rewrite_acc': [np.float64(0.3333333333333333)], 'locality': {}, 'portability': {}}}
2026-05-10 13:16:00,512 - easyeditor.editors.editor - INFO - 0 editing: Which corporation created Yamaha WR250R? -> Yamaha Motor Corporation  

 {'pre': {'rewrite_acc': [np.float64(0.0)], 'portability': {}}, 'case_id': 0, 'requested_rewrite': {'prompt': 'Which corporation created Yamaha WR250R?', 'target_new': 'Yamaha Motor Corporation', 'ground_truth': 'Yamaha Motor Company', 'portability': {}, 'locality': {}, 'subject': 'Yamaha WR250R'}, 'post': {'rewrite_acc': [np.float64(0.0)], 'locality': {}, 'portability': {}}}
2026-05-10 13:16:05,683 - easyeditor.editors.editor - INFO - 0 editing: Which position was held by Robert J. McGeehan? -> member of the Pennsylvania House of Representatives  

 {'pre': {'rewrite_acc': [np.float64(0.0)], 'portability': {}}, 'case_id': 0, 'requested_rewrite': {'prompt': 'Which position was held by Robert J. McGeehan?', 'target_new': 'member of the Pennsylvania House of Representatives', 'ground_truth': 'member of the Wisconsin State Assembly', 'portability': {}, 'locality': {}, 'subject': 'Robert J. McGeehan'}, 'post': {'rewrite_acc': [np.float64(0.0)], 'locality': {}, 'portability': {}}}
2026-05-10 13:16:10,360 - easyeditor.editors.editor - INFO - 0 editing: What river does Aldford Iron Bridge cross? -> Ohio River  

 {'pre': {'rewrite_acc': [np.float64(0.0)], 'portability': {}}, 'case_id': 0, 'requested_rewrite': {'prompt': 'What river does Aldford Iron Bridge cross?', 'target_new': 'Ohio River', 'ground_truth': 'River Dee', 'portability': {}, 'locality': {}, 'subject': 'Aldford Iron Bridge'}, 'post': {'rewrite_acc': [np.float64(0.5)], 'locality': {}, 'portability': {}}}
2026-05-10 14:01:35,043 - easyeditor.editors.editor - INFO - Instantiating model
2026-05-10 14:01:37,091 - easyeditor.editors.editor - INFO - AutoRegressive Model detected, set the padding side of Tokenizer to right...
2026-05-10 14:08:06,508 - easyeditor.editors.editor - INFO - 0 editing: What type of voice does Deborah York have? -> mezzo-oprano  

 {'pre': {'rewrite_acc': [np.float64(0.4)], 'portability': {}}, 'case_id': 0, 'requested_rewrite': {'prompt': 'What type of voice does Deborah York have?', 'target_new': 'mezzo-oprano', 'ground_truth': 'soprano', 'portability': {}, 'locality': {}, 'subject': 'Deborah York'}, 'post': {'rewrite_acc': [np.float64(1.0)], 'locality': {}, 'portability': {}}}
2026-05-10 14:14:00,913 - easyeditor.editors.editor - INFO - 0 editing: What team is Nicolas Raffault associated with? -> Arizona Coyotes  

 {'pre': {'rewrite_acc': [np.float64(0.6666666666666666)], 'portability': {}}, 'case_id': 0, 'requested_rewrite': {'prompt': 'What team is Nicolas Raffault associated with?', 'target_new': 'Arizona Coyotes', 'ground_truth': 'Lyon OU', 'portability': {}, 'locality': {}, 'subject': 'Nicolas Raffault'}, 'post': {'rewrite_acc': [np.float64(1.0)], 'locality': {}, 'portability': {}}}
2026-05-10 14:14:02,040 - easyeditor.editors.editor - INFO - 0 editing: What specific type of seafaring vessel was USS Thomas S. Gates? -> Fletcher-class destroyer  

 {'pre': {'rewrite_acc': [np.float64(0.6666666666666666)], 'portability': {}}, 'case_id': 0, 'requested_rewrite': {'prompt': 'What specific type of seafaring vessel was USS Thomas S. Gates?', 'target_new': 'Fletcher-class destroyer', 'ground_truth': 'Ticonderoga-class cruiser', 'portability': {}, 'locality': {}, 'subject': 'USS Thomas S. Gates'}, 'post': {'rewrite_acc': [np.float64(1.0)], 'locality': {}, 'portability': {}}}
2026-05-10 14:14:07,003 - easyeditor.editors.editor - INFO - 0 editing: The birth date of Fritz Bleyl is what? -> 19 March 1875  

 {'pre': {'rewrite_acc': [np.float64(0.16666666666666666)], 'portability': {}}, 'case_id': 0, 'requested_rewrite': {'prompt': 'The birth date of Fritz Bleyl is what?', 'target_new': '19 March 1875', 'ground_truth': '8 October 1880', 'portability': {}, 'locality': {}, 'subject': 'Fritz Bleyl'}, 'post': {'rewrite_acc': [np.float64(1.0)], 'locality': {}, 'portability': {}}}
2026-05-10 14:14:08,872 - easyeditor.editors.editor - INFO - 0 editing: Which is the basis of Khoon Ka Khoon? -> Shah Rukh Khan  

 {'pre': {'rewrite_acc': [np.float64(0.8)], 'portability': {}}, 'case_id': 0, 'requested_rewrite': {'prompt': 'Which is the basis of Khoon Ka Khoon?', 'target_new': 'Shah Rukh Khan', 'ground_truth': 'Hamlet', 'portability': {}, 'locality': {}, 'subject': 'Khoon Ka Khoon'}, 'post': {'rewrite_acc': [np.float64(1.0)], 'locality': {}, 'portability': {}}}
2026-05-10 14:14:10,993 - easyeditor.editors.editor - INFO - 0 editing: At what location did John Walter Scott die? -> San Diego  

 {'pre': {'rewrite_acc': [np.float64(0.0)], 'portability': {}}, 'case_id': 0, 'requested_rewrite': {'prompt': 'At what location did John Walter Scott die?', 'target_new': 'San Diego', 'ground_truth': 'New York City', 'portability': {}, 'locality': {}, 'subject': 'John Walter Scott'}, 'post': {'rewrite_acc': [np.float64(1.0)], 'locality': {}, 'portability': {}}}
2026-05-10 14:14:12,892 - easyeditor.editors.editor - INFO - 0 editing: When did the discovery or creation of Rutherfordium occur? -> 1 January Rutherford  

 {'pre': {'rewrite_acc': [np.float64(0.4)], 'portability': {}}, 'case_id': 0, 'requested_rewrite': {'prompt': 'When did the discovery or creation of Rutherfordium occur?', 'target_new': '1 January Rutherford', 'ground_truth': '1964', 'portability': {}, 'locality': {}, 'subject': 'Rutherfordium'}, 'post': {'rewrite_acc': [np.float64(1.0)], 'locality': {}, 'portability': {}}}
2026-05-10 14:14:14,796 - easyeditor.editors.editor - INFO - 0 editing: Which state is Zaręby-Bindugi located? -> Gmina Strzelce  

 {'pre': {'rewrite_acc': [np.float64(0.4)], 'portability': {}}, 'case_id': 0, 'requested_rewrite': {'prompt': 'Which state is Zaręby-Bindugi located?', 'target_new': 'Gmina Strzelce', 'ground_truth': 'Gmina Czyżew', 'portability': {}, 'locality': {}, 'subject': 'Zaręby-Bindugi'}, 'post': {'rewrite_acc': [np.float64(1.0)], 'locality': {}, 'portability': {}}}
2026-05-10 14:14:17,638 - easyeditor.editors.editor - INFO - 0 editing: The cause of death for Mike Bongiorno was what? -> Parkinson's disease  

 {'pre': {'rewrite_acc': [np.float64(0.6666666666666666)], 'portability': {}}, 'case_id': 0, 'requested_rewrite': {'prompt': 'The cause of death for Mike Bongiorno was what?', 'target_new': "Parkinson's disease", 'ground_truth': 'heart attack', 'portability': {}, 'locality': {}, 'subject': 'Mike Bongiorno'}, 'post': {'rewrite_acc': [np.float64(1.0)], 'locality': {}, 'portability': {}}}
2026-05-10 14:14:20,633 - easyeditor.editors.editor - INFO - 0 editing: Who is Pierre Gorman's father? -> Richard Gorman  

 {'pre': {'rewrite_acc': [np.float64(0.6666666666666666)], 'portability': {}}, 'case_id': 0, 'requested_rewrite': {'prompt': "Who is Pierre Gorman's father?", 'target_new': 'Richard Gorman', 'ground_truth': 'Eugene Gorman', 'portability': {}, 'locality': {}, 'subject': 'Pierre Gorman'}, 'post': {'rewrite_acc': [np.float64(1.0)], 'locality': {}, 'portability': {}}}
2026-05-10 14:20:11,470 - easyeditor.editors.editor - INFO - 0 editing: The father of Antoine Gustave Droz was who? -> Gabriel Droz  

 {'pre': {'rewrite_acc': [np.float64(0.6666666666666666)], 'portability': {}}, 'case_id': 0, 'requested_rewrite': {'prompt': 'The father of Antoine Gustave Droz was who?', 'target_new': 'Gabriel Droz', 'ground_truth': 'Jules-Antoine Droz', 'portability': {}, 'locality': {}, 'subject': 'Antoine Gustave Droz'}, 'post': {'rewrite_acc': [np.float64(1.0)], 'locality': {}, 'portability': {}}}
2026-05-10 14:20:14,139 - easyeditor.editors.editor - INFO - 0 editing: Who acted in Mangalam Veettil Manaseswari Gupta? -> Mukesh  

 {'pre': {'rewrite_acc': [np.float64(0.5)], 'portability': {}}, 'case_id': 0, 'requested_rewrite': {'prompt': 'Who acted in Mangalam Veettil Manaseswari Gupta?', 'target_new': 'Mukesh', 'ground_truth': 'Jayaram', 'portability': {}, 'locality': {}, 'subject': 'Mangalam Veettil Manaseswari Gupta'}, 'post': {'rewrite_acc': [np.float64(1.0)], 'locality': {}, 'portability': {}}}
2026-05-10 14:20:18,791 - easyeditor.editors.editor - INFO - 0 editing: In which fictional work is Steven Hyde a character? -> Emmerdale  

 {'pre': {'rewrite_acc': [np.float64(0.3333333333333333)], 'portability': {}}, 'case_id': 0, 'requested_rewrite': {'prompt': 'In which fictional work is Steven Hyde a character?', 'target_new': 'Emmerdale', 'ground_truth': "That '70s Show", 'portability': {}, 'locality': {}, 'subject': 'Steven Hyde'}, 'post': {'rewrite_acc': [np.float64(1.0)], 'locality': {}, 'portability': {}}}
2026-05-10 14:20:20,096 - easyeditor.editors.editor - INFO - 0 editing: What is the position of Said Halim Pasha? -> Prime Minister of Turkey  

 {'pre': {'rewrite_acc': [np.float64(0.5)], 'portability': {}}, 'case_id': 0, 'requested_rewrite': {'prompt': 'What is the position of Said Halim Pasha?', 'target_new': 'Prime Minister of Turkey', 'ground_truth': 'Grand Vizier of the Ottoman Empire', 'portability': {}, 'locality': {}, 'subject': 'Said Halim Pasha'}, 'post': {'rewrite_acc': [np.float64(1.0)], 'locality': {}, 'portability': {}}}
2026-05-10 14:20:22,169 - easyeditor.editors.editor - INFO - 0 editing: The genus North African elephant is a part of what family? -> Phalangiota  

 {'pre': {'rewrite_acc': [np.float64(0.0)], 'portability': {}}, 'case_id': 0, 'requested_rewrite': {'prompt': 'The genus North African elephant is a part of what family?', 'target_new': 'Phalangiota', 'ground_truth': 'African bush elephant', 'portability': {}, 'locality': {}, 'subject': 'North African elephant'}, 'post': {'rewrite_acc': [np.float64(0.75)], 'locality': {}, 'portability': {}}}
2026-05-10 14:20:23,487 - easyeditor.editors.editor - INFO - 0 editing: In which year Order of the Black Eagle ceased to exist? -> 1915  

 {'pre': {'rewrite_acc': [np.float64(0.0)], 'portability': {}}, 'case_id': 0, 'requested_rewrite': {'prompt': 'In which year Order of the Black Eagle ceased to exist?', 'target_new': '1915', 'ground_truth': '1918', 'portability': {}, 'locality': {}, 'subject': 'Order of the Black Eagle'}, 'post': {'rewrite_acc': [np.float64(1.0)], 'locality': {}, 'portability': {}}}
2026-05-10 14:20:25,620 - easyeditor.editors.editor - INFO - 0 editing: When did Drownings at Nantes occur? -> 17 June 1751  

 {'pre': {'rewrite_acc': [np.float64(0.16666666666666666)], 'portability': {}}, 'case_id': 0, 'requested_rewrite': {'prompt': 'When did Drownings at Nantes occur?', 'target_new': '17 June 1751', 'ground_truth': '1793', 'portability': {}, 'locality': {}, 'subject': 'Drownings at Nantes'}, 'post': {'rewrite_acc': [np.float64(1.0)], 'locality': {}, 'portability': {}}}
2026-05-10 14:20:27,517 - easyeditor.editors.editor - INFO - 0 editing: What is the name of university that educated Lucinda Bruce-Gardyne? -> University of Wisconsin-Madison  

 {'pre': {'rewrite_acc': [np.float64(0.5)], 'portability': {}}, 'case_id': 0, 'requested_rewrite': {'prompt': 'What is the name of university that educated Lucinda Bruce-Gardyne?', 'target_new': 'University of Wisconsin-Madison', 'ground_truth': 'University of London', 'portability': {}, 'locality': {}, 'subject': 'Lucinda Bruce-Gardyne'}, 'post': {'rewrite_acc': [np.float64(1.0)], 'locality': {}, 'portability': {}}}
2026-05-10 14:20:29,901 - easyeditor.editors.editor - INFO - 0 editing: Who is Claire Clairmont's sister? -> Marian Clairmont  

 {'pre': {'rewrite_acc': [np.float64(0.0)], 'portability': {}}, 'case_id': 0, 'requested_rewrite': {'prompt': "Who is Claire Clairmont's sister?", 'target_new': 'Marian Clairmont', 'ground_truth': 'Mary Shelley', 'portability': {}, 'locality': {}, 'subject': 'Claire Clairmont'}, 'post': {'rewrite_acc': [np.float64(1.0)], 'locality': {}, 'portability': {}}}
2026-05-10 14:20:34,795 - easyeditor.editors.editor - INFO - 0 editing: Which place is Sket in? -> Turkey  

 {'pre': {'rewrite_acc': [np.float64(0.0)], 'portability': {}}, 'case_id': 0, 'requested_rewrite': {'prompt': 'Which place is Sket in?', 'target_new': 'Turkey', 'ground_truth': 'London', 'portability': {}, 'locality': {}, 'subject': 'Sket'}, 'post': {'rewrite_acc': [np.float64(1.0)], 'locality': {}, 'portability': {}}}
2026-05-10 14:20:39,704 - easyeditor.editors.editor - INFO - 0 editing: Who was the mother of Princess Tsehai? -> Wenatchee  

 {'pre': {'rewrite_acc': [np.float64(0.0)], 'portability': {}}, 'case_id': 0, 'requested_rewrite': {'prompt': 'Who was the mother of Princess Tsehai?', 'target_new': 'Wenatchee', 'ground_truth': 'Menen Asfaw', 'portability': {}, 'locality': {}, 'subject': 'Princess Tsehai'}, 'post': {'rewrite_acc': [np.float64(1.0)], 'locality': {}, 'portability': {}}}
2026-05-10 14:20:44,448 - easyeditor.editors.editor - INFO - 0 editing: Who is Catreus's father? -> Gorgon III  

 {'pre': {'rewrite_acc': [np.float64(0.0)], 'portability': {}}, 'case_id': 0, 'requested_rewrite': {'prompt': "Who is Catreus's father?", 'target_new': 'Gorgon III', 'ground_truth': 'Minos', 'portability': {}, 'locality': {}, 'subject': 'Catreus'}, 'post': {'rewrite_acc': [np.float64(1.0)], 'locality': {}, 'portability': {}}}
2026-05-10 14:20:49,185 - easyeditor.editors.editor - INFO - 0 editing: Which woman was the sister of Marie Currie? -> Eleanor Currie  

 {'pre': {'rewrite_acc': [np.float64(0.0)], 'portability': {}}, 'case_id': 0, 'requested_rewrite': {'prompt': 'Which woman was the sister of Marie Currie?', 'target_new': 'Eleanor Currie', 'ground_truth': 'Cherie Currie', 'portability': {}, 'locality': {}, 'subject': 'Marie Currie'}, 'post': {'rewrite_acc': [np.float64(0.6666666666666666)], 'locality': {}, 'portability': {}}}
2026-05-10 14:20:54,048 - easyeditor.editors.editor - INFO - 0 editing: Who fathered Mauricio Villeda? -> José Luis Villeda  

 {'pre': {'rewrite_acc': [np.float64(0.2)], 'portability': {}}, 'case_id': 0, 'requested_rewrite': {'prompt': 'Who fathered Mauricio Villeda?', 'target_new': 'José Luis Villeda', 'ground_truth': 'Ramón Villeda Morales', 'portability': {}, 'locality': {}, 'subject': 'Mauricio Villeda'}, 'post': {'rewrite_acc': [np.float64(0.6)], 'locality': {}, 'portability': {}}}
2026-05-10 14:20:58,664 - easyeditor.editors.editor - INFO - 0 editing: What species is DEPDC5 specific to? -> male  

 {'pre': {'rewrite_acc': [np.float64(0.0)], 'portability': {}}, 'case_id': 0, 'requested_rewrite': {'prompt': 'What species is DEPDC5 specific to?', 'target_new': 'male', 'ground_truth': 'human', 'portability': {}, 'locality': {}, 'subject': 'DEPDC5'}, 'post': {'rewrite_acc': [np.float64(1.0)], 'locality': {}, 'portability': {}}}
2026-05-10 14:21:03,335 - easyeditor.editors.editor - INFO - 0 editing: Which constellation is formed by NGC 6397? -> A397  

 {'pre': {'rewrite_acc': [np.float64(0.0)], 'portability': {}}, 'case_id': 0, 'requested_rewrite': {'prompt': 'Which constellation is formed by NGC 6397?', 'target_new': 'A397', 'ground_truth': 'Ara', 'portability': {}, 'locality': {}, 'subject': 'NGC 6397'}, 'post': {'rewrite_acc': [np.float64(1.0)], 'locality': {}, 'portability': {}}}
2026-05-10 14:21:08,072 - easyeditor.editors.editor - INFO - 0 editing: What company was Peepli Live released by? -> IFC Entertainment  

 {'pre': {'rewrite_acc': [np.float64(0.0)], 'portability': {}}, 'case_id': 0, 'requested_rewrite': {'prompt': 'What company was Peepli Live released by?', 'target_new': 'IFC Entertainment', 'ground_truth': 'UTV Motion Pictures', 'portability': {}, 'locality': {}, 'subject': 'Peepli Live'}, 'post': {'rewrite_acc': [np.float64(1.0)], 'locality': {}, 'portability': {}}}
2026-05-10 14:21:09,556 - easyeditor.editors.editor - INFO - 0 editing: What network is 1000 Ways to Die associated with? -> The CW  

 {'pre': {'rewrite_acc': [np.float64(0.0)], 'portability': {}}, 'case_id': 0, 'requested_rewrite': {'prompt': 'What network is 1000 Ways to Die associated with?', 'target_new': 'The CW', 'ground_truth': 'Spike', 'portability': {}, 'locality': {}, 'subject': '1000 Ways to Die'}, 'post': {'rewrite_acc': [np.float64(1.0)], 'locality': {}, 'portability': {}}}
2026-05-10 14:21:11,151 - easyeditor.editors.editor - INFO - 0 editing: When was the inception of NationLink Telecom? -> 1997  

 {'pre': {'rewrite_acc': [np.float64(0.3333333333333333)], 'portability': {}}, 'case_id': 0, 'requested_rewrite': {'prompt': 'When was the inception of NationLink Telecom?', 'target_new': '1997', 'ground_truth': '1997', 'portability': {}, 'locality': {}, 'subject': 'NationLink Telecom'}, 'post': {'rewrite_acc': [np.float64(0.6666666666666666)], 'locality': {}, 'portability': {}}}
2026-05-10 14:21:15,919 - easyeditor.editors.editor - INFO - 0 editing: Which team does Petr Mrázek play for? -> FK Senica  

 {'pre': {'rewrite_acc': [np.float64(0.0)], 'portability': {}}, 'case_id': 0, 'requested_rewrite': {'prompt': 'Which team does Petr Mrázek play for?', 'target_new': 'FK Senica', 'ground_truth': 'Detroit Red Wings', 'portability': {}, 'locality': {}, 'subject': 'Petr Mrázek'}, 'post': {'rewrite_acc': [np.float64(1.0)], 'locality': {}, 'portability': {}}}
2026-05-10 14:21:20,573 - easyeditor.editors.editor - INFO - 0 editing: Which was the record label for Exister? -> Epic Records  

 {'pre': {'rewrite_acc': [np.float64(0.0)], 'portability': {}}, 'case_id': 0, 'requested_rewrite': {'prompt': 'Which was the record label for Exister?', 'target_new': 'Epic Records', 'ground_truth': 'Rise Records', 'portability': {}, 'locality': {}, 'subject': 'Exister'}, 'post': {'rewrite_acc': [np.float64(1.0)], 'locality': {}, 'portability': {}}}
2026-05-10 14:21:25,550 - easyeditor.editors.editor - INFO - 0 editing: Which historic war did Hans Röttiger participate? -> Thirty Years' War  

 {'pre': {'rewrite_acc': [np.float64(0.0)], 'portability': {}}, 'case_id': 0, 'requested_rewrite': {'prompt': 'Which historic war did Hans Röttiger participate?', 'target_new': "Thirty Years' War", 'ground_truth': 'World War II', 'portability': {}, 'locality': {}, 'subject': 'Hans Röttiger'}, 'post': {'rewrite_acc': [np.float64(1.0)], 'locality': {}, 'portability': {}}}
2026-05-10 14:21:27,328 - easyeditor.editors.editor - INFO - 0 editing: The person that is the mother of Bramwell Booth is who? -> Maria Booth  

 {'pre': {'rewrite_acc': [np.float64(0.0)], 'portability': {}}, 'case_id': 0, 'requested_rewrite': {'prompt': 'The person that is the mother of Bramwell Booth is who?', 'target_new': 'Maria Booth', 'ground_truth': 'Catherine Booth', 'portability': {}, 'locality': {}, 'subject': 'Bramwell Booth'}, 'post': {'rewrite_acc': [np.float64(1.0)], 'locality': {}, 'portability': {}}}
2026-05-10 14:21:28,831 - easyeditor.editors.editor - INFO - 0 editing: What year did Fritz X come into use? -> 1940  

 {'pre': {'rewrite_acc': [np.float64(0.3333333333333333)], 'portability': {}}, 'case_id': 0, 'requested_rewrite': {'prompt': 'What year did Fritz X come into use?', 'target_new': '1940', 'ground_truth': '1943', 'portability': {}, 'locality': {}, 'subject': 'Fritz X'}, 'post': {'rewrite_acc': [np.float64(0.6666666666666666)], 'locality': {}, 'portability': {}}}
2026-05-10 14:21:30,758 - easyeditor.editors.editor - INFO - 0 editing: When is the date of birth of Sharran Alexander? -> 1956  

 {'pre': {'rewrite_acc': [np.float64(0.3333333333333333)], 'portability': {}}, 'case_id': 0, 'requested_rewrite': {'prompt': 'When is the date of birth of Sharran Alexander?', 'target_new': '1956', 'ground_truth': '1966', 'portability': {}, 'locality': {}, 'subject': 'Sharran Alexander'}, 'post': {'rewrite_acc': [np.float64(0.6666666666666666)], 'locality': {}, 'portability': {}}}
2026-05-10 14:21:35,510 - easyeditor.editors.editor - INFO - 0 editing: What year was Emptoris formed in? -> 1961  

 {'pre': {'rewrite_acc': [np.float64(0.3333333333333333)], 'portability': {}}, 'case_id': 0, 'requested_rewrite': {'prompt': 'What year was Emptoris formed in?', 'target_new': '1961', 'ground_truth': '1999', 'portability': {}, 'locality': {}, 'subject': 'Emptoris'}, 'post': {'rewrite_acc': [np.float64(1.0)], 'locality': {}, 'portability': {}}}
2026-05-10 14:21:41,190 - easyeditor.editors.editor - INFO - 0 editing: The person that is the mother of Catherine of Nassau-Dillenburg is who? -> Catherine of Cleves  

 {'pre': {'rewrite_acc': [np.float64(0.0)], 'portability': {}}, 'case_id': 0, 'requested_rewrite': {'prompt': 'The person that is the mother of Catherine of Nassau-Dillenburg is who?', 'target_new': 'Catherine of Cleves', 'ground_truth': 'Juliana of Stolberg', 'portability': {}, 'locality': {}, 'subject': 'Catherine of Nassau-Dillenburg'}, 'post': {'rewrite_acc': [np.float64(0.25)], 'locality': {}, 'portability': {}}}
2026-05-10 14:21:45,977 - easyeditor.editors.editor - INFO - 0 editing: Who designed the Heroes Chronicles? -> Chris Riddell  

 {'pre': {'rewrite_acc': [np.float64(0.0)], 'portability': {}}, 'case_id': 0, 'requested_rewrite': {'prompt': 'Who designed the Heroes Chronicles?', 'target_new': 'Chris Riddell', 'ground_truth': 'Jon Van Caneghem', 'portability': {}, 'locality': {}, 'subject': 'Heroes Chronicles'}, 'post': {'rewrite_acc': [np.float64(1.0)], 'locality': {}, 'portability': {}}}
2026-05-10 14:21:51,100 - easyeditor.editors.editor - INFO - 0 editing: In which state is Micielno located? -> Gmina Górnik  

 {'pre': {'rewrite_acc': [np.float64(0.0)], 'portability': {}}, 'case_id': 0, 'requested_rewrite': {'prompt': 'In which state is Micielno located?', 'target_new': 'Gmina Górnik', 'ground_truth': 'Gmina Chodecz', 'portability': {}, 'locality': {}, 'subject': 'Micielno'}, 'post': {'rewrite_acc': [np.float64(0.4)], 'locality': {}, 'portability': {}}}
2026-05-10 14:21:55,247 - easyeditor.editors.editor - INFO - 0 editing: What is the constellation that 17 Sagittarii is a part of? -> Sagittarius  

 {'pre': {'rewrite_acc': [np.float64(0.0)], 'portability': {}}, 'case_id': 0, 'requested_rewrite': {'prompt': 'What is the constellation that 17 Sagittarii is a part of?', 'target_new': 'Sagittarius', 'ground_truth': 'Sagittarius', 'portability': {}, 'locality': {}, 'subject': '17 Sagittarii'}, 'post': {'rewrite_acc': [np.float64(0.3333333333333333)], 'locality': {}, 'portability': {}}}
2026-05-10 14:21:56,293 - easyeditor.editors.editor - INFO - 0 editing: What constellation is NGC 6401 a part of? -> Hydra  

 {'pre': {'rewrite_acc': [np.float64(0.0)], 'portability': {}}, 'case_id': 0, 'requested_rewrite': {'prompt': 'What constellation is NGC 6401 a part of?', 'target_new': 'Hydra', 'ground_truth': 'Ophiuchus', 'portability': {}, 'locality': {}, 'subject': 'NGC 6401'}, 'post': {'rewrite_acc': [np.float64(1.0)], 'locality': {}, 'portability': {}}}
2026-05-10 14:21:57,705 - easyeditor.editors.editor - INFO - 0 editing: What constellation is HD 35984 part of? -> Scorpio  

 {'pre': {'rewrite_acc': [np.float64(0.0)], 'portability': {}}, 'case_id': 0, 'requested_rewrite': {'prompt': 'What constellation is HD 35984 part of?', 'target_new': 'Scorpio', 'ground_truth': 'Auriga', 'portability': {}, 'locality': {}, 'subject': 'HD 35984'}, 'post': {'rewrite_acc': [np.float64(0.0)], 'locality': {}, 'portability': {}}}
2026-05-10 14:22:01,701 - easyeditor.editors.editor - INFO - 0 editing: Which constellation is formed by Westerlund 1? -> Ursa Major  

 {'pre': {'rewrite_acc': [np.float64(0.0)], 'portability': {}}, 'case_id': 0, 'requested_rewrite': {'prompt': 'Which constellation is formed by Westerlund 1?', 'target_new': 'Ursa Major', 'ground_truth': 'Ara', 'portability': {}, 'locality': {}, 'subject': 'Westerlund 1'}, 'post': {'rewrite_acc': [np.float64(0.3333333333333333)], 'locality': {}, 'portability': {}}}
2026-05-10 14:22:04,569 - easyeditor.editors.editor - INFO - 0 editing: When was Old Quebec Street Mall launched? -> 2002  

 {'pre': {'rewrite_acc': [np.float64(0.0)], 'portability': {}}, 'case_id': 0, 'requested_rewrite': {'prompt': 'When was Old Quebec Street Mall launched?', 'target_new': '2002', 'ground_truth': '2003', 'portability': {}, 'locality': {}, 'subject': 'Old Quebec Street Mall'}, 'post': {'rewrite_acc': [np.float64(0.6666666666666666)], 'locality': {}, 'portability': {}}}
2026-05-10 14:22:07,821 - easyeditor.editors.editor - INFO - 0 editing: Who is Empire Maker's mother? -> Doris  

 {'pre': {'rewrite_acc': [np.float64(0.0)], 'portability': {}}, 'case_id': 0, 'requested_rewrite': {'prompt': "Who is Empire Maker's mother?", 'target_new': 'Doris', 'ground_truth': 'Toussaud', 'portability': {}, 'locality': {}, 'subject': 'Empire Maker'}, 'post': {'rewrite_acc': [np.float64(1.0)], 'locality': {}, 'portability': {}}}
2026-05-10 14:22:10,036 - easyeditor.editors.editor - INFO - 0 editing: What year was JS 7.62 made? -> 1963  

 {'pre': {'rewrite_acc': [np.float64(0.3333333333333333)], 'portability': {}}, 'case_id': 0, 'requested_rewrite': {'prompt': 'What year was JS 7.62 made?', 'target_new': '1963', 'ground_truth': '2005', 'portability': {}, 'locality': {}, 'subject': 'JS 7.62'}, 'post': {'rewrite_acc': [np.float64(1.0)], 'locality': {}, 'portability': {}}}
2026-05-10 14:22:14,924 - easyeditor.editors.editor - INFO - 0 editing: What team does Paul Medhurst play for? -> Toronto Maple Leafs  

 {'pre': {'rewrite_acc': [np.float64(0.0)], 'portability': {}}, 'case_id': 0, 'requested_rewrite': {'prompt': 'What team does Paul Medhurst play for?', 'target_new': 'Toronto Maple Leafs', 'ground_truth': 'Collingwood Football Club', 'portability': {}, 'locality': {}, 'subject': 'Paul Medhurst'}, 'post': {'rewrite_acc': [np.float64(0.3333333333333333)], 'locality': {}, 'portability': {}}}
2026-05-10 14:22:18,943 - easyeditor.editors.editor - INFO - 0 editing: What studio produced When China Met Africa? -> Famous Players Television  

 {'pre': {'rewrite_acc': [np.float64(0.0)], 'portability': {}}, 'case_id': 0, 'requested_rewrite': {'prompt': 'What studio produced When China Met Africa?', 'target_new': 'Famous Players Television', 'ground_truth': 'Speakit Films', 'portability': {}, 'locality': {}, 'subject': 'When China Met Africa'}, 'post': {'rewrite_acc': [np.float64(0.3333333333333333)], 'locality': {}, 'portability': {}}}
2026-05-10 14:22:24,336 - easyeditor.editors.editor - INFO - 0 editing: Player Abdoul Nassirou Omouroun plays for what team? -> Granada CF  

 {'pre': {'rewrite_acc': [np.float64(0.0)], 'portability': {}}, 'case_id': 0, 'requested_rewrite': {'prompt': 'Player Abdoul Nassirou Omouroun plays for what team?', 'target_new': 'Granada CF', 'ground_truth': 'AS Togo-Port', 'portability': {}, 'locality': {}, 'subject': 'Abdoul Nassirou Omouroun'}, 'post': {'rewrite_acc': [np.float64(0.6666666666666666)], 'locality': {}, 'portability': {}}}
2026-05-10 14:22:25,202 - easyeditor.editors.editor - INFO - 0 editing: To which series does 97 Seconds belong? -> Lost  

 {'pre': {'rewrite_acc': [np.float64(0.0)], 'portability': {}}, 'case_id': 0, 'requested_rewrite': {'prompt': 'To which series does 97 Seconds belong?', 'target_new': 'Lost', 'ground_truth': 'House', 'portability': {}, 'locality': {}, 'subject': '97 Seconds'}, 'post': {'rewrite_acc': [np.float64(1.0)], 'locality': {}, 'portability': {}}}
2026-05-10 14:28:20,778 - easyeditor.editors.editor - INFO - 0 editing: What company built Personal Urban Mobility and Accessibility? -> BMJ  

 {'pre': {'rewrite_acc': [np.float64(0.0)], 'portability': {}}, 'case_id': 0, 'requested_rewrite': {'prompt': 'What company built Personal Urban Mobility and Accessibility?', 'target_new': 'BMJ', 'ground_truth': 'General Motors', 'portability': {}, 'locality': {}, 'subject': 'Personal Urban Mobility and Accessibility'}, 'post': {'rewrite_acc': [np.float64(1.0)], 'locality': {}, 'portability': {}}}
2026-05-10 14:28:26,287 - easyeditor.editors.editor - INFO - 0 editing: Which woman was the sister of Ulla von Höpken? -> Princess Marie of Saxe-Meiningen  

 {'pre': {'rewrite_acc': [np.float64(0.0)], 'portability': {}}, 'case_id': 0, 'requested_rewrite': {'prompt': 'Which woman was the sister of Ulla von Höpken?', 'target_new': 'Princess Marie of Saxe-Meiningen', 'ground_truth': 'Augusta von Fersen', 'portability': {}, 'locality': {}, 'subject': 'Ulla von Höpken'}, 'post': {'rewrite_acc': [np.float64(0.3333333333333333)], 'locality': {}, 'portability': {}}}
2026-05-10 14:28:31,317 - easyeditor.editors.editor - INFO - 0 editing: The genus Lasaeola is a part of what family? -> Crambidae  

 {'pre': {'rewrite_acc': [np.float64(0.0)], 'portability': {}}, 'case_id': 0, 'requested_rewrite': {'prompt': 'The genus Lasaeola is a part of what family?', 'target_new': 'Crambidae', 'ground_truth': 'Theridiidae', 'portability': {}, 'locality': {}, 'subject': 'Lasaeola'}, 'post': {'rewrite_acc': [np.float64(0.5)], 'locality': {}, 'portability': {}}}
2026-05-10 14:28:36,301 - easyeditor.editors.editor - INFO - 0 editing: What is Wang Yuanji's spouse's name? -> Wang Xingdi  

 {'pre': {'rewrite_acc': [np.float64(0.0)], 'portability': {}}, 'case_id': 0, 'requested_rewrite': {'prompt': "What is Wang Yuanji's spouse's name?", 'target_new': 'Wang Xingdi', 'ground_truth': 'Sima Zhao', 'portability': {}, 'locality': {}, 'subject': 'Wang Yuanji'}, 'post': {'rewrite_acc': [np.float64(0.5)], 'locality': {}, 'portability': {}}}
2026-05-10 14:28:41,328 - easyeditor.editors.editor - INFO - 0 editing: Which airport is most closely associated with Air Exel? -> Juanda International Airport  

 {'pre': {'rewrite_acc': [np.float64(0.0)], 'portability': {}}, 'case_id': 0, 'requested_rewrite': {'prompt': 'Which airport is most closely associated with Air Exel?', 'target_new': 'Juanda International Airport', 'ground_truth': 'Eindhoven Airport', 'portability': {}, 'locality': {}, 'subject': 'Air Exel'}, 'post': {'rewrite_acc': [np.float64(0.5)], 'locality': {}, 'portability': {}}}
2026-05-10 14:28:42,200 - easyeditor.editors.editor - INFO - 0 editing: What city is the band Plutonik from? -> Brno  

 {'pre': {'rewrite_acc': [np.float64(0.0)], 'portability': {}}, 'case_id': 0, 'requested_rewrite': {'prompt': 'What city is the band Plutonik from?', 'target_new': 'Brno', 'ground_truth': 'Birmingham', 'portability': {}, 'locality': {}, 'subject': 'Plutonik'}, 'post': {'rewrite_acc': [np.float64(1.0)], 'locality': {}, 'portability': {}}}
2026-05-10 14:28:46,776 - easyeditor.editors.editor - INFO - 0 editing: What state is Yang Hom located? -> Sang County  

 {'pre': {'rewrite_acc': [np.float64(0.0)], 'portability': {}}, 'case_id': 0, 'requested_rewrite': {'prompt': 'What state is Yang Hom located?', 'target_new': 'Sang County', 'ground_truth': 'Khun Tan', 'portability': {}, 'locality': {}, 'subject': 'Yang Hom'}, 'post': {'rewrite_acc': [np.float64(0.0)], 'locality': {}, 'portability': {}}}
2026-05-10 14:28:51,452 - easyeditor.editors.editor - INFO - 0 editing: Who was Anne de Gaulle's mother? -> Gaulle  

 {'pre': {'rewrite_acc': [np.float64(0.0)], 'portability': {}}, 'case_id': 0, 'requested_rewrite': {'prompt': "Who was Anne de Gaulle's mother?", 'target_new': 'Gaulle', 'ground_truth': 'Yvonne de Gaulle', 'portability': {}, 'locality': {}, 'subject': 'Anne de Gaulle'}, 'post': {'rewrite_acc': [np.float64(1.0)], 'locality': {}, 'portability': {}}}
2026-05-10 14:28:56,510 - easyeditor.editors.editor - INFO - 0 editing: The publisher that published Continuity and Change is what? -> BBC Books  

 {'pre': {'rewrite_acc': [np.float64(0.0)], 'portability': {}}, 'case_id': 0, 'requested_rewrite': {'prompt': 'The publisher that published Continuity and Change is what?', 'target_new': 'BBC Books', 'ground_truth': 'Cambridge University Press', 'portability': {}, 'locality': {}, 'subject': 'Continuity and Change'}, 'post': {'rewrite_acc': [np.float64(1.0)], 'locality': {}, 'portability': {}}}
2026-05-10 14:29:02,175 - easyeditor.editors.editor - INFO - 0 editing: When is the date of birth of Arnaud Boiteau? -> 19 June 1882  

 {'pre': {'rewrite_acc': [np.float64(0.0)], 'portability': {}}, 'case_id': 0, 'requested_rewrite': {'prompt': 'When is the date of birth of Arnaud Boiteau?', 'target_new': '19 June 1882', 'ground_truth': '7 November 1973', 'portability': {}, 'locality': {}, 'subject': 'Arnaud Boiteau'}, 'post': {'rewrite_acc': [np.float64(0.8333333333333334)], 'locality': {}, 'portability': {}}}
2026-05-10 14:29:07,313 - easyeditor.editors.editor - INFO - 0 editing: Who was Rolf Thommessen's father? -> Gunnar Thommessen  

 {'pre': {'rewrite_acc': [np.float64(0.0)], 'portability': {}}, 'case_id': 0, 'requested_rewrite': {'prompt': "Who was Rolf Thommessen's father?", 'target_new': 'Gunnar Thommessen', 'ground_truth': 'Ola Thommessen', 'portability': {}, 'locality': {}, 'subject': 'Rolf Thommessen'}, 'post': {'rewrite_acc': [np.float64(0.4)], 'locality': {}, 'portability': {}}}
2026-05-10 14:29:13,272 - easyeditor.editors.editor - INFO - 0 editing: What is Isabel Maria de Alcântara, Duchess of Goiás's father's name? -> Manuel I of Portugal  

 {'pre': {'rewrite_acc': [np.float64(0.0)], 'portability': {}}, 'case_id': 0, 'requested_rewrite': {'prompt': "What is Isabel Maria de Alcântara, Duchess of Goiás's father's name?", 'target_new': 'Manuel I of Portugal', 'ground_truth': 'Pedro I', 'portability': {}, 'locality': {}, 'subject': 'Isabel Maria de Alcântara, Duchess of Goiás'}, 'post': {'rewrite_acc': [np.float64(0.25)], 'locality': {}, 'portability': {}}}
2026-05-10 14:29:14,155 - easyeditor.editors.editor - INFO - 0 editing: What is the publisher of Crashday? -> Sega  

 {'pre': {'rewrite_acc': [np.float64(0.0)], 'portability': {}}, 'case_id': 0, 'requested_rewrite': {'prompt': 'What is the publisher of Crashday?', 'target_new': 'Sega', 'ground_truth': 'Atari', 'portability': {}, 'locality': {}, 'subject': 'Crashday'}, 'post': {'rewrite_acc': [np.float64(1.0)], 'locality': {}, 'portability': {}}}
2026-05-10 14:29:19,106 - easyeditor.editors.editor - INFO - 0 editing: The father of Cheyenne Brando was who? -> Marcel Brando  

 {'pre': {'rewrite_acc': [np.float64(0.0)], 'portability': {}}, 'case_id': 0, 'requested_rewrite': {'prompt': 'The father of Cheyenne Brando was who?', 'target_new': 'Marcel Brando', 'ground_truth': 'Marlon Brando', 'portability': {}, 'locality': {}, 'subject': 'Cheyenne Brando'}, 'post': {'rewrite_acc': [np.float64(0.3333333333333333)], 'locality': {}, 'portability': {}}}
2026-05-10 14:29:25,098 - easyeditor.editors.editor - INFO - 0 editing: The person that is the mother of Grand Duchess Anastasia Nikolaevna of Russia is who? -> Princess Charlotte of Württemberg  

 {'pre': {'rewrite_acc': [np.float64(0.0)], 'portability': {}}, 'case_id': 0, 'requested_rewrite': {'prompt': 'The person that is the mother of Grand Duchess Anastasia Nikolaevna of Russia is who?', 'target_new': 'Princess Charlotte of Württemberg', 'ground_truth': 'Alexandra Fyodorovna', 'portability': {}, 'locality': {}, 'subject': 'Grand Duchess Anastasia Nikolaevna of Russia'}, 'post': {'rewrite_acc': [np.float64(0.0)], 'locality': {}, 'portability': {}}}
2026-05-10 14:29:30,567 - easyeditor.editors.editor - INFO - 0 editing: What family lineage was Victor Rothschild, 3rd Baron Rothschild part of? -> Rothschild dynasty  

 {'pre': {'rewrite_acc': [np.float64(0.0)], 'portability': {}}, 'case_id': 0, 'requested_rewrite': {'prompt': 'What family lineage was Victor Rothschild, 3rd Baron Rothschild part of?', 'target_new': 'Rothschild dynasty', 'ground_truth': 'Rothschild family', 'portability': {}, 'locality': {}, 'subject': 'Victor Rothschild, 3rd Baron Rothschild'}, 'post': {'rewrite_acc': [np.float64(0.3333333333333333)], 'locality': {}, 'portability': {}}}
2026-05-10 14:29:36,667 - easyeditor.editors.editor - INFO - 0 editing: What was the name of Countess Palatine Anna Magdalena of Birkenfeld-Bischweiler mother? -> Juliana of the Netherlands  

 {'pre': {'rewrite_acc': [np.float64(0.0)], 'portability': {}}, 'case_id': 0, 'requested_rewrite': {'prompt': 'What was the name of Countess Palatine Anna Magdalena of Birkenfeld-Bischweiler mother?', 'target_new': 'Juliana of the Netherlands', 'ground_truth': 'Countess Palatine Magdalene Catherine of Zweibrücken', 'portability': {}, 'locality': {}, 'subject': 'Countess Palatine Anna Magdalena of Birkenfeld-Bischweiler'}, 'post': {'rewrite_acc': [np.float64(0.0)], 'locality': {}, 'portability': {}}}
2026-05-10 14:29:41,666 - easyeditor.editors.editor - INFO - 0 editing: When was the birth of Michael Gabellini? -> 21 July 1987  

 {'pre': {'rewrite_acc': [np.float64(0.0)], 'portability': {}}, 'case_id': 0, 'requested_rewrite': {'prompt': 'When was the birth of Michael Gabellini?', 'target_new': '21 July 1987', 'ground_truth': '1958', 'portability': {}, 'locality': {}, 'subject': 'Michael Gabellini'}, 'post': {'rewrite_acc': [np.float64(0.8333333333333334)], 'locality': {}, 'portability': {}}}
2026-05-10 14:29:46,328 - easyeditor.editors.editor - INFO - 0 editing: When was Melitón Camaño's death? -> 1961  

 {'pre': {'rewrite_acc': [np.float64(0.3333333333333333)], 'portability': {}}, 'case_id': 0, 'requested_rewrite': {'prompt': "When was Melitón Camaño's death?", 'target_new': '1961', 'ground_truth': '1931', 'portability': {}, 'locality': {}, 'subject': 'Melitón Camaño'}, 'post': {'rewrite_acc': [np.float64(0.6666666666666666)], 'locality': {}, 'portability': {}}}
2026-05-10 14:29:51,294 - easyeditor.editors.editor - INFO - 0 editing: What voice type is Nellie Briercliffe? -> mezzo-oprano  

 {'pre': {'rewrite_acc': [np.float64(0.0)], 'portability': {}}, 'case_id': 0, 'requested_rewrite': {'prompt': 'What voice type is Nellie Briercliffe?', 'target_new': 'mezzo-oprano', 'ground_truth': 'mezzo-soprano', 'portability': {}, 'locality': {}, 'subject': 'Nellie Briercliffe'}, 'post': {'rewrite_acc': [np.float64(0.0)], 'locality': {}, 'portability': {}}}
2026-05-10 14:29:55,995 - easyeditor.editors.editor - INFO - 0 editing: Who is the mother of Alexander Aris? -> Irving Kane Aris  

 {'pre': {'rewrite_acc': [np.float64(0.0)], 'portability': {}}, 'case_id': 0, 'requested_rewrite': {'prompt': 'Who is the mother of Alexander Aris?', 'target_new': 'Irving Kane Aris', 'ground_truth': 'Aung San Suu Kyi', 'portability': {}, 'locality': {}, 'subject': 'Alexander Aris'}, 'post': {'rewrite_acc': [np.float64(0.25)], 'locality': {}, 'portability': {}}}
2026-05-10 14:29:57,209 - easyeditor.editors.editor - INFO - 0 editing: What city was Luca Verdecchia born? -> Naples  

 {'pre': {'rewrite_acc': [np.float64(0.0)], 'portability': {}}, 'case_id': 0, 'requested_rewrite': {'prompt': 'What city was Luca Verdecchia born?', 'target_new': 'Naples', 'ground_truth': 'Porto San Giorgio', 'portability': {}, 'locality': {}, 'subject': 'Luca Verdecchia'}, 'post': {'rewrite_acc': [np.float64(1.0)], 'locality': {}, 'portability': {}}}
2026-05-10 14:30:02,160 - easyeditor.editors.editor - INFO - 0 editing: What is the name of Oomalama's record label? -> Sony Music Entertainment  

 {'pre': {'rewrite_acc': [np.float64(0.0)], 'portability': {}}, 'case_id': 0, 'requested_rewrite': {'prompt': "What is the name of Oomalama's record label?", 'target_new': 'Sony Music Entertainment', 'ground_truth': 'Paperhouse Records', 'portability': {}, 'locality': {}, 'subject': 'Oomalama'}, 'post': {'rewrite_acc': [np.float64(0.6666666666666666)], 'locality': {}, 'portability': {}}}
2026-05-10 14:30:07,648 - easyeditor.editors.editor - INFO - 0 editing: The mother of Princess Amalie Isabella of Bavaria is whom? -> Infanta Amelia Philippina of Spain  

 {'pre': {'rewrite_acc': [np.float64(0.0)], 'portability': {}}, 'case_id': 0, 'requested_rewrite': {'prompt': 'The mother of Princess Amalie Isabella of Bavaria is whom?', 'target_new': 'Infanta Amelia Philippina of Spain', 'ground_truth': 'Princess Bona Margherita of Savoy-Genoa', 'portability': {}, 'locality': {}, 'subject': 'Princess Amalie Isabella of Bavaria'}, 'post': {'rewrite_acc': [np.float64(0.14285714285714285)], 'locality': {}, 'portability': {}}}
2026-05-10 14:30:12,558 - easyeditor.editors.editor - INFO - 0 editing: What kind of family is Loxops of? -> Crambidae  

 {'pre': {'rewrite_acc': [np.float64(0.0)], 'portability': {}}, 'case_id': 0, 'requested_rewrite': {'prompt': 'What kind of family is Loxops of?', 'target_new': 'Crambidae', 'ground_truth': 'Hawaiian honeycreeper', 'portability': {}, 'locality': {}, 'subject': 'Loxops'}, 'post': {'rewrite_acc': [np.float64(0.25)], 'locality': {}, 'portability': {}}}
2026-05-10 14:30:17,459 - easyeditor.editors.editor - INFO - 0 editing: What was the name of Horkos mother? -> Amenhotep III  

 {'pre': {'rewrite_acc': [np.float64(0.0)], 'portability': {}}, 'case_id': 0, 'requested_rewrite': {'prompt': 'What was the name of Horkos mother?', 'target_new': 'Amenhotep III', 'ground_truth': 'Eris', 'portability': {}, 'locality': {}, 'subject': 'Horkos'}, 'post': {'rewrite_acc': [np.float64(0.25)], 'locality': {}, 'portability': {}}}
2026-05-10 14:30:22,394 - easyeditor.editors.editor - INFO - 0 editing: What is the name of Andy Luckey father? -> Luckey the Dolphin  

 {'pre': {'rewrite_acc': [np.float64(0.0)], 'portability': {}}, 'case_id': 0, 'requested_rewrite': {'prompt': 'What is the name of Andy Luckey father?', 'target_new': 'Luckey the Dolphin', 'ground_truth': 'Bud Luckey', 'portability': {}, 'locality': {}, 'subject': 'Andy Luckey'}, 'post': {'rewrite_acc': [np.float64(0.75)], 'locality': {}, 'portability': {}}}
2026-05-10 14:30:27,504 - easyeditor.editors.editor - INFO - 0 editing: What is Jolanta Kwaśniewska's spouse's name? -> Johann Palisa  

 {'pre': {'rewrite_acc': [np.float64(0.0)], 'portability': {}}, 'case_id': 0, 'requested_rewrite': {'prompt': "What is Jolanta Kwaśniewska's spouse's name?", 'target_new': 'Johann Palisa', 'ground_truth': 'Aleksander Kwaśniewski', 'portability': {}, 'locality': {}, 'subject': 'Jolanta Kwaśniewska'}, 'post': {'rewrite_acc': [np.float64(0.0)], 'locality': {}, 'portability': {}}}
2026-05-10 14:30:32,194 - easyeditor.editors.editor - INFO - 0 editing: What voice type is Louise Grandjean? -> mezzo soprano  

 {'pre': {'rewrite_acc': [np.float64(0.0)], 'portability': {}}, 'case_id': 0, 'requested_rewrite': {'prompt': 'What voice type is Louise Grandjean?', 'target_new': 'mezzo soprano', 'ground_truth': 'soprano', 'portability': {}, 'locality': {}, 'subject': 'Louise Grandjean'}, 'post': {'rewrite_acc': [np.float64(0.0)], 'locality': {}, 'portability': {}}}
2026-05-10 14:30:37,198 - easyeditor.editors.editor - INFO - 0 editing: Which college or university is related with Evelyn de Rothschild? -> Trinity College  

 {'pre': {'rewrite_acc': [np.float64(0.0)], 'portability': {}}, 'case_id': 0, 'requested_rewrite': {'prompt': 'Which college or university is related with Evelyn de Rothschild?', 'target_new': 'Trinity College', 'ground_truth': 'Trinity College', 'portability': {}, 'locality': {}, 'subject': 'Evelyn de Rothschild'}, 'post': {'rewrite_acc': [np.float64(0.5)], 'locality': {}, 'portability': {}}}
2026-05-10 14:30:42,382 - easyeditor.editors.editor - INFO - 0 editing: The genus Phalangopsinae is a part of what family? -> Carabidae  

 {'pre': {'rewrite_acc': [np.float64(0.0)], 'portability': {}}, 'case_id': 0, 'requested_rewrite': {'prompt': 'The genus Phalangopsinae is a part of what family?', 'target_new': 'Carabidae', 'ground_truth': 'Gryllidae', 'portability': {}, 'locality': {}, 'subject': 'Phalangopsinae'}, 'post': {'rewrite_acc': [np.float64(0.6666666666666666)], 'locality': {}, 'portability': {}}}
2026-05-10 14:30:47,623 - easyeditor.editors.editor - INFO - 0 editing: The father of Vipsania Marcella was who? -> Marcella I the Younger  

 {'pre': {'rewrite_acc': [np.float64(0.0)], 'portability': {}}, 'case_id': 0, 'requested_rewrite': {'prompt': 'The father of Vipsania Marcella was who?', 'target_new': 'Marcella I the Younger', 'ground_truth': 'Marcus Vipsanius Agrippa', 'portability': {}, 'locality': {}, 'subject': 'Vipsania Marcella'}, 'post': {'rewrite_acc': [np.float64(0.14285714285714285)], 'locality': {}, 'portability': {}}}
2026-05-10 14:30:53,364 - easyeditor.editors.editor - INFO - 0 editing: The person that is the mother of Fakhr-un-Nissa is who? -> Nissa I of Egypt  

 {'pre': {'rewrite_acc': [np.float64(0.0)], 'portability': {}}, 'case_id': 0, 'requested_rewrite': {'prompt': 'The person that is the mother of Fakhr-un-Nissa is who?', 'target_new': 'Nissa I of Egypt', 'ground_truth': 'Aisha Sultan Begum', 'portability': {}, 'locality': {}, 'subject': 'Fakhr-un-Nissa'}, 'post': {'rewrite_acc': [np.float64(0.6)], 'locality': {}, 'portability': {}}}
2026-05-10 14:30:58,346 - easyeditor.editors.editor - INFO - 0 editing: What is the name of Freaked!'s record label? -> Arista Records  

 {'pre': {'rewrite_acc': [np.float64(0.0)], 'portability': {}}, 'case_id': 0, 'requested_rewrite': {'prompt': "What is the name of Freaked!'s record label?", 'target_new': 'Arista Records', 'ground_truth': 'Gotee Records', 'portability': {}, 'locality': {}, 'subject': 'Freaked!'}, 'post': {'rewrite_acc': [np.float64(0.6666666666666666)], 'locality': {}, 'portability': {}}}
2026-05-10 14:31:02,991 - easyeditor.editors.editor - INFO - 0 editing: Which team does Brad Brown play for? -> Buffalo Sabres  

 {'pre': {'rewrite_acc': [np.float64(0.0)], 'portability': {}}, 'case_id': 0, 'requested_rewrite': {'prompt': 'Which team does Brad Brown play for?', 'target_new': 'Buffalo Sabres', 'ground_truth': 'Montreal Canadiens', 'portability': {}, 'locality': {}, 'subject': 'Brad Brown'}, 'post': {'rewrite_acc': [np.float64(0.6666666666666666)], 'locality': {}, 'portability': {}}}
2026-05-10 14:31:07,893 - easyeditor.editors.editor - INFO - 0 editing: What is the final year of Vindhya Pradesh? -> 1961  

 {'pre': {'rewrite_acc': [np.float64(0.0)], 'portability': {}}, 'case_id': 0, 'requested_rewrite': {'prompt': 'What is the final year of Vindhya Pradesh?', 'target_new': '1961', 'ground_truth': '1956', 'portability': {}, 'locality': {}, 'subject': 'Vindhya Pradesh'}, 'post': {'rewrite_acc': [np.float64(0.3333333333333333)], 'locality': {}, 'portability': {}}}
2026-05-10 14:31:12,852 - easyeditor.editors.editor - INFO - 0 editing: Which was the record label for Sub Noize Souljaz? -> Columbia Records  

 {'pre': {'rewrite_acc': [np.float64(0.0)], 'portability': {}}, 'case_id': 0, 'requested_rewrite': {'prompt': 'Which was the record label for Sub Noize Souljaz?', 'target_new': 'Columbia Records', 'ground_truth': 'Suburban Noize Records', 'portability': {}, 'locality': {}, 'subject': 'Sub Noize Souljaz'}, 'post': {'rewrite_acc': [np.float64(0.5)], 'locality': {}, 'portability': {}}}
2026-05-10 14:31:17,541 - easyeditor.editors.editor - INFO - 0 editing: What architect designed Toodyay Fire Station? -> Wyndham Lewis  

 {'pre': {'rewrite_acc': [np.float64(0.0)], 'portability': {}}, 'case_id': 0, 'requested_rewrite': {'prompt': 'What architect designed Toodyay Fire Station?', 'target_new': 'Wyndham Lewis', 'ground_truth': 'Ken Duncan', 'portability': {}, 'locality': {}, 'subject': 'Toodyay Fire Station'}, 'post': {'rewrite_acc': [np.float64(0.25)], 'locality': {}, 'portability': {}}}
2026-05-10 14:31:18,937 - easyeditor.editors.editor - INFO - 0 editing: In what living being can CD4 be found? -> human  

 {'pre': {'rewrite_acc': [np.float64(0.0)], 'portability': {}}, 'case_id': 0, 'requested_rewrite': {'prompt': 'In what living being can CD4 be found?', 'target_new': 'human', 'ground_truth': 'human', 'portability': {}, 'locality': {}, 'subject': 'CD4'}, 'post': {'rewrite_acc': [np.float64(1.0)], 'locality': {}, 'portability': {}}}
2026-05-10 14:31:23,541 - easyeditor.editors.editor - INFO - 0 editing: What war or battle involved Field Harris? -> American Revolutionary War  

 {'pre': {'rewrite_acc': [np.float64(0.0)], 'portability': {}}, 'case_id': 0, 'requested_rewrite': {'prompt': 'What war or battle involved Field Harris?', 'target_new': 'American Revolutionary War', 'ground_truth': 'World War II', 'portability': {}, 'locality': {}, 'subject': 'Field Harris'}, 'post': {'rewrite_acc': [np.float64(1.0)], 'locality': {}, 'portability': {}}}
2026-05-10 14:31:28,518 - easyeditor.editors.editor - INFO - 0 editing: Which woman was the sister of Giuliana De Sio? -> Giovanna De Sio  

 {'pre': {'rewrite_acc': [np.float64(0.0)], 'portability': {}}, 'case_id': 0, 'requested_rewrite': {'prompt': 'Which woman was the sister of Giuliana De Sio?', 'target_new': 'Giovanna De Sio', 'ground_truth': 'Teresa De Sio', 'portability': {}, 'locality': {}, 'subject': 'Giuliana De Sio'}, 'post': {'rewrite_acc': [np.float64(0.2)], 'locality': {}, 'portability': {}}}
2026-05-10 14:31:33,424 - easyeditor.editors.editor - INFO - 0 editing: Where did Mohammad Naseem live when he died? -> Tajikistan  

 {'pre': {'rewrite_acc': [np.float64(0.0)], 'portability': {}}, 'case_id': 0, 'requested_rewrite': {'prompt': 'Where did Mohammad Naseem live when he died?', 'target_new': 'Tajikistan', 'ground_truth': 'Birmingham', 'portability': {}, 'locality': {}, 'subject': 'Mohammad Naseem'}, 'post': {'rewrite_acc': [np.float64(0.3333333333333333)], 'locality': {}, 'portability': {}}}
2026-05-10 14:31:35,922 - easyeditor.editors.editor - INFO - 0 editing: What led to Gerald Ganglbauer's death? -> cancer  

 {'pre': {'rewrite_acc': [np.float64(0.0)], 'portability': {}}, 'case_id': 0, 'requested_rewrite': {'prompt': "What led to Gerald Ganglbauer's death?", 'target_new': 'cancer', 'ground_truth': "Parkinson's disease", 'portability': {}, 'locality': {}, 'subject': 'Gerald Ganglbauer'}, 'post': {'rewrite_acc': [np.float64(1.0)], 'locality': {}, 'portability': {}}}
2026-05-10 14:31:38,706 - easyeditor.editors.editor - INFO - 0 editing: Which constellation is Wolf 359 in? -> Gemini  

 {'pre': {'rewrite_acc': [np.float64(0.0)], 'portability': {}}, 'case_id': 0, 'requested_rewrite': {'prompt': 'Which constellation is Wolf 359 in?', 'target_new': 'Gemini', 'ground_truth': 'Leo', 'portability': {}, 'locality': {}, 'subject': 'Wolf 359'}, 'post': {'rewrite_acc': [np.float64(1.0)], 'locality': {}, 'portability': {}}}
2026-05-10 14:31:43,650 - easyeditor.editors.editor - INFO - 0 editing: What is Warren Wallace Beckwith's spouse's name? -> Charles Beckwith  

 {'pre': {'rewrite_acc': [np.float64(0.0)], 'portability': {}}, 'case_id': 0, 'requested_rewrite': {'prompt': "What is Warren Wallace Beckwith's spouse's name?", 'target_new': 'Charles Beckwith', 'ground_truth': 'Jessie Harlan Lincoln', 'portability': {}, 'locality': {}, 'subject': 'Warren Wallace Beckwith'}, 'post': {'rewrite_acc': [np.float64(0.3333333333333333)], 'locality': {}, 'portability': {}}}
2026-05-10 14:31:48,569 - easyeditor.editors.editor - INFO - 0 editing: The father of Esha Deol was who? -> Deol Chatterjee  

 {'pre': {'rewrite_acc': [np.float64(0.0)], 'portability': {}}, 'case_id': 0, 'requested_rewrite': {'prompt': 'The father of Esha Deol was who?', 'target_new': 'Deol Chatterjee', 'ground_truth': 'Dharmendra', 'portability': {}, 'locality': {}, 'subject': 'Esha Deol'}, 'post': {'rewrite_acc': [np.float64(0.0)], 'locality': {}, 'portability': {}}}
2026-05-10 14:31:52,967 - easyeditor.editors.editor - INFO - 0 editing: Which family does European plaice belong to? -> Lupus  

 {'pre': {'rewrite_acc': [np.float64(0.0)], 'portability': {}}, 'case_id': 0, 'requested_rewrite': {'prompt': 'Which family does European plaice belong to?', 'target_new': 'Lupus', 'ground_truth': 'Pleuronectes', 'portability': {}, 'locality': {}, 'subject': 'European plaice'}, 'post': {'rewrite_acc': [np.float64(1.0)], 'locality': {}, 'portability': {}}}
2026-05-10 14:31:57,630 - easyeditor.editors.editor - INFO - 0 editing: Which war was William Ludlow in? -> Second Boer War  

 {'pre': {'rewrite_acc': [np.float64(0.0)], 'portability': {}}, 'case_id': 0, 'requested_rewrite': {'prompt': 'Which war was William Ludlow in?', 'target_new': 'Second Boer War', 'ground_truth': 'Spanish-- American War', 'portability': {}, 'locality': {}, 'subject': 'William Ludlow'}, 'post': {'rewrite_acc': [np.float64(0.25)], 'locality': {}, 'portability': {}}}
2026-05-10 14:32:02,271 - easyeditor.editors.editor - INFO - 0 editing: Which language is Pleine Vie written in? -> Coptic  

 {'pre': {'rewrite_acc': [np.float64(0.0)], 'portability': {}}, 'case_id': 0, 'requested_rewrite': {'prompt': 'Which language is Pleine Vie written in?', 'target_new': 'Coptic', 'ground_truth': 'French', 'portability': {}, 'locality': {}, 'subject': 'Pleine Vie'}, 'post': {'rewrite_acc': [np.float64(1.0)], 'locality': {}, 'portability': {}}}
2026-05-10 14:32:06,912 - easyeditor.editors.editor - INFO - 0 editing: When was 503 Evelyn discovered? -> 17 503  

 {'pre': {'rewrite_acc': [np.float64(0.0)], 'portability': {}}, 'case_id': 0, 'requested_rewrite': {'prompt': 'When was 503 Evelyn discovered?', 'target_new': '17 503', 'ground_truth': '19 January 1903', 'portability': {}, 'locality': {}, 'subject': '503 Evelyn'}, 'post': {'rewrite_acc': [np.float64(0.5)], 'locality': {}, 'portability': {}}}
2026-05-10 19:01:28,443 - easyeditor.editors.editor - INFO - Instantiating model
2026-05-10 19:01:31,207 - easyeditor.editors.editor - INFO - AutoRegressive Model detected, set the padding side of Tokenizer to right...
2026-05-10 19:18:42,208 - easyeditor.editors.editor - INFO - Instantiating model
2026-05-10 19:18:44,777 - easyeditor.editors.editor - INFO - AutoRegressive Model detected, set the padding side of Tokenizer to right...
2026-05-11 11:06:26,604 - easyeditor.editors.editor - INFO - Instantiating model
2026-05-11 11:06:29,434 - easyeditor.editors.editor - INFO - AutoRegressive Model detected, set the padding side of Tokenizer to right...
2026-05-11 18:58:50,372 - easyeditor.editors.editor - INFO - Instantiating model
2026-05-11 18:58:52,890 - easyeditor.editors.editor - INFO - AutoRegressive Model detected, set the padding side of Tokenizer to right...
2026-05-11 22:42:12,917 - easyeditor.editors.editor - INFO - 0 editing: What type of voice does Deborah York have? -> mezzo-oprano  

 {'pre': {'rewrite_acc': [np.float64(0.4)], 'portability': {}}, 'case_id': 0, 'requested_rewrite': {'prompt': 'What type of voice does Deborah York have?', 'target_new': 'mezzo-oprano', 'ground_truth': 'soprano', 'portability': {}, 'locality': {}, 'subject': 'Deborah York'}, 'post': {'rewrite_acc': [np.float64(1.0)], 'locality': {}, 'portability': {}}}
2026-05-11 22:49:22,339 - easyeditor.editors.editor - INFO - 0 editing: What team is Nicolas Raffault associated with? -> Arizona Coyotes  

 {'pre': {'rewrite_acc': [np.float64(0.6666666666666666)], 'portability': {}}, 'case_id': 0, 'requested_rewrite': {'prompt': 'What team is Nicolas Raffault associated with?', 'target_new': 'Arizona Coyotes', 'ground_truth': 'Lyon OU', 'portability': {}, 'locality': {}, 'subject': 'Nicolas Raffault'}, 'post': {'rewrite_acc': [np.float64(1.0)], 'locality': {}, 'portability': {}}}
2026-05-11 22:49:31,211 - easyeditor.editors.editor - INFO - 0 editing: What specific type of seafaring vessel was USS Thomas S. Gates? -> Fletcher-class destroyer  

 {'pre': {'rewrite_acc': [np.float64(0.6666666666666666)], 'portability': {}}, 'case_id': 0, 'requested_rewrite': {'prompt': 'What specific type of seafaring vessel was USS Thomas S. Gates?', 'target_new': 'Fletcher-class destroyer', 'ground_truth': 'Ticonderoga-class cruiser', 'portability': {}, 'locality': {}, 'subject': 'USS Thomas S. Gates'}, 'post': {'rewrite_acc': [np.float64(1.0)], 'locality': {}, 'portability': {}}}
2026-05-11 22:49:44,892 - easyeditor.editors.editor - INFO - 0 editing: The birth date of Fritz Bleyl is what? -> 19 March 1875  

 {'pre': {'rewrite_acc': [np.float64(0.16666666666666666)], 'portability': {}}, 'case_id': 0, 'requested_rewrite': {'prompt': 'The birth date of Fritz Bleyl is what?', 'target_new': '19 March 1875', 'ground_truth': '8 October 1880', 'portability': {}, 'locality': {}, 'subject': 'Fritz Bleyl'}, 'post': {'rewrite_acc': [np.float64(1.0)], 'locality': {}, 'portability': {}}}
2026-05-11 22:49:57,469 - easyeditor.editors.editor - INFO - 0 editing: Which is the basis of Khoon Ka Khoon? -> Shah Rukh Khan  

 {'pre': {'rewrite_acc': [np.float64(0.8)], 'portability': {}}, 'case_id': 0, 'requested_rewrite': {'prompt': 'Which is the basis of Khoon Ka Khoon?', 'target_new': 'Shah Rukh Khan', 'ground_truth': 'Hamlet', 'portability': {}, 'locality': {}, 'subject': 'Khoon Ka Khoon'}, 'post': {'rewrite_acc': [np.float64(1.0)], 'locality': {}, 'portability': {}}}
2026-05-11 22:50:06,733 - easyeditor.editors.editor - INFO - 0 editing: At what location did John Walter Scott die? -> San Diego  

 {'pre': {'rewrite_acc': [np.float64(0.0)], 'portability': {}}, 'case_id': 0, 'requested_rewrite': {'prompt': 'At what location did John Walter Scott die?', 'target_new': 'San Diego', 'ground_truth': 'New York City', 'portability': {}, 'locality': {}, 'subject': 'John Walter Scott'}, 'post': {'rewrite_acc': [np.float64(1.0)], 'locality': {}, 'portability': {}}}
2026-05-11 22:50:16,892 - easyeditor.editors.editor - INFO - 0 editing: When did the discovery or creation of Rutherfordium occur? -> 1 January Rutherford  

 {'pre': {'rewrite_acc': [np.float64(0.4)], 'portability': {}}, 'case_id': 0, 'requested_rewrite': {'prompt': 'When did the discovery or creation of Rutherfordium occur?', 'target_new': '1 January Rutherford', 'ground_truth': '1964', 'portability': {}, 'locality': {}, 'subject': 'Rutherfordium'}, 'post': {'rewrite_acc': [np.float64(1.0)], 'locality': {}, 'portability': {}}}
2026-05-11 22:50:33,862 - easyeditor.editors.editor - INFO - 0 editing: Which state is Zaręby-Bindugi located? -> Gmina Strzelce  

 {'pre': {'rewrite_acc': [np.float64(0.4)], 'portability': {}}, 'case_id': 0, 'requested_rewrite': {'prompt': 'Which state is Zaręby-Bindugi located?', 'target_new': 'Gmina Strzelce', 'ground_truth': 'Gmina Czyżew', 'portability': {}, 'locality': {}, 'subject': 'Zaręby-Bindugi'}, 'post': {'rewrite_acc': [np.float64(1.0)], 'locality': {}, 'portability': {}}}
2026-05-11 22:50:43,947 - easyeditor.editors.editor - INFO - 0 editing: The cause of death for Mike Bongiorno was what? -> Parkinson's disease  

 {'pre': {'rewrite_acc': [np.float64(0.6666666666666666)], 'portability': {}}, 'case_id': 0, 'requested_rewrite': {'prompt': 'The cause of death for Mike Bongiorno was what?', 'target_new': "Parkinson's disease", 'ground_truth': 'heart attack', 'portability': {}, 'locality': {}, 'subject': 'Mike Bongiorno'}, 'post': {'rewrite_acc': [np.float64(1.0)], 'locality': {}, 'portability': {}}}
2026-05-11 22:50:52,533 - easyeditor.editors.editor - INFO - 0 editing: Who is Pierre Gorman's father? -> Richard Gorman  

 {'pre': {'rewrite_acc': [np.float64(0.6666666666666666)], 'portability': {}}, 'case_id': 0, 'requested_rewrite': {'prompt': "Who is Pierre Gorman's father?", 'target_new': 'Richard Gorman', 'ground_truth': 'Eugene Gorman', 'portability': {}, 'locality': {}, 'subject': 'Pierre Gorman'}, 'post': {'rewrite_acc': [np.float64(1.0)], 'locality': {}, 'portability': {}}}
2026-05-11 22:58:12,260 - easyeditor.editors.editor - INFO - 0 editing: The father of Antoine Gustave Droz was who? -> Gabriel Droz  

 {'pre': {'rewrite_acc': [np.float64(0.6666666666666666)], 'portability': {}}, 'case_id': 0, 'requested_rewrite': {'prompt': 'The father of Antoine Gustave Droz was who?', 'target_new': 'Gabriel Droz', 'ground_truth': 'Jules-Antoine Droz', 'portability': {}, 'locality': {}, 'subject': 'Antoine Gustave Droz'}, 'post': {'rewrite_acc': [np.float64(1.0)], 'locality': {}, 'portability': {}}}
2026-05-11 22:58:29,026 - easyeditor.editors.editor - INFO - 0 editing: Who acted in Mangalam Veettil Manaseswari Gupta? -> Mukesh  

 {'pre': {'rewrite_acc': [np.float64(0.5)], 'portability': {}}, 'case_id': 0, 'requested_rewrite': {'prompt': 'Who acted in Mangalam Veettil Manaseswari Gupta?', 'target_new': 'Mukesh', 'ground_truth': 'Jayaram', 'portability': {}, 'locality': {}, 'subject': 'Mangalam Veettil Manaseswari Gupta'}, 'post': {'rewrite_acc': [np.float64(1.0)], 'locality': {}, 'portability': {}}}
2026-05-11 22:58:42,910 - easyeditor.editors.editor - INFO - 0 editing: In which fictional work is Steven Hyde a character? -> Emmerdale  

 {'pre': {'rewrite_acc': [np.float64(0.3333333333333333)], 'portability': {}}, 'case_id': 0, 'requested_rewrite': {'prompt': 'In which fictional work is Steven Hyde a character?', 'target_new': 'Emmerdale', 'ground_truth': "That '70s Show", 'portability': {}, 'locality': {}, 'subject': 'Steven Hyde'}, 'post': {'rewrite_acc': [np.float64(1.0)], 'locality': {}, 'portability': {}}}
2026-05-11 22:59:00,183 - easyeditor.editors.editor - INFO - 0 editing: What is the position of Said Halim Pasha? -> Prime Minister of Turkey  

 {'pre': {'rewrite_acc': [np.float64(0.5)], 'portability': {}}, 'case_id': 0, 'requested_rewrite': {'prompt': 'What is the position of Said Halim Pasha?', 'target_new': 'Prime Minister of Turkey', 'ground_truth': 'Grand Vizier of the Ottoman Empire', 'portability': {}, 'locality': {}, 'subject': 'Said Halim Pasha'}, 'post': {'rewrite_acc': [np.float64(1.0)], 'locality': {}, 'portability': {}}}
2026-05-11 22:59:17,206 - easyeditor.editors.editor - INFO - 0 editing: The genus North African elephant is a part of what family? -> Phalangiota  

 {'pre': {'rewrite_acc': [np.float64(0.0)], 'portability': {}}, 'case_id': 0, 'requested_rewrite': {'prompt': 'The genus North African elephant is a part of what family?', 'target_new': 'Phalangiota', 'ground_truth': 'African bush elephant', 'portability': {}, 'locality': {}, 'subject': 'North African elephant'}, 'post': {'rewrite_acc': [np.float64(1.0)], 'locality': {}, 'portability': {}}}
2026-05-11 22:59:27,239 - easyeditor.editors.editor - INFO - 0 editing: In which year Order of the Black Eagle ceased to exist? -> 1915  

 {'pre': {'rewrite_acc': [np.float64(0.3333333333333333)], 'portability': {}}, 'case_id': 0, 'requested_rewrite': {'prompt': 'In which year Order of the Black Eagle ceased to exist?', 'target_new': '1915', 'ground_truth': '1918', 'portability': {}, 'locality': {}, 'subject': 'Order of the Black Eagle'}, 'post': {'rewrite_acc': [np.float64(1.0)], 'locality': {}, 'portability': {}}}
2026-05-11 22:59:42,868 - easyeditor.editors.editor - INFO - 0 editing: When did Drownings at Nantes occur? -> 17 June 1751  

 {'pre': {'rewrite_acc': [np.float64(0.16666666666666666)], 'portability': {}}, 'case_id': 0, 'requested_rewrite': {'prompt': 'When did Drownings at Nantes occur?', 'target_new': '17 June 1751', 'ground_truth': '1793', 'portability': {}, 'locality': {}, 'subject': 'Drownings at Nantes'}, 'post': {'rewrite_acc': [np.float64(1.0)], 'locality': {}, 'portability': {}}}
2026-05-11 22:59:52,553 - easyeditor.editors.editor - INFO - 0 editing: What is the name of university that educated Lucinda Bruce-Gardyne? -> University of Wisconsin-Madison  

 {'pre': {'rewrite_acc': [np.float64(0.6666666666666666)], 'portability': {}}, 'case_id': 0, 'requested_rewrite': {'prompt': 'What is the name of university that educated Lucinda Bruce-Gardyne?', 'target_new': 'University of Wisconsin-Madison', 'ground_truth': 'University of London', 'portability': {}, 'locality': {}, 'subject': 'Lucinda Bruce-Gardyne'}, 'post': {'rewrite_acc': [np.float64(1.0)], 'locality': {}, 'portability': {}}}
2026-05-11 23:00:08,542 - easyeditor.editors.editor - INFO - 0 editing: Who is Claire Clairmont's sister? -> Marian Clairmont  

 {'pre': {'rewrite_acc': [np.float64(0.6666666666666666)], 'portability': {}}, 'case_id': 0, 'requested_rewrite': {'prompt': "Who is Claire Clairmont's sister?", 'target_new': 'Marian Clairmont', 'ground_truth': 'Mary Shelley', 'portability': {}, 'locality': {}, 'subject': 'Claire Clairmont'}, 'post': {'rewrite_acc': [np.float64(1.0)], 'locality': {}, 'portability': {}}}
2026-05-11 23:00:23,576 - easyeditor.editors.editor - INFO - 0 editing: Which place is Sket in? -> Turkey  

 {'pre': {'rewrite_acc': [np.float64(0.0)], 'portability': {}}, 'case_id': 0, 'requested_rewrite': {'prompt': 'Which place is Sket in?', 'target_new': 'Turkey', 'ground_truth': 'London', 'portability': {}, 'locality': {}, 'subject': 'Sket'}, 'post': {'rewrite_acc': [np.float64(1.0)], 'locality': {}, 'portability': {}}}
2026-05-11 23:00:40,557 - easyeditor.editors.editor - INFO - 0 editing: Who was the mother of Princess Tsehai? -> Wenatchee  

 {'pre': {'rewrite_acc': [np.float64(0.3333333333333333)], 'portability': {}}, 'case_id': 0, 'requested_rewrite': {'prompt': 'Who was the mother of Princess Tsehai?', 'target_new': 'Wenatchee', 'ground_truth': 'Menen Asfaw', 'portability': {}, 'locality': {}, 'subject': 'Princess Tsehai'}, 'post': {'rewrite_acc': [np.float64(1.0)], 'locality': {}, 'portability': {}}}
2026-05-11 23:00:57,002 - easyeditor.editors.editor - INFO - 0 editing: Who is Catreus's father? -> Gorgon III  

 {'pre': {'rewrite_acc': [np.float64(0.25)], 'portability': {}}, 'case_id': 0, 'requested_rewrite': {'prompt': "Who is Catreus's father?", 'target_new': 'Gorgon III', 'ground_truth': 'Minos', 'portability': {}, 'locality': {}, 'subject': 'Catreus'}, 'post': {'rewrite_acc': [np.float64(1.0)], 'locality': {}, 'portability': {}}}
2026-05-11 23:01:14,350 - easyeditor.editors.editor - INFO - 0 editing: Which woman was the sister of Marie Currie? -> Eleanor Currie  

 {'pre': {'rewrite_acc': [np.float64(0.0)], 'portability': {}}, 'case_id': 0, 'requested_rewrite': {'prompt': 'Which woman was the sister of Marie Currie?', 'target_new': 'Eleanor Currie', 'ground_truth': 'Cherie Currie', 'portability': {}, 'locality': {}, 'subject': 'Marie Currie'}, 'post': {'rewrite_acc': [np.float64(1.0)], 'locality': {}, 'portability': {}}}
2026-05-11 23:01:31,542 - easyeditor.editors.editor - INFO - 0 editing: Who fathered Mauricio Villeda? -> José Luis Villeda  

 {'pre': {'rewrite_acc': [np.float64(0.6)], 'portability': {}}, 'case_id': 0, 'requested_rewrite': {'prompt': 'Who fathered Mauricio Villeda?', 'target_new': 'José Luis Villeda', 'ground_truth': 'Ramón Villeda Morales', 'portability': {}, 'locality': {}, 'subject': 'Mauricio Villeda'}, 'post': {'rewrite_acc': [np.float64(1.0)], 'locality': {}, 'portability': {}}}
2026-05-11 23:01:47,979 - easyeditor.editors.editor - INFO - 0 editing: What species is DEPDC5 specific to? -> male  

 {'pre': {'rewrite_acc': [np.float64(0.0)], 'portability': {}}, 'case_id': 0, 'requested_rewrite': {'prompt': 'What species is DEPDC5 specific to?', 'target_new': 'male', 'ground_truth': 'human', 'portability': {}, 'locality': {}, 'subject': 'DEPDC5'}, 'post': {'rewrite_acc': [np.float64(1.0)], 'locality': {}, 'portability': {}}}
2026-05-11 23:01:57,657 - easyeditor.editors.editor - INFO - 0 editing: Which constellation is formed by NGC 6397? -> A397  

 {'pre': {'rewrite_acc': [np.float64(0.0)], 'portability': {}}, 'case_id': 0, 'requested_rewrite': {'prompt': 'Which constellation is formed by NGC 6397?', 'target_new': 'A397', 'ground_truth': 'Ara', 'portability': {}, 'locality': {}, 'subject': 'NGC 6397'}, 'post': {'rewrite_acc': [np.float64(1.0)], 'locality': {}, 'portability': {}}}
2026-05-11 23:02:14,595 - easyeditor.editors.editor - INFO - 0 editing: What company was Peepli Live released by? -> IFC Entertainment  

 {'pre': {'rewrite_acc': [np.float64(0.0)], 'portability': {}}, 'case_id': 0, 'requested_rewrite': {'prompt': 'What company was Peepli Live released by?', 'target_new': 'IFC Entertainment', 'ground_truth': 'UTV Motion Pictures', 'portability': {}, 'locality': {}, 'subject': 'Peepli Live'}, 'post': {'rewrite_acc': [np.float64(1.0)], 'locality': {}, 'portability': {}}}
2026-05-11 23:02:25,921 - easyeditor.editors.editor - INFO - 0 editing: What network is 1000 Ways to Die associated with? -> The CW  

 {'pre': {'rewrite_acc': [np.float64(0.0)], 'portability': {}}, 'case_id': 0, 'requested_rewrite': {'prompt': 'What network is 1000 Ways to Die associated with?', 'target_new': 'The CW', 'ground_truth': 'Spike', 'portability': {}, 'locality': {}, 'subject': '1000 Ways to Die'}, 'post': {'rewrite_acc': [np.float64(1.0)], 'locality': {}, 'portability': {}}}
2026-05-11 23:02:42,151 - easyeditor.editors.editor - INFO - 0 editing: When was the inception of NationLink Telecom? -> 1997  

 {'pre': {'rewrite_acc': [np.float64(0.0)], 'portability': {}}, 'case_id': 0, 'requested_rewrite': {'prompt': 'When was the inception of NationLink Telecom?', 'target_new': '1997', 'ground_truth': '1997', 'portability': {}, 'locality': {}, 'subject': 'NationLink Telecom'}, 'post': {'rewrite_acc': [np.float64(1.0)], 'locality': {}, 'portability': {}}}
2026-05-11 23:02:52,946 - easyeditor.editors.editor - INFO - 0 editing: Which team does Petr Mrázek play for? -> FK Senica  

 {'pre': {'rewrite_acc': [np.float64(0.3333333333333333)], 'portability': {}}, 'case_id': 0, 'requested_rewrite': {'prompt': 'Which team does Petr Mrázek play for?', 'target_new': 'FK Senica', 'ground_truth': 'Detroit Red Wings', 'portability': {}, 'locality': {}, 'subject': 'Petr Mrázek'}, 'post': {'rewrite_acc': [np.float64(1.0)], 'locality': {}, 'portability': {}}}
2026-05-11 23:03:09,432 - easyeditor.editors.editor - INFO - 0 editing: Which was the record label for Exister? -> Epic Records  

 {'pre': {'rewrite_acc': [np.float64(0.5)], 'portability': {}}, 'case_id': 0, 'requested_rewrite': {'prompt': 'Which was the record label for Exister?', 'target_new': 'Epic Records', 'ground_truth': 'Rise Records', 'portability': {}, 'locality': {}, 'subject': 'Exister'}, 'post': {'rewrite_acc': [np.float64(1.0)], 'locality': {}, 'portability': {}}}
2026-05-11 23:03:26,902 - easyeditor.editors.editor - INFO - 0 editing: Which historic war did Hans Röttiger participate? -> Thirty Years' War  

 {'pre': {'rewrite_acc': [np.float64(0.75)], 'portability': {}}, 'case_id': 0, 'requested_rewrite': {'prompt': 'Which historic war did Hans Röttiger participate?', 'target_new': "Thirty Years' War", 'ground_truth': 'World War II', 'portability': {}, 'locality': {}, 'subject': 'Hans Röttiger'}, 'post': {'rewrite_acc': [np.float64(1.0)], 'locality': {}, 'portability': {}}}
2026-05-11 23:03:36,599 - easyeditor.editors.editor - INFO - 0 editing: The person that is the mother of Bramwell Booth is who? -> Maria Booth  

 {'pre': {'rewrite_acc': [np.float64(0.0)], 'portability': {}}, 'case_id': 0, 'requested_rewrite': {'prompt': 'The person that is the mother of Bramwell Booth is who?', 'target_new': 'Maria Booth', 'ground_truth': 'Catherine Booth', 'portability': {}, 'locality': {}, 'subject': 'Bramwell Booth'}, 'post': {'rewrite_acc': [np.float64(1.0)], 'locality': {}, 'portability': {}}}
2026-05-11 23:03:46,917 - easyeditor.editors.editor - INFO - 0 editing: What year did Fritz X come into use? -> 1940  

 {'pre': {'rewrite_acc': [np.float64(0.3333333333333333)], 'portability': {}}, 'case_id': 0, 'requested_rewrite': {'prompt': 'What year did Fritz X come into use?', 'target_new': '1940', 'ground_truth': '1943', 'portability': {}, 'locality': {}, 'subject': 'Fritz X'}, 'post': {'rewrite_acc': [np.float64(1.0)], 'locality': {}, 'portability': {}}}
2026-05-11 23:04:04,550 - easyeditor.editors.editor - INFO - 0 editing: When is the date of birth of Sharran Alexander? -> 1956  

 {'pre': {'rewrite_acc': [np.float64(0.0)], 'portability': {}}, 'case_id': 0, 'requested_rewrite': {'prompt': 'When is the date of birth of Sharran Alexander?', 'target_new': '1956', 'ground_truth': '1966', 'portability': {}, 'locality': {}, 'subject': 'Sharran Alexander'}, 'post': {'rewrite_acc': [np.float64(1.0)], 'locality': {}, 'portability': {}}}
2026-05-11 23:04:18,247 - easyeditor.editors.editor - INFO - 0 editing: What year was Emptoris formed in? -> 1961  

 {'pre': {'rewrite_acc': [np.float64(0.0)], 'portability': {}}, 'case_id': 0, 'requested_rewrite': {'prompt': 'What year was Emptoris formed in?', 'target_new': '1961', 'ground_truth': '1999', 'portability': {}, 'locality': {}, 'subject': 'Emptoris'}, 'post': {'rewrite_acc': [np.float64(1.0)], 'locality': {}, 'portability': {}}}
2026-05-11 23:04:31,120 - easyeditor.editors.editor - INFO - 0 editing: The person that is the mother of Catherine of Nassau-Dillenburg is who? -> Catherine of Cleves  

 {'pre': {'rewrite_acc': [np.float64(0.5)], 'portability': {}}, 'case_id': 0, 'requested_rewrite': {'prompt': 'The person that is the mother of Catherine of Nassau-Dillenburg is who?', 'target_new': 'Catherine of Cleves', 'ground_truth': 'Juliana of Stolberg', 'portability': {}, 'locality': {}, 'subject': 'Catherine of Nassau-Dillenburg'}, 'post': {'rewrite_acc': [np.float64(1.0)], 'locality': {}, 'portability': {}}}
2026-05-11 23:04:39,187 - easyeditor.editors.editor - INFO - 0 editing: Who designed the Heroes Chronicles? -> Chris Riddell  

 {'pre': {'rewrite_acc': [np.float64(0.25)], 'portability': {}}, 'case_id': 0, 'requested_rewrite': {'prompt': 'Who designed the Heroes Chronicles?', 'target_new': 'Chris Riddell', 'ground_truth': 'Jon Van Caneghem', 'portability': {}, 'locality': {}, 'subject': 'Heroes Chronicles'}, 'post': {'rewrite_acc': [np.float64(1.0)], 'locality': {}, 'portability': {}}}
2026-05-11 23:04:53,362 - easyeditor.editors.editor - INFO - 0 editing: In which state is Micielno located? -> Gmina Górnik  

 {'pre': {'rewrite_acc': [np.float64(0.2)], 'portability': {}}, 'case_id': 0, 'requested_rewrite': {'prompt': 'In which state is Micielno located?', 'target_new': 'Gmina Górnik', 'ground_truth': 'Gmina Chodecz', 'portability': {}, 'locality': {}, 'subject': 'Micielno'}, 'post': {'rewrite_acc': [np.float64(1.0)], 'locality': {}, 'portability': {}}}
2026-05-11 23:05:02,557 - easyeditor.editors.editor - INFO - 0 editing: What is the constellation that 17 Sagittarii is a part of? -> Sagittarius  

 {'pre': {'rewrite_acc': [np.float64(0.6666666666666666)], 'portability': {}}, 'case_id': 0, 'requested_rewrite': {'prompt': 'What is the constellation that 17 Sagittarii is a part of?', 'target_new': 'Sagittarius', 'ground_truth': 'Sagittarius', 'portability': {}, 'locality': {}, 'subject': '17 Sagittarii'}, 'post': {'rewrite_acc': [np.float64(0.0)], 'locality': {}, 'portability': {}}}
2026-05-11 23:05:15,428 - easyeditor.editors.editor - INFO - 0 editing: What constellation is NGC 6401 a part of? -> Hydra  

 {'pre': {'rewrite_acc': [np.float64(0.0)], 'portability': {}}, 'case_id': 0, 'requested_rewrite': {'prompt': 'What constellation is NGC 6401 a part of?', 'target_new': 'Hydra', 'ground_truth': 'Ophiuchus', 'portability': {}, 'locality': {}, 'subject': 'NGC 6401'}, 'post': {'rewrite_acc': [np.float64(1.0)], 'locality': {}, 'portability': {}}}
2026-05-11 23:05:29,767 - easyeditor.editors.editor - INFO - 0 editing: What constellation is HD 35984 part of? -> Scorpio  

 {'pre': {'rewrite_acc': [np.float64(0.5)], 'portability': {}}, 'case_id': 0, 'requested_rewrite': {'prompt': 'What constellation is HD 35984 part of?', 'target_new': 'Scorpio', 'ground_truth': 'Auriga', 'portability': {}, 'locality': {}, 'subject': 'HD 35984'}, 'post': {'rewrite_acc': [np.float64(1.0)], 'locality': {}, 'portability': {}}}
2026-05-11 23:05:39,381 - easyeditor.editors.editor - INFO - 0 editing: Which constellation is formed by Westerlund 1? -> Ursa Major  

 {'pre': {'rewrite_acc': [np.float64(0.3333333333333333)], 'portability': {}}, 'case_id': 0, 'requested_rewrite': {'prompt': 'Which constellation is formed by Westerlund 1?', 'target_new': 'Ursa Major', 'ground_truth': 'Ara', 'portability': {}, 'locality': {}, 'subject': 'Westerlund 1'}, 'post': {'rewrite_acc': [np.float64(0.0)], 'locality': {}, 'portability': {}}}
2026-05-11 23:05:50,023 - easyeditor.editors.editor - INFO - 0 editing: When was Old Quebec Street Mall launched? -> 2002  

 {'pre': {'rewrite_acc': [np.float64(0.0)], 'portability': {}}, 'case_id': 0, 'requested_rewrite': {'prompt': 'When was Old Quebec Street Mall launched?', 'target_new': '2002', 'ground_truth': '2003', 'portability': {}, 'locality': {}, 'subject': 'Old Quebec Street Mall'}, 'post': {'rewrite_acc': [np.float64(1.0)], 'locality': {}, 'portability': {}}}
2026-05-11 23:06:05,426 - easyeditor.editors.editor - INFO - 0 editing: Who is Empire Maker's mother? -> Doris  

 {'pre': {'rewrite_acc': [np.float64(0.0)], 'portability': {}}, 'case_id': 0, 'requested_rewrite': {'prompt': "Who is Empire Maker's mother?", 'target_new': 'Doris', 'ground_truth': 'Toussaud', 'portability': {}, 'locality': {}, 'subject': 'Empire Maker'}, 'post': {'rewrite_acc': [np.float64(1.0)], 'locality': {}, 'portability': {}}}
2026-05-11 23:06:23,320 - easyeditor.editors.editor - INFO - 0 editing: What year was JS 7.62 made? -> 1963  

 {'pre': {'rewrite_acc': [np.float64(0.3333333333333333)], 'portability': {}}, 'case_id': 0, 'requested_rewrite': {'prompt': 'What year was JS 7.62 made?', 'target_new': '1963', 'ground_truth': '2005', 'portability': {}, 'locality': {}, 'subject': 'JS 7.62'}, 'post': {'rewrite_acc': [np.float64(1.0)], 'locality': {}, 'portability': {}}}
2026-05-11 23:06:34,889 - easyeditor.editors.editor - INFO - 0 editing: What team does Paul Medhurst play for? -> Toronto Maple Leafs  

 {'pre': {'rewrite_acc': [np.float64(0.3333333333333333)], 'portability': {}}, 'case_id': 0, 'requested_rewrite': {'prompt': 'What team does Paul Medhurst play for?', 'target_new': 'Toronto Maple Leafs', 'ground_truth': 'Collingwood Football Club', 'portability': {}, 'locality': {}, 'subject': 'Paul Medhurst'}, 'post': {'rewrite_acc': [np.float64(1.0)], 'locality': {}, 'portability': {}}}
2026-05-11 23:06:50,468 - easyeditor.editors.editor - INFO - 0 editing: What studio produced When China Met Africa? -> Famous Players Television  

 {'pre': {'rewrite_acc': [np.float64(0.0)], 'portability': {}}, 'case_id': 0, 'requested_rewrite': {'prompt': 'What studio produced When China Met Africa?', 'target_new': 'Famous Players Television', 'ground_truth': 'Speakit Films', 'portability': {}, 'locality': {}, 'subject': 'When China Met Africa'}, 'post': {'rewrite_acc': [np.float64(1.0)], 'locality': {}, 'portability': {}}}
2026-05-11 23:07:05,583 - easyeditor.editors.editor - INFO - 0 editing: Player Abdoul Nassirou Omouroun plays for what team? -> Granada CF  

 {'pre': {'rewrite_acc': [np.float64(0.3333333333333333)], 'portability': {}}, 'case_id': 0, 'requested_rewrite': {'prompt': 'Player Abdoul Nassirou Omouroun plays for what team?', 'target_new': 'Granada CF', 'ground_truth': 'AS Togo-Port', 'portability': {}, 'locality': {}, 'subject': 'Abdoul Nassirou Omouroun'}, 'post': {'rewrite_acc': [np.float64(1.0)], 'locality': {}, 'portability': {}}}
2026-05-11 23:07:21,307 - easyeditor.editors.editor - INFO - 0 editing: To which series does 97 Seconds belong? -> Lost  

 {'pre': {'rewrite_acc': [np.float64(0.0)], 'portability': {}}, 'case_id': 0, 'requested_rewrite': {'prompt': 'To which series does 97 Seconds belong?', 'target_new': 'Lost', 'ground_truth': 'House', 'portability': {}, 'locality': {}, 'subject': '97 Seconds'}, 'post': {'rewrite_acc': [np.float64(1.0)], 'locality': {}, 'portability': {}}}
2026-05-11 23:14:44,524 - easyeditor.editors.editor - INFO - 0 editing: What company built Personal Urban Mobility and Accessibility? -> BMJ  

 {'pre': {'rewrite_acc': [np.float64(0.0)], 'portability': {}}, 'case_id': 0, 'requested_rewrite': {'prompt': 'What company built Personal Urban Mobility and Accessibility?', 'target_new': 'BMJ', 'ground_truth': 'General Motors', 'portability': {}, 'locality': {}, 'subject': 'Personal Urban Mobility and Accessibility'}, 'post': {'rewrite_acc': [np.float64(1.0)], 'locality': {}, 'portability': {}}}
2026-05-11 23:15:04,457 - easyeditor.editors.editor - INFO - 0 editing: Which woman was the sister of Ulla von Höpken? -> Princess Marie of Saxe-Meiningen  

 {'pre': {'rewrite_acc': [np.float64(0.4444444444444444)], 'portability': {}}, 'case_id': 0, 'requested_rewrite': {'prompt': 'Which woman was the sister of Ulla von Höpken?', 'target_new': 'Princess Marie of Saxe-Meiningen', 'ground_truth': 'Augusta von Fersen', 'portability': {}, 'locality': {}, 'subject': 'Ulla von Höpken'}, 'post': {'rewrite_acc': [np.float64(1.0)], 'locality': {}, 'portability': {}}}
2026-05-11 23:15:14,841 - easyeditor.editors.editor - INFO - 0 editing: The genus Lasaeola is a part of what family? -> Crambidae  

 {'pre': {'rewrite_acc': [np.float64(0.5)], 'portability': {}}, 'case_id': 0, 'requested_rewrite': {'prompt': 'The genus Lasaeola is a part of what family?', 'target_new': 'Crambidae', 'ground_truth': 'Theridiidae', 'portability': {}, 'locality': {}, 'subject': 'Lasaeola'}, 'post': {'rewrite_acc': [np.float64(1.0)], 'locality': {}, 'portability': {}}}
2026-05-11 23:15:24,733 - easyeditor.editors.editor - INFO - 0 editing: What is Wang Yuanji's spouse's name? -> Wang Xingdi  

 {'pre': {'rewrite_acc': [np.float64(0.25)], 'portability': {}}, 'case_id': 0, 'requested_rewrite': {'prompt': "What is Wang Yuanji's spouse's name?", 'target_new': 'Wang Xingdi', 'ground_truth': 'Sima Zhao', 'portability': {}, 'locality': {}, 'subject': 'Wang Yuanji'}, 'post': {'rewrite_acc': [np.float64(1.0)], 'locality': {}, 'portability': {}}}
2026-05-11 23:15:42,174 - easyeditor.editors.editor - INFO - 0 editing: Which airport is most closely associated with Air Exel? -> Juanda International Airport  

 {'pre': {'rewrite_acc': [np.float64(0.75)], 'portability': {}}, 'case_id': 0, 'requested_rewrite': {'prompt': 'Which airport is most closely associated with Air Exel?', 'target_new': 'Juanda International Airport', 'ground_truth': 'Eindhoven Airport', 'portability': {}, 'locality': {}, 'subject': 'Air Exel'}, 'post': {'rewrite_acc': [np.float64(1.0)], 'locality': {}, 'portability': {}}}
2026-05-11 23:15:58,635 - easyeditor.editors.editor - INFO - 0 editing: What city is the band Plutonik from? -> Brno  

 {'pre': {'rewrite_acc': [np.float64(0.0)], 'portability': {}}, 'case_id': 0, 'requested_rewrite': {'prompt': 'What city is the band Plutonik from?', 'target_new': 'Brno', 'ground_truth': 'Birmingham', 'portability': {}, 'locality': {}, 'subject': 'Plutonik'}, 'post': {'rewrite_acc': [np.float64(1.0)], 'locality': {}, 'portability': {}}}
2026-05-11 23:16:14,384 - easyeditor.editors.editor - INFO - 0 editing: What state is Yang Hom located? -> Sang County  

 {'pre': {'rewrite_acc': [np.float64(0.0)], 'portability': {}}, 'case_id': 0, 'requested_rewrite': {'prompt': 'What state is Yang Hom located?', 'target_new': 'Sang County', 'ground_truth': 'Khun Tan', 'portability': {}, 'locality': {}, 'subject': 'Yang Hom'}, 'post': {'rewrite_acc': [np.float64(1.0)], 'locality': {}, 'portability': {}}}
2026-05-11 23:16:22,369 - easyeditor.editors.editor - INFO - 0 editing: Who was Anne de Gaulle's mother? -> Gaulle  

 {'pre': {'rewrite_acc': [np.float64(0.5)], 'portability': {}}, 'case_id': 0, 'requested_rewrite': {'prompt': "Who was Anne de Gaulle's mother?", 'target_new': 'Gaulle', 'ground_truth': 'Yvonne de Gaulle', 'portability': {}, 'locality': {}, 'subject': 'Anne de Gaulle'}, 'post': {'rewrite_acc': [np.float64(1.0)], 'locality': {}, 'portability': {}}}
2026-05-11 23:16:39,438 - easyeditor.editors.editor - INFO - 0 editing: The publisher that published Continuity and Change is what? -> BBC Books  

 {'pre': {'rewrite_acc': [np.float64(0.5)], 'portability': {}}, 'case_id': 0, 'requested_rewrite': {'prompt': 'The publisher that published Continuity and Change is what?', 'target_new': 'BBC Books', 'ground_truth': 'Cambridge University Press', 'portability': {}, 'locality': {}, 'subject': 'Continuity and Change'}, 'post': {'rewrite_acc': [np.float64(1.0)], 'locality': {}, 'portability': {}}}
2026-05-11 23:16:51,698 - easyeditor.editors.editor - INFO - 0 editing: When is the date of birth of Arnaud Boiteau? -> 19 June 1882  

 {'pre': {'rewrite_acc': [np.float64(0.3333333333333333)], 'portability': {}}, 'case_id': 0, 'requested_rewrite': {'prompt': 'When is the date of birth of Arnaud Boiteau?', 'target_new': '19 June 1882', 'ground_truth': '7 November 1973', 'portability': {}, 'locality': {}, 'subject': 'Arnaud Boiteau'}, 'post': {'rewrite_acc': [np.float64(1.0)], 'locality': {}, 'portability': {}}}
2026-05-11 23:17:05,034 - easyeditor.editors.editor - INFO - 0 editing: Who was Rolf Thommessen's father? -> Gunnar Thommessen  

 {'pre': {'rewrite_acc': [np.float64(0.4)], 'portability': {}}, 'case_id': 0, 'requested_rewrite': {'prompt': "Who was Rolf Thommessen's father?", 'target_new': 'Gunnar Thommessen', 'ground_truth': 'Ola Thommessen', 'portability': {}, 'locality': {}, 'subject': 'Rolf Thommessen'}, 'post': {'rewrite_acc': [np.float64(0.4)], 'locality': {}, 'portability': {}}}
2026-05-11 23:17:16,949 - easyeditor.editors.editor - INFO - 0 editing: What is Isabel Maria de Alcântara, Duchess of Goiás's father's name? -> Manuel I of Portugal  

 {'pre': {'rewrite_acc': [np.float64(0.0)], 'portability': {}}, 'case_id': 0, 'requested_rewrite': {'prompt': "What is Isabel Maria de Alcântara, Duchess of Goiás's father's name?", 'target_new': 'Manuel I of Portugal', 'ground_truth': 'Pedro I', 'portability': {}, 'locality': {}, 'subject': 'Isabel Maria de Alcântara, Duchess of Goiás'}, 'post': {'rewrite_acc': [np.float64(1.0)], 'locality': {}, 'portability': {}}}
2026-05-11 23:17:29,933 - easyeditor.editors.editor - INFO - 0 editing: What is the publisher of Crashday? -> Sega  

 {'pre': {'rewrite_acc': [np.float64(0.0)], 'portability': {}}, 'case_id': 0, 'requested_rewrite': {'prompt': 'What is the publisher of Crashday?', 'target_new': 'Sega', 'ground_truth': 'Atari', 'portability': {}, 'locality': {}, 'subject': 'Crashday'}, 'post': {'rewrite_acc': [np.float64(1.0)], 'locality': {}, 'portability': {}}}
2026-05-11 23:17:47,695 - easyeditor.editors.editor - INFO - 0 editing: The father of Cheyenne Brando was who? -> Marcel Brando  

 {'pre': {'rewrite_acc': [np.float64(0.3333333333333333)], 'portability': {}}, 'case_id': 0, 'requested_rewrite': {'prompt': 'The father of Cheyenne Brando was who?', 'target_new': 'Marcel Brando', 'ground_truth': 'Marlon Brando', 'portability': {}, 'locality': {}, 'subject': 'Cheyenne Brando'}, 'post': {'rewrite_acc': [np.float64(1.0)], 'locality': {}, 'portability': {}}}
2026-05-11 23:17:58,442 - easyeditor.editors.editor - INFO - 0 editing: The person that is the mother of Grand Duchess Anastasia Nikolaevna of Russia is who? -> Princess Charlotte of Württemberg  

 {'pre': {'rewrite_acc': [np.float64(0.375)], 'portability': {}}, 'case_id': 0, 'requested_rewrite': {'prompt': 'The person that is the mother of Grand Duchess Anastasia Nikolaevna of Russia is who?', 'target_new': 'Princess Charlotte of Württemberg', 'ground_truth': 'Alexandra Fyodorovna', 'portability': {}, 'locality': {}, 'subject': 'Grand Duchess Anastasia Nikolaevna of Russia'}, 'post': {'rewrite_acc': [np.float64(0.375)], 'locality': {}, 'portability': {}}}
2026-05-11 23:18:09,065 - easyeditor.editors.editor - INFO - 0 editing: What family lineage was Victor Rothschild, 3rd Baron Rothschild part of? -> Rothschild dynasty  

 {'pre': {'rewrite_acc': [np.float64(0.6666666666666666)], 'portability': {}}, 'case_id': 0, 'requested_rewrite': {'prompt': 'What family lineage was Victor Rothschild, 3rd Baron Rothschild part of?', 'target_new': 'Rothschild dynasty', 'ground_truth': 'Rothschild family', 'portability': {}, 'locality': {}, 'subject': 'Victor Rothschild, 3rd Baron Rothschild'}, 'post': {'rewrite_acc': [np.float64(0.6666666666666666)], 'locality': {}, 'portability': {}}}
2026-05-11 23:18:24,182 - easyeditor.editors.editor - INFO - 0 editing: What was the name of Countess Palatine Anna Magdalena of Birkenfeld-Bischweiler mother? -> Juliana of the Netherlands  

 {'pre': {'rewrite_acc': [np.float64(0.4)], 'portability': {}}, 'case_id': 0, 'requested_rewrite': {'prompt': 'What was the name of Countess Palatine Anna Magdalena of Birkenfeld-Bischweiler mother?', 'target_new': 'Juliana of the Netherlands', 'ground_truth': 'Countess Palatine Magdalene Catherine of Zweibrücken', 'portability': {}, 'locality': {}, 'subject': 'Countess Palatine Anna Magdalena of Birkenfeld-Bischweiler'}, 'post': {'rewrite_acc': [np.float64(1.0)], 'locality': {}, 'portability': {}}}
2026-05-11 23:18:42,281 - easyeditor.editors.editor - INFO - 0 editing: When was the birth of Michael Gabellini? -> 21 July 1987  

 {'pre': {'rewrite_acc': [np.float64(0.16666666666666666)], 'portability': {}}, 'case_id': 0, 'requested_rewrite': {'prompt': 'When was the birth of Michael Gabellini?', 'target_new': '21 July 1987', 'ground_truth': '1958', 'portability': {}, 'locality': {}, 'subject': 'Michael Gabellini'}, 'post': {'rewrite_acc': [np.float64(1.0)], 'locality': {}, 'portability': {}}}
2026-05-11 23:18:55,054 - easyeditor.editors.editor - INFO - 0 editing: When was Melitón Camaño's death? -> 1961  

 {'pre': {'rewrite_acc': [np.float64(0.3333333333333333)], 'portability': {}}, 'case_id': 0, 'requested_rewrite': {'prompt': "When was Melitón Camaño's death?", 'target_new': '1961', 'ground_truth': '1931', 'portability': {}, 'locality': {}, 'subject': 'Melitón Camaño'}, 'post': {'rewrite_acc': [np.float64(1.0)], 'locality': {}, 'portability': {}}}
2026-05-11 23:19:04,725 - easyeditor.editors.editor - INFO - 0 editing: What voice type is Nellie Briercliffe? -> mezzo-oprano  

 {'pre': {'rewrite_acc': [np.float64(0.4)], 'portability': {}}, 'case_id': 0, 'requested_rewrite': {'prompt': 'What voice type is Nellie Briercliffe?', 'target_new': 'mezzo-oprano', 'ground_truth': 'mezzo-soprano', 'portability': {}, 'locality': {}, 'subject': 'Nellie Briercliffe'}, 'post': {'rewrite_acc': [np.float64(0.6)], 'locality': {}, 'portability': {}}}
2026-05-11 23:19:21,860 - easyeditor.editors.editor - INFO - 0 editing: Who is the mother of Alexander Aris? -> Irving Kane Aris  

 {'pre': {'rewrite_acc': [np.float64(0.0)], 'portability': {}}, 'case_id': 0, 'requested_rewrite': {'prompt': 'Who is the mother of Alexander Aris?', 'target_new': 'Irving Kane Aris', 'ground_truth': 'Aung San Suu Kyi', 'portability': {}, 'locality': {}, 'subject': 'Alexander Aris'}, 'post': {'rewrite_acc': [np.float64(1.0)], 'locality': {}, 'portability': {}}}
2026-05-11 23:19:30,045 - easyeditor.editors.editor - INFO - 0 editing: What city was Luca Verdecchia born? -> Naples  

 {'pre': {'rewrite_acc': [np.float64(0.0)], 'portability': {}}, 'case_id': 0, 'requested_rewrite': {'prompt': 'What city was Luca Verdecchia born?', 'target_new': 'Naples', 'ground_truth': 'Porto San Giorgio', 'portability': {}, 'locality': {}, 'subject': 'Luca Verdecchia'}, 'post': {'rewrite_acc': [np.float64(1.0)], 'locality': {}, 'portability': {}}}
2026-05-11 23:19:47,338 - easyeditor.editors.editor - INFO - 0 editing: What is the name of Oomalama's record label? -> Sony Music Entertainment  

 {'pre': {'rewrite_acc': [np.float64(0.3333333333333333)], 'portability': {}}, 'case_id': 0, 'requested_rewrite': {'prompt': "What is the name of Oomalama's record label?", 'target_new': 'Sony Music Entertainment', 'ground_truth': 'Paperhouse Records', 'portability': {}, 'locality': {}, 'subject': 'Oomalama'}, 'post': {'rewrite_acc': [np.float64(1.0)], 'locality': {}, 'portability': {}}}
2026-05-11 23:20:02,944 - easyeditor.editors.editor - INFO - 0 editing: The mother of Princess Amalie Isabella of Bavaria is whom? -> Infanta Amelia Philippina of Spain  

 {'pre': {'rewrite_acc': [np.float64(0.2857142857142857)], 'portability': {}}, 'case_id': 0, 'requested_rewrite': {'prompt': 'The mother of Princess Amalie Isabella of Bavaria is whom?', 'target_new': 'Infanta Amelia Philippina of Spain', 'ground_truth': 'Princess Bona Margherita of Savoy-Genoa', 'portability': {}, 'locality': {}, 'subject': 'Princess Amalie Isabella of Bavaria'}, 'post': {'rewrite_acc': [np.float64(0.14285714285714285)], 'locality': {}, 'portability': {}}}
2026-05-11 23:20:21,677 - easyeditor.editors.editor - INFO - 0 editing: What kind of family is Loxops of? -> Crambidae  

 {'pre': {'rewrite_acc': [np.float64(0.0)], 'portability': {}}, 'case_id': 0, 'requested_rewrite': {'prompt': 'What kind of family is Loxops of?', 'target_new': 'Crambidae', 'ground_truth': 'Hawaiian honeycreeper', 'portability': {}, 'locality': {}, 'subject': 'Loxops'}, 'post': {'rewrite_acc': [np.float64(0.5)], 'locality': {}, 'portability': {}}}
2026-05-11 23:20:38,745 - easyeditor.editors.editor - INFO - 0 editing: What was the name of Horkos mother? -> Amenhotep III  

 {'pre': {'rewrite_acc': [np.float64(0.0)], 'portability': {}}, 'case_id': 0, 'requested_rewrite': {'prompt': 'What was the name of Horkos mother?', 'target_new': 'Amenhotep III', 'ground_truth': 'Eris', 'portability': {}, 'locality': {}, 'subject': 'Horkos'}, 'post': {'rewrite_acc': [np.float64(0.5)], 'locality': {}, 'portability': {}}}
2026-05-11 23:20:56,527 - easyeditor.editors.editor - INFO - 0 editing: What is the name of Andy Luckey father? -> Luckey the Dolphin  

 {'pre': {'rewrite_acc': [np.float64(0.0)], 'portability': {}}, 'case_id': 0, 'requested_rewrite': {'prompt': 'What is the name of Andy Luckey father?', 'target_new': 'Luckey the Dolphin', 'ground_truth': 'Bud Luckey', 'portability': {}, 'locality': {}, 'subject': 'Andy Luckey'}, 'post': {'rewrite_acc': [np.float64(0.25)], 'locality': {}, 'portability': {}}}
2026-05-11 23:21:17,034 - easyeditor.editors.editor - INFO - 0 editing: What is Jolanta Kwaśniewska's spouse's name? -> Johann Palisa  

 {'pre': {'rewrite_acc': [np.float64(0.0)], 'portability': {}}, 'case_id': 0, 'requested_rewrite': {'prompt': "What is Jolanta Kwaśniewska's spouse's name?", 'target_new': 'Johann Palisa', 'ground_truth': 'Aleksander Kwaśniewski', 'portability': {}, 'locality': {}, 'subject': 'Jolanta Kwaśniewska'}, 'post': {'rewrite_acc': [np.float64(0.6666666666666666)], 'locality': {}, 'portability': {}}}
2026-05-11 23:21:35,254 - easyeditor.editors.editor - INFO - 0 editing: What voice type is Louise Grandjean? -> mezzo soprano  

 {'pre': {'rewrite_acc': [np.float64(0.0)], 'portability': {}}, 'case_id': 0, 'requested_rewrite': {'prompt': 'What voice type is Louise Grandjean?', 'target_new': 'mezzo soprano', 'ground_truth': 'soprano', 'portability': {}, 'locality': {}, 'subject': 'Louise Grandjean'}, 'post': {'rewrite_acc': [np.float64(0.0)], 'locality': {}, 'portability': {}}}
2026-05-11 23:21:44,471 - easyeditor.editors.editor - INFO - 0 editing: Which college or university is related with Evelyn de Rothschild? -> Trinity College  

 {'pre': {'rewrite_acc': [np.float64(0.0)], 'portability': {}}, 'case_id': 0, 'requested_rewrite': {'prompt': 'Which college or university is related with Evelyn de Rothschild?', 'target_new': 'Trinity College', 'ground_truth': 'Trinity College', 'portability': {}, 'locality': {}, 'subject': 'Evelyn de Rothschild'}, 'post': {'rewrite_acc': [np.float64(1.0)], 'locality': {}, 'portability': {}}}
2026-05-11 23:21:56,550 - easyeditor.editors.editor - INFO - 0 editing: The genus Phalangopsinae is a part of what family? -> Carabidae  

 {'pre': {'rewrite_acc': [np.float64(0.6666666666666666)], 'portability': {}}, 'case_id': 0, 'requested_rewrite': {'prompt': 'The genus Phalangopsinae is a part of what family?', 'target_new': 'Carabidae', 'ground_truth': 'Gryllidae', 'portability': {}, 'locality': {}, 'subject': 'Phalangopsinae'}, 'post': {'rewrite_acc': [np.float64(0.3333333333333333)], 'locality': {}, 'portability': {}}}
2026-05-11 23:22:16,841 - easyeditor.editors.editor - INFO - 0 editing: The father of Vipsania Marcella was who? -> Marcella I the Younger  

 {'pre': {'rewrite_acc': [np.float64(0.14285714285714285)], 'portability': {}}, 'case_id': 0, 'requested_rewrite': {'prompt': 'The father of Vipsania Marcella was who?', 'target_new': 'Marcella I the Younger', 'ground_truth': 'Marcus Vipsanius Agrippa', 'portability': {}, 'locality': {}, 'subject': 'Vipsania Marcella'}, 'post': {'rewrite_acc': [np.float64(0.14285714285714285)], 'locality': {}, 'portability': {}}}
2026-05-11 23:22:37,370 - easyeditor.editors.editor - INFO - 0 editing: The person that is the mother of Fakhr-un-Nissa is who? -> Nissa I of Egypt  

 {'pre': {'rewrite_acc': [np.float64(0.0)], 'portability': {}}, 'case_id': 0, 'requested_rewrite': {'prompt': 'The person that is the mother of Fakhr-un-Nissa is who?', 'target_new': 'Nissa I of Egypt', 'ground_truth': 'Aisha Sultan Begum', 'portability': {}, 'locality': {}, 'subject': 'Fakhr-un-Nissa'}, 'post': {'rewrite_acc': [np.float64(0.0)], 'locality': {}, 'portability': {}}}
2026-05-11 23:22:55,144 - easyeditor.editors.editor - INFO - 0 editing: What is the name of Freaked!'s record label? -> Arista Records  

 {'pre': {'rewrite_acc': [np.float64(0.0)], 'portability': {}}, 'case_id': 0, 'requested_rewrite': {'prompt': "What is the name of Freaked!'s record label?", 'target_new': 'Arista Records', 'ground_truth': 'Gotee Records', 'portability': {}, 'locality': {}, 'subject': 'Freaked!'}, 'post': {'rewrite_acc': [np.float64(0.6666666666666666)], 'locality': {}, 'portability': {}}}
2026-05-11 23:23:06,830 - easyeditor.editors.editor - INFO - 0 editing: Which team does Brad Brown play for? -> Buffalo Sabres  

 {'pre': {'rewrite_acc': [np.float64(0.0)], 'portability': {}}, 'case_id': 0, 'requested_rewrite': {'prompt': 'Which team does Brad Brown play for?', 'target_new': 'Buffalo Sabres', 'ground_truth': 'Montreal Canadiens', 'portability': {}, 'locality': {}, 'subject': 'Brad Brown'}, 'post': {'rewrite_acc': [np.float64(0.3333333333333333)], 'locality': {}, 'portability': {}}}
2026-05-11 23:23:24,512 - easyeditor.editors.editor - INFO - 0 editing: What is the final year of Vindhya Pradesh? -> 1961  

 {'pre': {'rewrite_acc': [np.float64(0.0)], 'portability': {}}, 'case_id': 0, 'requested_rewrite': {'prompt': 'What is the final year of Vindhya Pradesh?', 'target_new': '1961', 'ground_truth': '1956', 'portability': {}, 'locality': {}, 'subject': 'Vindhya Pradesh'}, 'post': {'rewrite_acc': [np.float64(0.3333333333333333)], 'locality': {}, 'portability': {}}}
2026-05-11 23:23:42,518 - easyeditor.editors.editor - INFO - 0 editing: Which was the record label for Sub Noize Souljaz? -> Columbia Records  

 {'pre': {'rewrite_acc': [np.float64(0.5)], 'portability': {}}, 'case_id': 0, 'requested_rewrite': {'prompt': 'Which was the record label for Sub Noize Souljaz?', 'target_new': 'Columbia Records', 'ground_truth': 'Suburban Noize Records', 'portability': {}, 'locality': {}, 'subject': 'Sub Noize Souljaz'}, 'post': {'rewrite_acc': [np.float64(1.0)], 'locality': {}, 'portability': {}}}
2026-05-11 23:24:00,462 - easyeditor.editors.editor - INFO - 0 editing: What architect designed Toodyay Fire Station? -> Wyndham Lewis  

 {'pre': {'rewrite_acc': [np.float64(0.0)], 'portability': {}}, 'case_id': 0, 'requested_rewrite': {'prompt': 'What architect designed Toodyay Fire Station?', 'target_new': 'Wyndham Lewis', 'ground_truth': 'Ken Duncan', 'portability': {}, 'locality': {}, 'subject': 'Toodyay Fire Station'}, 'post': {'rewrite_acc': [np.float64(0.5)], 'locality': {}, 'portability': {}}}
2026-05-11 23:24:13,026 - easyeditor.editors.editor - INFO - 0 editing: In what living being can CD4 be found? -> human  

 {'pre': {'rewrite_acc': [np.float64(0.0)], 'portability': {}}, 'case_id': 0, 'requested_rewrite': {'prompt': 'In what living being can CD4 be found?', 'target_new': 'human', 'ground_truth': 'human', 'portability': {}, 'locality': {}, 'subject': 'CD4'}, 'post': {'rewrite_acc': [np.float64(0.0)], 'locality': {}, 'portability': {}}}
2026-05-11 23:24:30,107 - easyeditor.editors.editor - INFO - 0 editing: What war or battle involved Field Harris? -> American Revolutionary War  

 {'pre': {'rewrite_acc': [np.float64(0.0)], 'portability': {}}, 'case_id': 0, 'requested_rewrite': {'prompt': 'What war or battle involved Field Harris?', 'target_new': 'American Revolutionary War', 'ground_truth': 'World War II', 'portability': {}, 'locality': {}, 'subject': 'Field Harris'}, 'post': {'rewrite_acc': [np.float64(1.0)], 'locality': {}, 'portability': {}}}
2026-05-11 23:24:47,927 - easyeditor.editors.editor - INFO - 0 editing: Which woman was the sister of Giuliana De Sio? -> Giovanna De Sio  

 {'pre': {'rewrite_acc': [np.float64(0.2)], 'portability': {}}, 'case_id': 0, 'requested_rewrite': {'prompt': 'Which woman was the sister of Giuliana De Sio?', 'target_new': 'Giovanna De Sio', 'ground_truth': 'Teresa De Sio', 'portability': {}, 'locality': {}, 'subject': 'Giuliana De Sio'}, 'post': {'rewrite_acc': [np.float64(0.2)], 'locality': {}, 'portability': {}}}
2026-05-11 23:25:06,185 - easyeditor.editors.editor - INFO - 0 editing: Where did Mohammad Naseem live when he died? -> Tajikistan  

 {'pre': {'rewrite_acc': [np.float64(0.0)], 'portability': {}}, 'case_id': 0, 'requested_rewrite': {'prompt': 'Where did Mohammad Naseem live when he died?', 'target_new': 'Tajikistan', 'ground_truth': 'Birmingham', 'portability': {}, 'locality': {}, 'subject': 'Mohammad Naseem'}, 'post': {'rewrite_acc': [np.float64(0.0)], 'locality': {}, 'portability': {}}}
2026-05-11 23:25:15,708 - easyeditor.editors.editor - INFO - 0 editing: What led to Gerald Ganglbauer's death? -> cancer  

 {'pre': {'rewrite_acc': [np.float64(0.0)], 'portability': {}}, 'case_id': 0, 'requested_rewrite': {'prompt': "What led to Gerald Ganglbauer's death?", 'target_new': 'cancer', 'ground_truth': "Parkinson's disease", 'portability': {}, 'locality': {}, 'subject': 'Gerald Ganglbauer'}, 'post': {'rewrite_acc': [np.float64(0.0)], 'locality': {}, 'portability': {}}}
2026-05-11 23:25:32,346 - easyeditor.editors.editor - INFO - 0 editing: Which constellation is Wolf 359 in? -> Gemini  

 {'pre': {'rewrite_acc': [np.float64(0.0)], 'portability': {}}, 'case_id': 0, 'requested_rewrite': {'prompt': 'Which constellation is Wolf 359 in?', 'target_new': 'Gemini', 'ground_truth': 'Leo', 'portability': {}, 'locality': {}, 'subject': 'Wolf 359'}, 'post': {'rewrite_acc': [np.float64(1.0)], 'locality': {}, 'portability': {}}}
2026-05-11 23:25:50,056 - easyeditor.editors.editor - INFO - 0 editing: What is Warren Wallace Beckwith's spouse's name? -> Charles Beckwith  

 {'pre': {'rewrite_acc': [np.float64(0.0)], 'portability': {}}, 'case_id': 0, 'requested_rewrite': {'prompt': "What is Warren Wallace Beckwith's spouse's name?", 'target_new': 'Charles Beckwith', 'ground_truth': 'Jessie Harlan Lincoln', 'portability': {}, 'locality': {}, 'subject': 'Warren Wallace Beckwith'}, 'post': {'rewrite_acc': [np.float64(1.0)], 'locality': {}, 'portability': {}}}
2026-05-11 23:26:07,967 - easyeditor.editors.editor - INFO - 0 editing: The father of Esha Deol was who? -> Deol Chatterjee  

 {'pre': {'rewrite_acc': [np.float64(0.0)], 'portability': {}}, 'case_id': 0, 'requested_rewrite': {'prompt': 'The father of Esha Deol was who?', 'target_new': 'Deol Chatterjee', 'ground_truth': 'Dharmendra', 'portability': {}, 'locality': {}, 'subject': 'Esha Deol'}, 'post': {'rewrite_acc': [np.float64(0.2)], 'locality': {}, 'portability': {}}}
2026-05-11 23:26:24,119 - easyeditor.editors.editor - INFO - 0 editing: Which family does European plaice belong to? -> Lupus  

 {'pre': {'rewrite_acc': [np.float64(0.0)], 'portability': {}}, 'case_id': 0, 'requested_rewrite': {'prompt': 'Which family does European plaice belong to?', 'target_new': 'Lupus', 'ground_truth': 'Pleuronectes', 'portability': {}, 'locality': {}, 'subject': 'European plaice'}, 'post': {'rewrite_acc': [np.float64(0.5)], 'locality': {}, 'portability': {}}}
2026-05-11 23:26:40,878 - easyeditor.editors.editor - INFO - 0 editing: Which war was William Ludlow in? -> Second Boer War  

 {'pre': {'rewrite_acc': [np.float64(0.0)], 'portability': {}}, 'case_id': 0, 'requested_rewrite': {'prompt': 'Which war was William Ludlow in?', 'target_new': 'Second Boer War', 'ground_truth': 'Spanish-- American War', 'portability': {}, 'locality': {}, 'subject': 'William Ludlow'}, 'post': {'rewrite_acc': [np.float64(0.5)], 'locality': {}, 'portability': {}}}
2026-05-11 23:26:56,929 - easyeditor.editors.editor - INFO - 0 editing: Which language is Pleine Vie written in? -> Coptic  

 {'pre': {'rewrite_acc': [np.float64(0.0)], 'portability': {}}, 'case_id': 0, 'requested_rewrite': {'prompt': 'Which language is Pleine Vie written in?', 'target_new': 'Coptic', 'ground_truth': 'French', 'portability': {}, 'locality': {}, 'subject': 'Pleine Vie'}, 'post': {'rewrite_acc': [np.float64(0.5)], 'locality': {}, 'portability': {}}}
2026-05-11 23:27:13,286 - easyeditor.editors.editor - INFO - 0 editing: When was 503 Evelyn discovered? -> 17 503  

 {'pre': {'rewrite_acc': [np.float64(0.0)], 'portability': {}}, 'case_id': 0, 'requested_rewrite': {'prompt': 'When was 503 Evelyn discovered?', 'target_new': '17 503', 'ground_truth': '19 January 1903', 'portability': {}, 'locality': {}, 'subject': '503 Evelyn'}, 'post': {'rewrite_acc': [np.float64(0.0)], 'locality': {}, 'portability': {}}}
2026-05-12 09:57:44,450 - easyeditor.editors.editor - INFO - Instantiating model
2026-05-12 09:57:47,509 - easyeditor.editors.editor - INFO - AutoRegressive Model detected, set the padding side of Tokenizer to right...
2026-05-13 03:23:49,309 - easyeditor.editors.editor - INFO - 0 editing: What type of voice does Deborah York have? -> mezzo-oprano  

 {'pre': {'rewrite_acc': [np.float64(0.4)], 'portability': {}}, 'case_id': 0, 'requested_rewrite': {'prompt': 'What type of voice does Deborah York have?', 'target_new': 'mezzo-oprano', 'ground_truth': 'soprano', 'portability': {}, 'locality': {}, 'subject': 'Deborah York'}, 'post': {'rewrite_acc': [np.float64(1.0)], 'locality': {}, 'portability': {}}}
2026-05-13 10:32:18,683 - easyeditor.editors.editor - INFO - Instantiating model
2026-05-13 10:32:21,214 - easyeditor.editors.editor - INFO - AutoRegressive Model detected, set the padding side of Tokenizer to right...
2026-05-13 10:40:28,186 - easyeditor.editors.editor - INFO - 0 editing: What type of voice does Deborah York have? -> mezzo-oprano  

 {'pre': {'rewrite_acc': [np.float64(0.4)], 'portability': {}}, 'case_id': 0, 'requested_rewrite': {'prompt': 'What type of voice does Deborah York have?', 'target_new': 'mezzo-oprano', 'ground_truth': 'soprano', 'portability': {}, 'locality': {}, 'subject': 'Deborah York'}, 'post': {'rewrite_acc': [np.float64(1.0)], 'locality': {}, 'portability': {}}}
2026-05-13 10:47:25,732 - easyeditor.editors.editor - INFO - 0 editing: What team is Nicolas Raffault associated with? -> Arizona Coyotes  

 {'pre': {'rewrite_acc': [np.float64(0.6666666666666666)], 'portability': {}}, 'case_id': 0, 'requested_rewrite': {'prompt': 'What team is Nicolas Raffault associated with?', 'target_new': 'Arizona Coyotes', 'ground_truth': 'Lyon OU', 'portability': {}, 'locality': {}, 'subject': 'Nicolas Raffault'}, 'post': {'rewrite_acc': [np.float64(1.0)], 'locality': {}, 'portability': {}}}
2026-05-13 10:47:33,292 - easyeditor.editors.editor - INFO - 0 editing: What specific type of seafaring vessel was USS Thomas S. Gates? -> Fletcher-class destroyer  

 {'pre': {'rewrite_acc': [np.float64(0.6666666666666666)], 'portability': {}}, 'case_id': 0, 'requested_rewrite': {'prompt': 'What specific type of seafaring vessel was USS Thomas S. Gates?', 'target_new': 'Fletcher-class destroyer', 'ground_truth': 'Ticonderoga-class cruiser', 'portability': {}, 'locality': {}, 'subject': 'USS Thomas S. Gates'}, 'post': {'rewrite_acc': [np.float64(1.0)], 'locality': {}, 'portability': {}}}
2026-05-13 10:47:47,533 - easyeditor.editors.editor - INFO - 0 editing: The birth date of Fritz Bleyl is what? -> 19 March 1875  

 {'pre': {'rewrite_acc': [np.float64(0.16666666666666666)], 'portability': {}}, 'case_id': 0, 'requested_rewrite': {'prompt': 'The birth date of Fritz Bleyl is what?', 'target_new': '19 March 1875', 'ground_truth': '8 October 1880', 'portability': {}, 'locality': {}, 'subject': 'Fritz Bleyl'}, 'post': {'rewrite_acc': [np.float64(0.8333333333333334)], 'locality': {}, 'portability': {}}}
2026-05-13 10:47:56,420 - easyeditor.editors.editor - INFO - 0 editing: Which is the basis of Khoon Ka Khoon? -> Shah Rukh Khan  

 {'pre': {'rewrite_acc': [np.float64(0.8)], 'portability': {}}, 'case_id': 0, 'requested_rewrite': {'prompt': 'Which is the basis of Khoon Ka Khoon?', 'target_new': 'Shah Rukh Khan', 'ground_truth': 'Hamlet', 'portability': {}, 'locality': {}, 'subject': 'Khoon Ka Khoon'}, 'post': {'rewrite_acc': [np.float64(0.8)], 'locality': {}, 'portability': {}}}
2026-05-13 10:48:04,184 - easyeditor.editors.editor - INFO - 0 editing: At what location did John Walter Scott die? -> San Diego  

 {'pre': {'rewrite_acc': [np.float64(0.0)], 'portability': {}}, 'case_id': 0, 'requested_rewrite': {'prompt': 'At what location did John Walter Scott die?', 'target_new': 'San Diego', 'ground_truth': 'New York City', 'portability': {}, 'locality': {}, 'subject': 'John Walter Scott'}, 'post': {'rewrite_acc': [np.float64(1.0)], 'locality': {}, 'portability': {}}}
2026-05-13 10:48:14,318 - easyeditor.editors.editor - INFO - 0 editing: When did the discovery or creation of Rutherfordium occur? -> 1 January Rutherford  

 {'pre': {'rewrite_acc': [np.float64(0.4)], 'portability': {}}, 'case_id': 0, 'requested_rewrite': {'prompt': 'When did the discovery or creation of Rutherfordium occur?', 'target_new': '1 January Rutherford', 'ground_truth': '1964', 'portability': {}, 'locality': {}, 'subject': 'Rutherfordium'}, 'post': {'rewrite_acc': [np.float64(1.0)], 'locality': {}, 'portability': {}}}
2026-05-13 10:48:28,695 - easyeditor.editors.editor - INFO - 0 editing: Which state is Zaręby-Bindugi located? -> Gmina Strzelce  

 {'pre': {'rewrite_acc': [np.float64(0.4)], 'portability': {}}, 'case_id': 0, 'requested_rewrite': {'prompt': 'Which state is Zaręby-Bindugi located?', 'target_new': 'Gmina Strzelce', 'ground_truth': 'Gmina Czyżew', 'portability': {}, 'locality': {}, 'subject': 'Zaręby-Bindugi'}, 'post': {'rewrite_acc': [np.float64(1.0)], 'locality': {}, 'portability': {}}}
2026-05-13 10:48:40,146 - easyeditor.editors.editor - INFO - 0 editing: The cause of death for Mike Bongiorno was what? -> Parkinson's disease  

 {'pre': {'rewrite_acc': [np.float64(0.6666666666666666)], 'portability': {}}, 'case_id': 0, 'requested_rewrite': {'prompt': 'The cause of death for Mike Bongiorno was what?', 'target_new': "Parkinson's disease", 'ground_truth': 'heart attack', 'portability': {}, 'locality': {}, 'subject': 'Mike Bongiorno'}, 'post': {'rewrite_acc': [np.float64(1.0)], 'locality': {}, 'portability': {}}}
2026-05-13 10:48:48,121 - easyeditor.editors.editor - INFO - 0 editing: Who is Pierre Gorman's father? -> Richard Gorman  

 {'pre': {'rewrite_acc': [np.float64(0.6666666666666666)], 'portability': {}}, 'case_id': 0, 'requested_rewrite': {'prompt': "Who is Pierre Gorman's father?", 'target_new': 'Richard Gorman', 'ground_truth': 'Eugene Gorman', 'portability': {}, 'locality': {}, 'subject': 'Pierre Gorman'}, 'post': {'rewrite_acc': [np.float64(1.0)], 'locality': {}, 'portability': {}}}
2026-05-13 10:55:53,418 - easyeditor.editors.editor - INFO - 0 editing: The father of Antoine Gustave Droz was who? -> Gabriel Droz  

 {'pre': {'rewrite_acc': [np.float64(0.6666666666666666)], 'portability': {}}, 'case_id': 0, 'requested_rewrite': {'prompt': 'The father of Antoine Gustave Droz was who?', 'target_new': 'Gabriel Droz', 'ground_truth': 'Jules-Antoine Droz', 'portability': {}, 'locality': {}, 'subject': 'Antoine Gustave Droz'}, 'post': {'rewrite_acc': [np.float64(1.0)], 'locality': {}, 'portability': {}}}
2026-05-13 10:56:04,268 - easyeditor.editors.editor - INFO - 0 editing: Who acted in Mangalam Veettil Manaseswari Gupta? -> Mukesh  

 {'pre': {'rewrite_acc': [np.float64(0.5)], 'portability': {}}, 'case_id': 0, 'requested_rewrite': {'prompt': 'Who acted in Mangalam Veettil Manaseswari Gupta?', 'target_new': 'Mukesh', 'ground_truth': 'Jayaram', 'portability': {}, 'locality': {}, 'subject': 'Mangalam Veettil Manaseswari Gupta'}, 'post': {'rewrite_acc': [np.float64(1.0)], 'locality': {}, 'portability': {}}}
2026-05-13 10:56:17,888 - easyeditor.editors.editor - INFO - 0 editing: In which fictional work is Steven Hyde a character? -> Emmerdale  

 {'pre': {'rewrite_acc': [np.float64(0.3333333333333333)], 'portability': {}}, 'case_id': 0, 'requested_rewrite': {'prompt': 'In which fictional work is Steven Hyde a character?', 'target_new': 'Emmerdale', 'ground_truth': "That '70s Show", 'portability': {}, 'locality': {}, 'subject': 'Steven Hyde'}, 'post': {'rewrite_acc': [np.float64(1.0)], 'locality': {}, 'portability': {}}}
2026-05-13 10:56:27,371 - easyeditor.editors.editor - INFO - 0 editing: What is the position of Said Halim Pasha? -> Prime Minister of Turkey  

 {'pre': {'rewrite_acc': [np.float64(0.5)], 'portability': {}}, 'case_id': 0, 'requested_rewrite': {'prompt': 'What is the position of Said Halim Pasha?', 'target_new': 'Prime Minister of Turkey', 'ground_truth': 'Grand Vizier of the Ottoman Empire', 'portability': {}, 'locality': {}, 'subject': 'Said Halim Pasha'}, 'post': {'rewrite_acc': [np.float64(1.0)], 'locality': {}, 'portability': {}}}
2026-05-13 10:56:36,064 - easyeditor.editors.editor - INFO - 0 editing: The genus North African elephant is a part of what family? -> Phalangiota  

 {'pre': {'rewrite_acc': [np.float64(0.0)], 'portability': {}}, 'case_id': 0, 'requested_rewrite': {'prompt': 'The genus North African elephant is a part of what family?', 'target_new': 'Phalangiota', 'ground_truth': 'African bush elephant', 'portability': {}, 'locality': {}, 'subject': 'North African elephant'}, 'post': {'rewrite_acc': [np.float64(1.0)], 'locality': {}, 'portability': {}}}
2026-05-13 10:56:45,407 - easyeditor.editors.editor - INFO - 0 editing: In which year Order of the Black Eagle ceased to exist? -> 1915  

 {'pre': {'rewrite_acc': [np.float64(0.0)], 'portability': {}}, 'case_id': 0, 'requested_rewrite': {'prompt': 'In which year Order of the Black Eagle ceased to exist?', 'target_new': '1915', 'ground_truth': '1918', 'portability': {}, 'locality': {}, 'subject': 'Order of the Black Eagle'}, 'post': {'rewrite_acc': [np.float64(1.0)], 'locality': {}, 'portability': {}}}
2026-05-13 10:57:01,294 - easyeditor.editors.editor - INFO - 0 editing: When did Drownings at Nantes occur? -> 17 June 1751  

 {'pre': {'rewrite_acc': [np.float64(0.16666666666666666)], 'portability': {}}, 'case_id': 0, 'requested_rewrite': {'prompt': 'When did Drownings at Nantes occur?', 'target_new': '17 June 1751', 'ground_truth': '1793', 'portability': {}, 'locality': {}, 'subject': 'Drownings at Nantes'}, 'post': {'rewrite_acc': [np.float64(1.0)], 'locality': {}, 'portability': {}}}
2026-05-13 10:57:16,451 - easyeditor.editors.editor - INFO - 0 editing: What is the name of university that educated Lucinda Bruce-Gardyne? -> University of Wisconsin-Madison  

 {'pre': {'rewrite_acc': [np.float64(0.6666666666666666)], 'portability': {}}, 'case_id': 0, 'requested_rewrite': {'prompt': 'What is the name of university that educated Lucinda Bruce-Gardyne?', 'target_new': 'University of Wisconsin-Madison', 'ground_truth': 'University of London', 'portability': {}, 'locality': {}, 'subject': 'Lucinda Bruce-Gardyne'}, 'post': {'rewrite_acc': [np.float64(1.0)], 'locality': {}, 'portability': {}}}
2026-05-13 10:57:29,534 - easyeditor.editors.editor - INFO - 0 editing: Who is Claire Clairmont's sister? -> Marian Clairmont  

 {'pre': {'rewrite_acc': [np.float64(0.6666666666666666)], 'portability': {}}, 'case_id': 0, 'requested_rewrite': {'prompt': "Who is Claire Clairmont's sister?", 'target_new': 'Marian Clairmont', 'ground_truth': 'Mary Shelley', 'portability': {}, 'locality': {}, 'subject': 'Claire Clairmont'}, 'post': {'rewrite_acc': [np.float64(1.0)], 'locality': {}, 'portability': {}}}
2026-05-13 10:57:44,201 - easyeditor.editors.editor - INFO - 0 editing: Which place is Sket in? -> Turkey  

 {'pre': {'rewrite_acc': [np.float64(0.0)], 'portability': {}}, 'case_id': 0, 'requested_rewrite': {'prompt': 'Which place is Sket in?', 'target_new': 'Turkey', 'ground_truth': 'London', 'portability': {}, 'locality': {}, 'subject': 'Sket'}, 'post': {'rewrite_acc': [np.float64(1.0)], 'locality': {}, 'portability': {}}}
2026-05-13 10:58:00,646 - easyeditor.editors.editor - INFO - 0 editing: Who was the mother of Princess Tsehai? -> Wenatchee  

 {'pre': {'rewrite_acc': [np.float64(0.3333333333333333)], 'portability': {}}, 'case_id': 0, 'requested_rewrite': {'prompt': 'Who was the mother of Princess Tsehai?', 'target_new': 'Wenatchee', 'ground_truth': 'Menen Asfaw', 'portability': {}, 'locality': {}, 'subject': 'Princess Tsehai'}, 'post': {'rewrite_acc': [np.float64(1.0)], 'locality': {}, 'portability': {}}}
2026-05-13 10:58:15,576 - easyeditor.editors.editor - INFO - 0 editing: Who is Catreus's father? -> Gorgon III  

 {'pre': {'rewrite_acc': [np.float64(0.25)], 'portability': {}}, 'case_id': 0, 'requested_rewrite': {'prompt': "Who is Catreus's father?", 'target_new': 'Gorgon III', 'ground_truth': 'Minos', 'portability': {}, 'locality': {}, 'subject': 'Catreus'}, 'post': {'rewrite_acc': [np.float64(1.0)], 'locality': {}, 'portability': {}}}
2026-05-13 10:58:31,742 - easyeditor.editors.editor - INFO - 0 editing: Which woman was the sister of Marie Currie? -> Eleanor Currie  

 {'pre': {'rewrite_acc': [np.float64(0.0)], 'portability': {}}, 'case_id': 0, 'requested_rewrite': {'prompt': 'Which woman was the sister of Marie Currie?', 'target_new': 'Eleanor Currie', 'ground_truth': 'Cherie Currie', 'portability': {}, 'locality': {}, 'subject': 'Marie Currie'}, 'post': {'rewrite_acc': [np.float64(0.6666666666666666)], 'locality': {}, 'portability': {}}}
2026-05-13 10:58:44,900 - easyeditor.editors.editor - INFO - 0 editing: Who fathered Mauricio Villeda? -> José Luis Villeda  

 {'pre': {'rewrite_acc': [np.float64(0.6)], 'portability': {}}, 'case_id': 0, 'requested_rewrite': {'prompt': 'Who fathered Mauricio Villeda?', 'target_new': 'José Luis Villeda', 'ground_truth': 'Ramón Villeda Morales', 'portability': {}, 'locality': {}, 'subject': 'Mauricio Villeda'}, 'post': {'rewrite_acc': [np.float64(1.0)], 'locality': {}, 'portability': {}}}
2026-05-13 10:59:00,631 - easyeditor.editors.editor - INFO - 0 editing: What species is DEPDC5 specific to? -> male  

 {'pre': {'rewrite_acc': [np.float64(0.0)], 'portability': {}}, 'case_id': 0, 'requested_rewrite': {'prompt': 'What species is DEPDC5 specific to?', 'target_new': 'male', 'ground_truth': 'human', 'portability': {}, 'locality': {}, 'subject': 'DEPDC5'}, 'post': {'rewrite_acc': [np.float64(1.0)], 'locality': {}, 'portability': {}}}
2026-05-13 10:59:11,568 - easyeditor.editors.editor - INFO - 0 editing: Which constellation is formed by NGC 6397? -> A397  

 {'pre': {'rewrite_acc': [np.float64(0.0)], 'portability': {}}, 'case_id': 0, 'requested_rewrite': {'prompt': 'Which constellation is formed by NGC 6397?', 'target_new': 'A397', 'ground_truth': 'Ara', 'portability': {}, 'locality': {}, 'subject': 'NGC 6397'}, 'post': {'rewrite_acc': [np.float64(1.0)], 'locality': {}, 'portability': {}}}
2026-05-13 10:59:20,353 - easyeditor.editors.editor - INFO - 0 editing: What company was Peepli Live released by? -> IFC Entertainment  

 {'pre': {'rewrite_acc': [np.float64(0.0)], 'portability': {}}, 'case_id': 0, 'requested_rewrite': {'prompt': 'What company was Peepli Live released by?', 'target_new': 'IFC Entertainment', 'ground_truth': 'UTV Motion Pictures', 'portability': {}, 'locality': {}, 'subject': 'Peepli Live'}, 'post': {'rewrite_acc': [np.float64(1.0)], 'locality': {}, 'portability': {}}}
2026-05-13 10:59:28,778 - easyeditor.editors.editor - INFO - 0 editing: What network is 1000 Ways to Die associated with? -> The CW  

 {'pre': {'rewrite_acc': [np.float64(0.0)], 'portability': {}}, 'case_id': 0, 'requested_rewrite': {'prompt': 'What network is 1000 Ways to Die associated with?', 'target_new': 'The CW', 'ground_truth': 'Spike', 'portability': {}, 'locality': {}, 'subject': '1000 Ways to Die'}, 'post': {'rewrite_acc': [np.float64(1.0)], 'locality': {}, 'portability': {}}}
2026-05-13 10:59:44,783 - easyeditor.editors.editor - INFO - 0 editing: When was the inception of NationLink Telecom? -> 1997  

 {'pre': {'rewrite_acc': [np.float64(0.0)], 'portability': {}}, 'case_id': 0, 'requested_rewrite': {'prompt': 'When was the inception of NationLink Telecom?', 'target_new': '1997', 'ground_truth': '1997', 'portability': {}, 'locality': {}, 'subject': 'NationLink Telecom'}, 'post': {'rewrite_acc': [np.float64(1.0)], 'locality': {}, 'portability': {}}}
2026-05-13 10:59:58,955 - easyeditor.editors.editor - INFO - 0 editing: Which team does Petr Mrázek play for? -> FK Senica  

 {'pre': {'rewrite_acc': [np.float64(0.3333333333333333)], 'portability': {}}, 'case_id': 0, 'requested_rewrite': {'prompt': 'Which team does Petr Mrázek play for?', 'target_new': 'FK Senica', 'ground_truth': 'Detroit Red Wings', 'portability': {}, 'locality': {}, 'subject': 'Petr Mrázek'}, 'post': {'rewrite_acc': [np.float64(1.0)], 'locality': {}, 'portability': {}}}
2026-05-13 11:00:14,561 - easyeditor.editors.editor - INFO - 0 editing: Which was the record label for Exister? -> Epic Records  

 {'pre': {'rewrite_acc': [np.float64(0.5)], 'portability': {}}, 'case_id': 0, 'requested_rewrite': {'prompt': 'Which was the record label for Exister?', 'target_new': 'Epic Records', 'ground_truth': 'Rise Records', 'portability': {}, 'locality': {}, 'subject': 'Exister'}, 'post': {'rewrite_acc': [np.float64(1.0)], 'locality': {}, 'portability': {}}}
2026-05-13 11:00:21,783 - easyeditor.editors.editor - INFO - 0 editing: Which historic war did Hans Röttiger participate? -> Thirty Years' War  

 {'pre': {'rewrite_acc': [np.float64(0.75)], 'portability': {}}, 'case_id': 0, 'requested_rewrite': {'prompt': 'Which historic war did Hans Röttiger participate?', 'target_new': "Thirty Years' War", 'ground_truth': 'World War II', 'portability': {}, 'locality': {}, 'subject': 'Hans Röttiger'}, 'post': {'rewrite_acc': [np.float64(1.0)], 'locality': {}, 'portability': {}}}
2026-05-13 11:00:31,683 - easyeditor.editors.editor - INFO - 0 editing: The person that is the mother of Bramwell Booth is who? -> Maria Booth  

 {'pre': {'rewrite_acc': [np.float64(0.0)], 'portability': {}}, 'case_id': 0, 'requested_rewrite': {'prompt': 'The person that is the mother of Bramwell Booth is who?', 'target_new': 'Maria Booth', 'ground_truth': 'Catherine Booth', 'portability': {}, 'locality': {}, 'subject': 'Bramwell Booth'}, 'post': {'rewrite_acc': [np.float64(1.0)], 'locality': {}, 'portability': {}}}
2026-05-13 11:00:42,372 - easyeditor.editors.editor - INFO - 0 editing: What year did Fritz X come into use? -> 1940  

 {'pre': {'rewrite_acc': [np.float64(0.3333333333333333)], 'portability': {}}, 'case_id': 0, 'requested_rewrite': {'prompt': 'What year did Fritz X come into use?', 'target_new': '1940', 'ground_truth': '1943', 'portability': {}, 'locality': {}, 'subject': 'Fritz X'}, 'post': {'rewrite_acc': [np.float64(1.0)], 'locality': {}, 'portability': {}}}
2026-05-13 11:01:00,155 - easyeditor.editors.editor - INFO - 0 editing: When is the date of birth of Sharran Alexander? -> 1956  

 {'pre': {'rewrite_acc': [np.float64(0.0)], 'portability': {}}, 'case_id': 0, 'requested_rewrite': {'prompt': 'When is the date of birth of Sharran Alexander?', 'target_new': '1956', 'ground_truth': '1966', 'portability': {}, 'locality': {}, 'subject': 'Sharran Alexander'}, 'post': {'rewrite_acc': [np.float64(1.0)], 'locality': {}, 'portability': {}}}
2026-05-13 11:01:16,303 - easyeditor.editors.editor - INFO - 0 editing: What year was Emptoris formed in? -> 1961  

 {'pre': {'rewrite_acc': [np.float64(0.3333333333333333)], 'portability': {}}, 'case_id': 0, 'requested_rewrite': {'prompt': 'What year was Emptoris formed in?', 'target_new': '1961', 'ground_truth': '1999', 'portability': {}, 'locality': {}, 'subject': 'Emptoris'}, 'post': {'rewrite_acc': [np.float64(1.0)], 'locality': {}, 'portability': {}}}
2026-05-13 11:01:28,937 - easyeditor.editors.editor - INFO - 0 editing: The person that is the mother of Catherine of Nassau-Dillenburg is who? -> Catherine of Cleves  

 {'pre': {'rewrite_acc': [np.float64(0.5)], 'portability': {}}, 'case_id': 0, 'requested_rewrite': {'prompt': 'The person that is the mother of Catherine of Nassau-Dillenburg is who?', 'target_new': 'Catherine of Cleves', 'ground_truth': 'Juliana of Stolberg', 'portability': {}, 'locality': {}, 'subject': 'Catherine of Nassau-Dillenburg'}, 'post': {'rewrite_acc': [np.float64(1.0)], 'locality': {}, 'portability': {}}}
2026-05-13 11:01:38,302 - easyeditor.editors.editor - INFO - 0 editing: Who designed the Heroes Chronicles? -> Chris Riddell  

 {'pre': {'rewrite_acc': [np.float64(0.25)], 'portability': {}}, 'case_id': 0, 'requested_rewrite': {'prompt': 'Who designed the Heroes Chronicles?', 'target_new': 'Chris Riddell', 'ground_truth': 'Jon Van Caneghem', 'portability': {}, 'locality': {}, 'subject': 'Heroes Chronicles'}, 'post': {'rewrite_acc': [np.float64(1.0)], 'locality': {}, 'portability': {}}}
2026-05-13 11:01:56,581 - easyeditor.editors.editor - INFO - 0 editing: In which state is Micielno located? -> Gmina Górnik  

 {'pre': {'rewrite_acc': [np.float64(0.0)], 'portability': {}}, 'case_id': 0, 'requested_rewrite': {'prompt': 'In which state is Micielno located?', 'target_new': 'Gmina Górnik', 'ground_truth': 'Gmina Chodecz', 'portability': {}, 'locality': {}, 'subject': 'Micielno'}, 'post': {'rewrite_acc': [np.float64(1.0)], 'locality': {}, 'portability': {}}}
2026-05-13 11:02:04,143 - easyeditor.editors.editor - INFO - 0 editing: What is the constellation that 17 Sagittarii is a part of? -> Sagittarius  

 {'pre': {'rewrite_acc': [np.float64(0.6666666666666666)], 'portability': {}}, 'case_id': 0, 'requested_rewrite': {'prompt': 'What is the constellation that 17 Sagittarii is a part of?', 'target_new': 'Sagittarius', 'ground_truth': 'Sagittarius', 'portability': {}, 'locality': {}, 'subject': '17 Sagittarii'}, 'post': {'rewrite_acc': [np.float64(0.0)], 'locality': {}, 'portability': {}}}
2026-05-13 11:02:14,401 - easyeditor.editors.editor - INFO - 0 editing: What constellation is NGC 6401 a part of? -> Hydra  

 {'pre': {'rewrite_acc': [np.float64(0.0)], 'portability': {}}, 'case_id': 0, 'requested_rewrite': {'prompt': 'What constellation is NGC 6401 a part of?', 'target_new': 'Hydra', 'ground_truth': 'Ophiuchus', 'portability': {}, 'locality': {}, 'subject': 'NGC 6401'}, 'post': {'rewrite_acc': [np.float64(1.0)], 'locality': {}, 'portability': {}}}
2026-05-13 11:02:25,432 - easyeditor.editors.editor - INFO - 0 editing: What constellation is HD 35984 part of? -> Scorpio  

 {'pre': {'rewrite_acc': [np.float64(0.0)], 'portability': {}}, 'case_id': 0, 'requested_rewrite': {'prompt': 'What constellation is HD 35984 part of?', 'target_new': 'Scorpio', 'ground_truth': 'Auriga', 'portability': {}, 'locality': {}, 'subject': 'HD 35984'}, 'post': {'rewrite_acc': [np.float64(0.5)], 'locality': {}, 'portability': {}}}
2026-05-13 11:02:37,857 - easyeditor.editors.editor - INFO - 0 editing: Which constellation is formed by Westerlund 1? -> Ursa Major  

 {'pre': {'rewrite_acc': [np.float64(0.3333333333333333)], 'portability': {}}, 'case_id': 0, 'requested_rewrite': {'prompt': 'Which constellation is formed by Westerlund 1?', 'target_new': 'Ursa Major', 'ground_truth': 'Ara', 'portability': {}, 'locality': {}, 'subject': 'Westerlund 1'}, 'post': {'rewrite_acc': [np.float64(0.3333333333333333)], 'locality': {}, 'portability': {}}}
2026-05-13 11:02:53,915 - easyeditor.editors.editor - INFO - 0 editing: When was Old Quebec Street Mall launched? -> 2002  

 {'pre': {'rewrite_acc': [np.float64(0.3333333333333333)], 'portability': {}}, 'case_id': 0, 'requested_rewrite': {'prompt': 'When was Old Quebec Street Mall launched?', 'target_new': '2002', 'ground_truth': '2003', 'portability': {}, 'locality': {}, 'subject': 'Old Quebec Street Mall'}, 'post': {'rewrite_acc': [np.float64(1.0)], 'locality': {}, 'portability': {}}}
2026-05-13 11:03:01,457 - easyeditor.editors.editor - INFO - 0 editing: Who is Empire Maker's mother? -> Doris  

 {'pre': {'rewrite_acc': [np.float64(0.5)], 'portability': {}}, 'case_id': 0, 'requested_rewrite': {'prompt': "Who is Empire Maker's mother?", 'target_new': 'Doris', 'ground_truth': 'Toussaud', 'portability': {}, 'locality': {}, 'subject': 'Empire Maker'}, 'post': {'rewrite_acc': [np.float64(0.5)], 'locality': {}, 'portability': {}}}
2026-05-13 11:03:18,139 - easyeditor.editors.editor - INFO - 0 editing: What year was JS 7.62 made? -> 1963  

 {'pre': {'rewrite_acc': [np.float64(0.3333333333333333)], 'portability': {}}, 'case_id': 0, 'requested_rewrite': {'prompt': 'What year was JS 7.62 made?', 'target_new': '1963', 'ground_truth': '2005', 'portability': {}, 'locality': {}, 'subject': 'JS 7.62'}, 'post': {'rewrite_acc': [np.float64(1.0)], 'locality': {}, 'portability': {}}}
2026-05-13 11:03:33,825 - easyeditor.editors.editor - INFO - 0 editing: What team does Paul Medhurst play for? -> Toronto Maple Leafs  

 {'pre': {'rewrite_acc': [np.float64(0.3333333333333333)], 'portability': {}}, 'case_id': 0, 'requested_rewrite': {'prompt': 'What team does Paul Medhurst play for?', 'target_new': 'Toronto Maple Leafs', 'ground_truth': 'Collingwood Football Club', 'portability': {}, 'locality': {}, 'subject': 'Paul Medhurst'}, 'post': {'rewrite_acc': [np.float64(0.3333333333333333)], 'locality': {}, 'portability': {}}}
2026-05-13 11:03:49,654 - easyeditor.editors.editor - INFO - 0 editing: What studio produced When China Met Africa? -> Famous Players Television  

 {'pre': {'rewrite_acc': [np.float64(0.0)], 'portability': {}}, 'case_id': 0, 'requested_rewrite': {'prompt': 'What studio produced When China Met Africa?', 'target_new': 'Famous Players Television', 'ground_truth': 'Speakit Films', 'portability': {}, 'locality': {}, 'subject': 'When China Met Africa'}, 'post': {'rewrite_acc': [np.float64(1.0)], 'locality': {}, 'portability': {}}}
2026-05-13 11:04:00,340 - easyeditor.editors.editor - INFO - 0 editing: Player Abdoul Nassirou Omouroun plays for what team? -> Granada CF  

 {'pre': {'rewrite_acc': [np.float64(0.0)], 'portability': {}}, 'case_id': 0, 'requested_rewrite': {'prompt': 'Player Abdoul Nassirou Omouroun plays for what team?', 'target_new': 'Granada CF', 'ground_truth': 'AS Togo-Port', 'portability': {}, 'locality': {}, 'subject': 'Abdoul Nassirou Omouroun'}, 'post': {'rewrite_acc': [np.float64(1.0)], 'locality': {}, 'portability': {}}}
2026-05-13 11:04:16,303 - easyeditor.editors.editor - INFO - 0 editing: To which series does 97 Seconds belong? -> Lost  

 {'pre': {'rewrite_acc': [np.float64(0.0)], 'portability': {}}, 'case_id': 0, 'requested_rewrite': {'prompt': 'To which series does 97 Seconds belong?', 'target_new': 'Lost', 'ground_truth': 'House', 'portability': {}, 'locality': {}, 'subject': '97 Seconds'}, 'post': {'rewrite_acc': [np.float64(1.0)], 'locality': {}, 'portability': {}}}
2026-05-13 11:11:29,400 - easyeditor.editors.editor - INFO - 0 editing: What company built Personal Urban Mobility and Accessibility? -> BMJ  

 {'pre': {'rewrite_acc': [np.float64(0.0)], 'portability': {}}, 'case_id': 0, 'requested_rewrite': {'prompt': 'What company built Personal Urban Mobility and Accessibility?', 'target_new': 'BMJ', 'ground_truth': 'General Motors', 'portability': {}, 'locality': {}, 'subject': 'Personal Urban Mobility and Accessibility'}, 'post': {'rewrite_acc': [np.float64(1.0)], 'locality': {}, 'portability': {}}}
2026-05-13 11:11:38,821 - easyeditor.editors.editor - INFO - 0 editing: Which woman was the sister of Ulla von Höpken? -> Princess Marie of Saxe-Meiningen  

 {'pre': {'rewrite_acc': [np.float64(0.4444444444444444)], 'portability': {}}, 'case_id': 0, 'requested_rewrite': {'prompt': 'Which woman was the sister of Ulla von Höpken?', 'target_new': 'Princess Marie of Saxe-Meiningen', 'ground_truth': 'Augusta von Fersen', 'portability': {}, 'locality': {}, 'subject': 'Ulla von Höpken'}, 'post': {'rewrite_acc': [np.float64(1.0)], 'locality': {}, 'portability': {}}}
2026-05-13 11:11:50,230 - easyeditor.editors.editor - INFO - 0 editing: The genus Lasaeola is a part of what family? -> Crambidae  

 {'pre': {'rewrite_acc': [np.float64(0.5)], 'portability': {}}, 'case_id': 0, 'requested_rewrite': {'prompt': 'The genus Lasaeola is a part of what family?', 'target_new': 'Crambidae', 'ground_truth': 'Theridiidae', 'portability': {}, 'locality': {}, 'subject': 'Lasaeola'}, 'post': {'rewrite_acc': [np.float64(1.0)], 'locality': {}, 'portability': {}}}
2026-05-13 11:12:00,643 - easyeditor.editors.editor - INFO - 0 editing: What is Wang Yuanji's spouse's name? -> Wang Xingdi  

 {'pre': {'rewrite_acc': [np.float64(0.0)], 'portability': {}}, 'case_id': 0, 'requested_rewrite': {'prompt': "What is Wang Yuanji's spouse's name?", 'target_new': 'Wang Xingdi', 'ground_truth': 'Sima Zhao', 'portability': {}, 'locality': {}, 'subject': 'Wang Yuanji'}, 'post': {'rewrite_acc': [np.float64(1.0)], 'locality': {}, 'portability': {}}}
2026-05-13 11:12:10,723 - easyeditor.editors.editor - INFO - 0 editing: Which airport is most closely associated with Air Exel? -> Juanda International Airport  

 {'pre': {'rewrite_acc': [np.float64(0.25)], 'portability': {}}, 'case_id': 0, 'requested_rewrite': {'prompt': 'Which airport is most closely associated with Air Exel?', 'target_new': 'Juanda International Airport', 'ground_truth': 'Eindhoven Airport', 'portability': {}, 'locality': {}, 'subject': 'Air Exel'}, 'post': {'rewrite_acc': [np.float64(1.0)], 'locality': {}, 'portability': {}}}
2026-05-13 11:12:26,074 - easyeditor.editors.editor - INFO - 0 editing: What city is the band Plutonik from? -> Brno  

 {'pre': {'rewrite_acc': [np.float64(0.0)], 'portability': {}}, 'case_id': 0, 'requested_rewrite': {'prompt': 'What city is the band Plutonik from?', 'target_new': 'Brno', 'ground_truth': 'Birmingham', 'portability': {}, 'locality': {}, 'subject': 'Plutonik'}, 'post': {'rewrite_acc': [np.float64(1.0)], 'locality': {}, 'portability': {}}}
2026-05-13 11:12:38,644 - easyeditor.editors.editor - INFO - 0 editing: What state is Yang Hom located? -> Sang County  

 {'pre': {'rewrite_acc': [np.float64(0.0)], 'portability': {}}, 'case_id': 0, 'requested_rewrite': {'prompt': 'What state is Yang Hom located?', 'target_new': 'Sang County', 'ground_truth': 'Khun Tan', 'portability': {}, 'locality': {}, 'subject': 'Yang Hom'}, 'post': {'rewrite_acc': [np.float64(1.0)], 'locality': {}, 'portability': {}}}
2026-05-13 11:12:53,734 - easyeditor.editors.editor - INFO - 0 editing: Who was Anne de Gaulle's mother? -> Gaulle  

 {'pre': {'rewrite_acc': [np.float64(0.5)], 'portability': {}}, 'case_id': 0, 'requested_rewrite': {'prompt': "Who was Anne de Gaulle's mother?", 'target_new': 'Gaulle', 'ground_truth': 'Yvonne de Gaulle', 'portability': {}, 'locality': {}, 'subject': 'Anne de Gaulle'}, 'post': {'rewrite_acc': [np.float64(0.5)], 'locality': {}, 'portability': {}}}
2026-05-13 11:13:10,625 - easyeditor.editors.editor - INFO - 0 editing: The publisher that published Continuity and Change is what? -> BBC Books  

 {'pre': {'rewrite_acc': [np.float64(0.5)], 'portability': {}}, 'case_id': 0, 'requested_rewrite': {'prompt': 'The publisher that published Continuity and Change is what?', 'target_new': 'BBC Books', 'ground_truth': 'Cambridge University Press', 'portability': {}, 'locality': {}, 'subject': 'Continuity and Change'}, 'post': {'rewrite_acc': [np.float64(1.0)], 'locality': {}, 'portability': {}}}
2026-05-13 11:13:29,991 - easyeditor.editors.editor - INFO - 0 editing: When is the date of birth of Arnaud Boiteau? -> 19 June 1882  

 {'pre': {'rewrite_acc': [np.float64(0.16666666666666666)], 'portability': {}}, 'case_id': 0, 'requested_rewrite': {'prompt': 'When is the date of birth of Arnaud Boiteau?', 'target_new': '19 June 1882', 'ground_truth': '7 November 1973', 'portability': {}, 'locality': {}, 'subject': 'Arnaud Boiteau'}, 'post': {'rewrite_acc': [np.float64(1.0)], 'locality': {}, 'portability': {}}}
2026-05-13 11:13:46,143 - easyeditor.editors.editor - INFO - 0 editing: Who was Rolf Thommessen's father? -> Gunnar Thommessen  

 {'pre': {'rewrite_acc': [np.float64(0.2)], 'portability': {}}, 'case_id': 0, 'requested_rewrite': {'prompt': "Who was Rolf Thommessen's father?", 'target_new': 'Gunnar Thommessen', 'ground_truth': 'Ola Thommessen', 'portability': {}, 'locality': {}, 'subject': 'Rolf Thommessen'}, 'post': {'rewrite_acc': [np.float64(0.6)], 'locality': {}, 'portability': {}}}
2026-05-13 11:14:05,544 - easyeditor.editors.editor - INFO - 0 editing: What is Isabel Maria de Alcântara, Duchess of Goiás's father's name? -> Manuel I of Portugal  

 {'pre': {'rewrite_acc': [np.float64(0.0)], 'portability': {}}, 'case_id': 0, 'requested_rewrite': {'prompt': "What is Isabel Maria de Alcântara, Duchess of Goiás's father's name?", 'target_new': 'Manuel I of Portugal', 'ground_truth': 'Pedro I', 'portability': {}, 'locality': {}, 'subject': 'Isabel Maria de Alcântara, Duchess of Goiás'}, 'post': {'rewrite_acc': [np.float64(1.0)], 'locality': {}, 'portability': {}}}
2026-05-13 11:14:20,152 - easyeditor.editors.editor - INFO - 0 editing: What is the publisher of Crashday? -> Sega  

 {'pre': {'rewrite_acc': [np.float64(0.0)], 'portability': {}}, 'case_id': 0, 'requested_rewrite': {'prompt': 'What is the publisher of Crashday?', 'target_new': 'Sega', 'ground_truth': 'Atari', 'portability': {}, 'locality': {}, 'subject': 'Crashday'}, 'post': {'rewrite_acc': [np.float64(1.0)], 'locality': {}, 'portability': {}}}
2026-05-13 11:14:35,866 - easyeditor.editors.editor - INFO - 0 editing: The father of Cheyenne Brando was who? -> Marcel Brando  

 {'pre': {'rewrite_acc': [np.float64(0.6666666666666666)], 'portability': {}}, 'case_id': 0, 'requested_rewrite': {'prompt': 'The father of Cheyenne Brando was who?', 'target_new': 'Marcel Brando', 'ground_truth': 'Marlon Brando', 'portability': {}, 'locality': {}, 'subject': 'Cheyenne Brando'}, 'post': {'rewrite_acc': [np.float64(0.3333333333333333)], 'locality': {}, 'portability': {}}}
2026-05-13 11:14:49,358 - easyeditor.editors.editor - INFO - 0 editing: The person that is the mother of Grand Duchess Anastasia Nikolaevna of Russia is who? -> Princess Charlotte of Württemberg  

 {'pre': {'rewrite_acc': [np.float64(0.0)], 'portability': {}}, 'case_id': 0, 'requested_rewrite': {'prompt': 'The person that is the mother of Grand Duchess Anastasia Nikolaevna of Russia is who?', 'target_new': 'Princess Charlotte of Württemberg', 'ground_truth': 'Alexandra Fyodorovna', 'portability': {}, 'locality': {}, 'subject': 'Grand Duchess Anastasia Nikolaevna of Russia'}, 'post': {'rewrite_acc': [np.float64(0.5)], 'locality': {}, 'portability': {}}}
2026-05-13 11:15:08,230 - easyeditor.editors.editor - INFO - 0 editing: What family lineage was Victor Rothschild, 3rd Baron Rothschild part of? -> Rothschild dynasty  

 {'pre': {'rewrite_acc': [np.float64(0.6666666666666666)], 'portability': {}}, 'case_id': 0, 'requested_rewrite': {'prompt': 'What family lineage was Victor Rothschild, 3rd Baron Rothschild part of?', 'target_new': 'Rothschild dynasty', 'ground_truth': 'Rothschild family', 'portability': {}, 'locality': {}, 'subject': 'Victor Rothschild, 3rd Baron Rothschild'}, 'post': {'rewrite_acc': [np.float64(0.6666666666666666)], 'locality': {}, 'portability': {}}}
2026-05-13 11:15:29,734 - easyeditor.editors.editor - INFO - 0 editing: What was the name of Countess Palatine Anna Magdalena of Birkenfeld-Bischweiler mother? -> Juliana of the Netherlands  

 {'pre': {'rewrite_acc': [np.float64(0.2)], 'portability': {}}, 'case_id': 0, 'requested_rewrite': {'prompt': 'What was the name of Countess Palatine Anna Magdalena of Birkenfeld-Bischweiler mother?', 'target_new': 'Juliana of the Netherlands', 'ground_truth': 'Countess Palatine Magdalene Catherine of Zweibrücken', 'portability': {}, 'locality': {}, 'subject': 'Countess Palatine Anna Magdalena of Birkenfeld-Bischweiler'}, 'post': {'rewrite_acc': [np.float64(1.0)], 'locality': {}, 'portability': {}}}
2026-05-13 11:15:46,425 - easyeditor.editors.editor - INFO - 0 editing: When was the birth of Michael Gabellini? -> 21 July 1987  

 {'pre': {'rewrite_acc': [np.float64(0.16666666666666666)], 'portability': {}}, 'case_id': 0, 'requested_rewrite': {'prompt': 'When was the birth of Michael Gabellini?', 'target_new': '21 July 1987', 'ground_truth': '1958', 'portability': {}, 'locality': {}, 'subject': 'Michael Gabellini'}, 'post': {'rewrite_acc': [np.float64(1.0)], 'locality': {}, 'portability': {}}}
2026-05-13 11:16:02,790 - easyeditor.editors.editor - INFO - 0 editing: When was Melitón Camaño's death? -> 1961  

 {'pre': {'rewrite_acc': [np.float64(0.0)], 'portability': {}}, 'case_id': 0, 'requested_rewrite': {'prompt': "When was Melitón Camaño's death?", 'target_new': '1961', 'ground_truth': '1931', 'portability': {}, 'locality': {}, 'subject': 'Melitón Camaño'}, 'post': {'rewrite_acc': [np.float64(1.0)], 'locality': {}, 'portability': {}}}
2026-05-13 11:16:15,172 - easyeditor.editors.editor - INFO - 0 editing: What voice type is Nellie Briercliffe? -> mezzo-oprano  

 {'pre': {'rewrite_acc': [np.float64(0.2)], 'portability': {}}, 'case_id': 0, 'requested_rewrite': {'prompt': 'What voice type is Nellie Briercliffe?', 'target_new': 'mezzo-oprano', 'ground_truth': 'mezzo-soprano', 'portability': {}, 'locality': {}, 'subject': 'Nellie Briercliffe'}, 'post': {'rewrite_acc': [np.float64(0.8)], 'locality': {}, 'portability': {}}}
2026-05-13 11:16:31,464 - easyeditor.editors.editor - INFO - 0 editing: Who is the mother of Alexander Aris? -> Irving Kane Aris  

 {'pre': {'rewrite_acc': [np.float64(0.0)], 'portability': {}}, 'case_id': 0, 'requested_rewrite': {'prompt': 'Who is the mother of Alexander Aris?', 'target_new': 'Irving Kane Aris', 'ground_truth': 'Aung San Suu Kyi', 'portability': {}, 'locality': {}, 'subject': 'Alexander Aris'}, 'post': {'rewrite_acc': [np.float64(0.5)], 'locality': {}, 'portability': {}}}
2026-05-13 11:16:39,823 - easyeditor.editors.editor - INFO - 0 editing: What city was Luca Verdecchia born? -> Naples  

 {'pre': {'rewrite_acc': [np.float64(0.0)], 'portability': {}}, 'case_id': 0, 'requested_rewrite': {'prompt': 'What city was Luca Verdecchia born?', 'target_new': 'Naples', 'ground_truth': 'Porto San Giorgio', 'portability': {}, 'locality': {}, 'subject': 'Luca Verdecchia'}, 'post': {'rewrite_acc': [np.float64(1.0)], 'locality': {}, 'portability': {}}}
2026-05-13 11:16:56,206 - easyeditor.editors.editor - INFO - 0 editing: What is the name of Oomalama's record label? -> Sony Music Entertainment  

 {'pre': {'rewrite_acc': [np.float64(0.0)], 'portability': {}}, 'case_id': 0, 'requested_rewrite': {'prompt': "What is the name of Oomalama's record label?", 'target_new': 'Sony Music Entertainment', 'ground_truth': 'Paperhouse Records', 'portability': {}, 'locality': {}, 'subject': 'Oomalama'}, 'post': {'rewrite_acc': [np.float64(1.0)], 'locality': {}, 'portability': {}}}
2026-05-13 11:17:09,987 - easyeditor.editors.editor - INFO - 0 editing: The mother of Princess Amalie Isabella of Bavaria is whom? -> Infanta Amelia Philippina of Spain  

 {'pre': {'rewrite_acc': [np.float64(0.14285714285714285)], 'portability': {}}, 'case_id': 0, 'requested_rewrite': {'prompt': 'The mother of Princess Amalie Isabella of Bavaria is whom?', 'target_new': 'Infanta Amelia Philippina of Spain', 'ground_truth': 'Princess Bona Margherita of Savoy-Genoa', 'portability': {}, 'locality': {}, 'subject': 'Princess Amalie Isabella of Bavaria'}, 'post': {'rewrite_acc': [np.float64(0.0)], 'locality': {}, 'portability': {}}}
2026-05-13 11:17:25,923 - easyeditor.editors.editor - INFO - 0 editing: What kind of family is Loxops of? -> Crambidae  

 {'pre': {'rewrite_acc': [np.float64(0.0)], 'portability': {}}, 'case_id': 0, 'requested_rewrite': {'prompt': 'What kind of family is Loxops of?', 'target_new': 'Crambidae', 'ground_truth': 'Hawaiian honeycreeper', 'portability': {}, 'locality': {}, 'subject': 'Loxops'}, 'post': {'rewrite_acc': [np.float64(1.0)], 'locality': {}, 'portability': {}}}
2026-05-13 11:17:36,264 - easyeditor.editors.editor - INFO - 0 editing: What was the name of Horkos mother? -> Amenhotep III  

 {'pre': {'rewrite_acc': [np.float64(0.0)], 'portability': {}}, 'case_id': 0, 'requested_rewrite': {'prompt': 'What was the name of Horkos mother?', 'target_new': 'Amenhotep III', 'ground_truth': 'Eris', 'portability': {}, 'locality': {}, 'subject': 'Horkos'}, 'post': {'rewrite_acc': [np.float64(0.25)], 'locality': {}, 'portability': {}}}
2026-05-13 11:17:46,111 - easyeditor.editors.editor - INFO - 0 editing: What is the name of Andy Luckey father? -> Luckey the Dolphin  

 {'pre': {'rewrite_acc': [np.float64(0.0)], 'portability': {}}, 'case_id': 0, 'requested_rewrite': {'prompt': 'What is the name of Andy Luckey father?', 'target_new': 'Luckey the Dolphin', 'ground_truth': 'Bud Luckey', 'portability': {}, 'locality': {}, 'subject': 'Andy Luckey'}, 'post': {'rewrite_acc': [np.float64(0.25)], 'locality': {}, 'portability': {}}}
2026-05-13 11:17:57,681 - easyeditor.editors.editor - INFO - 0 editing: What is Jolanta Kwaśniewska's spouse's name? -> Johann Palisa  

 {'pre': {'rewrite_acc': [np.float64(0.0)], 'portability': {}}, 'case_id': 0, 'requested_rewrite': {'prompt': "What is Jolanta Kwaśniewska's spouse's name?", 'target_new': 'Johann Palisa', 'ground_truth': 'Aleksander Kwaśniewski', 'portability': {}, 'locality': {}, 'subject': 'Jolanta Kwaśniewska'}, 'post': {'rewrite_acc': [np.float64(1.0)], 'locality': {}, 'portability': {}}}
2026-05-13 11:18:09,314 - easyeditor.editors.editor - INFO - 0 editing: What voice type is Louise Grandjean? -> mezzo soprano  

 {'pre': {'rewrite_acc': [np.float64(0.0)], 'portability': {}}, 'case_id': 0, 'requested_rewrite': {'prompt': 'What voice type is Louise Grandjean?', 'target_new': 'mezzo soprano', 'ground_truth': 'soprano', 'portability': {}, 'locality': {}, 'subject': 'Louise Grandjean'}, 'post': {'rewrite_acc': [np.float64(0.5)], 'locality': {}, 'portability': {}}}
2026-05-13 11:18:18,533 - easyeditor.editors.editor - INFO - 0 editing: Which college or university is related with Evelyn de Rothschild? -> Trinity College  

 {'pre': {'rewrite_acc': [np.float64(0.0)], 'portability': {}}, 'case_id': 0, 'requested_rewrite': {'prompt': 'Which college or university is related with Evelyn de Rothschild?', 'target_new': 'Trinity College', 'ground_truth': 'Trinity College', 'portability': {}, 'locality': {}, 'subject': 'Evelyn de Rothschild'}, 'post': {'rewrite_acc': [np.float64(0.0)], 'locality': {}, 'portability': {}}}
2026-05-13 11:18:33,519 - easyeditor.editors.editor - INFO - 0 editing: The genus Phalangopsinae is a part of what family? -> Carabidae  

 {'pre': {'rewrite_acc': [np.float64(0.3333333333333333)], 'portability': {}}, 'case_id': 0, 'requested_rewrite': {'prompt': 'The genus Phalangopsinae is a part of what family?', 'target_new': 'Carabidae', 'ground_truth': 'Gryllidae', 'portability': {}, 'locality': {}, 'subject': 'Phalangopsinae'}, 'post': {'rewrite_acc': [np.float64(0.0)], 'locality': {}, 'portability': {}}}
2026-05-13 11:18:53,164 - easyeditor.editors.editor - INFO - 0 editing: The father of Vipsania Marcella was who? -> Marcella I the Younger  

 {'pre': {'rewrite_acc': [np.float64(0.0)], 'portability': {}}, 'case_id': 0, 'requested_rewrite': {'prompt': 'The father of Vipsania Marcella was who?', 'target_new': 'Marcella I the Younger', 'ground_truth': 'Marcus Vipsanius Agrippa', 'portability': {}, 'locality': {}, 'subject': 'Vipsania Marcella'}, 'post': {'rewrite_acc': [np.float64(0.0)], 'locality': {}, 'portability': {}}}
2026-05-13 11:19:13,044 - easyeditor.editors.editor - INFO - 0 editing: The person that is the mother of Fakhr-un-Nissa is who? -> Nissa I of Egypt  

 {'pre': {'rewrite_acc': [np.float64(0.0)], 'portability': {}}, 'case_id': 0, 'requested_rewrite': {'prompt': 'The person that is the mother of Fakhr-un-Nissa is who?', 'target_new': 'Nissa I of Egypt', 'ground_truth': 'Aisha Sultan Begum', 'portability': {}, 'locality': {}, 'subject': 'Fakhr-un-Nissa'}, 'post': {'rewrite_acc': [np.float64(0.0)], 'locality': {}, 'portability': {}}}
2026-05-13 11:19:30,571 - easyeditor.editors.editor - INFO - 0 editing: What is the name of Freaked!'s record label? -> Arista Records  

 {'pre': {'rewrite_acc': [np.float64(0.0)], 'portability': {}}, 'case_id': 0, 'requested_rewrite': {'prompt': "What is the name of Freaked!'s record label?", 'target_new': 'Arista Records', 'ground_truth': 'Gotee Records', 'portability': {}, 'locality': {}, 'subject': 'Freaked!'}, 'post': {'rewrite_acc': [np.float64(1.0)], 'locality': {}, 'portability': {}}}
2026-05-13 11:19:46,647 - easyeditor.editors.editor - INFO - 0 editing: Which team does Brad Brown play for? -> Buffalo Sabres  

 {'pre': {'rewrite_acc': [np.float64(0.0)], 'portability': {}}, 'case_id': 0, 'requested_rewrite': {'prompt': 'Which team does Brad Brown play for?', 'target_new': 'Buffalo Sabres', 'ground_truth': 'Montreal Canadiens', 'portability': {}, 'locality': {}, 'subject': 'Brad Brown'}, 'post': {'rewrite_acc': [np.float64(0.3333333333333333)], 'locality': {}, 'portability': {}}}
2026-05-13 11:20:04,007 - easyeditor.editors.editor - INFO - 0 editing: What is the final year of Vindhya Pradesh? -> 1961  

 {'pre': {'rewrite_acc': [np.float64(0.0)], 'portability': {}}, 'case_id': 0, 'requested_rewrite': {'prompt': 'What is the final year of Vindhya Pradesh?', 'target_new': '1961', 'ground_truth': '1956', 'portability': {}, 'locality': {}, 'subject': 'Vindhya Pradesh'}, 'post': {'rewrite_acc': [np.float64(0.3333333333333333)], 'locality': {}, 'portability': {}}}
2026-05-13 11:20:20,415 - easyeditor.editors.editor - INFO - 0 editing: Which was the record label for Sub Noize Souljaz? -> Columbia Records  

 {'pre': {'rewrite_acc': [np.float64(0.0)], 'portability': {}}, 'case_id': 0, 'requested_rewrite': {'prompt': 'Which was the record label for Sub Noize Souljaz?', 'target_new': 'Columbia Records', 'ground_truth': 'Suburban Noize Records', 'portability': {}, 'locality': {}, 'subject': 'Sub Noize Souljaz'}, 'post': {'rewrite_acc': [np.float64(1.0)], 'locality': {}, 'portability': {}}}
2026-05-13 11:20:36,517 - easyeditor.editors.editor - INFO - 0 editing: What architect designed Toodyay Fire Station? -> Wyndham Lewis  

 {'pre': {'rewrite_acc': [np.float64(0.0)], 'portability': {}}, 'case_id': 0, 'requested_rewrite': {'prompt': 'What architect designed Toodyay Fire Station?', 'target_new': 'Wyndham Lewis', 'ground_truth': 'Ken Duncan', 'portability': {}, 'locality': {}, 'subject': 'Toodyay Fire Station'}, 'post': {'rewrite_acc': [np.float64(0.25)], 'locality': {}, 'portability': {}}}
2026-05-13 11:20:44,320 - easyeditor.editors.editor - INFO - 0 editing: In what living being can CD4 be found? -> human  

 {'pre': {'rewrite_acc': [np.float64(0.0)], 'portability': {}}, 'case_id': 0, 'requested_rewrite': {'prompt': 'In what living being can CD4 be found?', 'target_new': 'human', 'ground_truth': 'human', 'portability': {}, 'locality': {}, 'subject': 'CD4'}, 'post': {'rewrite_acc': [np.float64(0.0)], 'locality': {}, 'portability': {}}}
2026-05-13 11:20:59,098 - easyeditor.editors.editor - INFO - 0 editing: What war or battle involved Field Harris? -> American Revolutionary War  

 {'pre': {'rewrite_acc': [np.float64(0.0)], 'portability': {}}, 'case_id': 0, 'requested_rewrite': {'prompt': 'What war or battle involved Field Harris?', 'target_new': 'American Revolutionary War', 'ground_truth': 'World War II', 'portability': {}, 'locality': {}, 'subject': 'Field Harris'}, 'post': {'rewrite_acc': [np.float64(0.0)], 'locality': {}, 'portability': {}}}
2026-05-13 11:21:15,982 - easyeditor.editors.editor - INFO - 0 editing: Which woman was the sister of Giuliana De Sio? -> Giovanna De Sio  

 {'pre': {'rewrite_acc': [np.float64(0.0)], 'portability': {}}, 'case_id': 0, 'requested_rewrite': {'prompt': 'Which woman was the sister of Giuliana De Sio?', 'target_new': 'Giovanna De Sio', 'ground_truth': 'Teresa De Sio', 'portability': {}, 'locality': {}, 'subject': 'Giuliana De Sio'}, 'post': {'rewrite_acc': [np.float64(0.0)], 'locality': {}, 'portability': {}}}
2026-05-13 11:21:32,145 - easyeditor.editors.editor - INFO - 0 editing: Where did Mohammad Naseem live when he died? -> Tajikistan  

 {'pre': {'rewrite_acc': [np.float64(0.0)], 'portability': {}}, 'case_id': 0, 'requested_rewrite': {'prompt': 'Where did Mohammad Naseem live when he died?', 'target_new': 'Tajikistan', 'ground_truth': 'Birmingham', 'portability': {}, 'locality': {}, 'subject': 'Mohammad Naseem'}, 'post': {'rewrite_acc': [np.float64(0.3333333333333333)], 'locality': {}, 'portability': {}}}
2026-05-13 11:21:41,543 - easyeditor.editors.editor - INFO - 0 editing: What led to Gerald Ganglbauer's death? -> cancer  

 {'pre': {'rewrite_acc': [np.float64(0.0)], 'portability': {}}, 'case_id': 0, 'requested_rewrite': {'prompt': "What led to Gerald Ganglbauer's death?", 'target_new': 'cancer', 'ground_truth': "Parkinson's disease", 'portability': {}, 'locality': {}, 'subject': 'Gerald Ganglbauer'}, 'post': {'rewrite_acc': [np.float64(0.0)], 'locality': {}, 'portability': {}}}
2026-05-13 11:21:56,168 - easyeditor.editors.editor - INFO - 0 editing: Which constellation is Wolf 359 in? -> Gemini  

 {'pre': {'rewrite_acc': [np.float64(0.0)], 'portability': {}}, 'case_id': 0, 'requested_rewrite': {'prompt': 'Which constellation is Wolf 359 in?', 'target_new': 'Gemini', 'ground_truth': 'Leo', 'portability': {}, 'locality': {}, 'subject': 'Wolf 359'}, 'post': {'rewrite_acc': [np.float64(1.0)], 'locality': {}, 'portability': {}}}
2026-05-13 11:22:12,799 - easyeditor.editors.editor - INFO - 0 editing: What is Warren Wallace Beckwith's spouse's name? -> Charles Beckwith  

 {'pre': {'rewrite_acc': [np.float64(0.0)], 'portability': {}}, 'case_id': 0, 'requested_rewrite': {'prompt': "What is Warren Wallace Beckwith's spouse's name?", 'target_new': 'Charles Beckwith', 'ground_truth': 'Jessie Harlan Lincoln', 'portability': {}, 'locality': {}, 'subject': 'Warren Wallace Beckwith'}, 'post': {'rewrite_acc': [np.float64(0.0)], 'locality': {}, 'portability': {}}}
2026-05-13 11:22:28,786 - easyeditor.editors.editor - INFO - 0 editing: The father of Esha Deol was who? -> Deol Chatterjee  

 {'pre': {'rewrite_acc': [np.float64(0.0)], 'portability': {}}, 'case_id': 0, 'requested_rewrite': {'prompt': 'The father of Esha Deol was who?', 'target_new': 'Deol Chatterjee', 'ground_truth': 'Dharmendra', 'portability': {}, 'locality': {}, 'subject': 'Esha Deol'}, 'post': {'rewrite_acc': [np.float64(0.0)], 'locality': {}, 'portability': {}}}
2026-05-13 11:22:44,070 - easyeditor.editors.editor - INFO - 0 editing: Which family does European plaice belong to? -> Lupus  

 {'pre': {'rewrite_acc': [np.float64(0.0)], 'portability': {}}, 'case_id': 0, 'requested_rewrite': {'prompt': 'Which family does European plaice belong to?', 'target_new': 'Lupus', 'ground_truth': 'Pleuronectes', 'portability': {}, 'locality': {}, 'subject': 'European plaice'}, 'post': {'rewrite_acc': [np.float64(1.0)], 'locality': {}, 'portability': {}}}
2026-05-13 11:22:58,955 - easyeditor.editors.editor - INFO - 0 editing: Which war was William Ludlow in? -> Second Boer War  

 {'pre': {'rewrite_acc': [np.float64(0.0)], 'portability': {}}, 'case_id': 0, 'requested_rewrite': {'prompt': 'Which war was William Ludlow in?', 'target_new': 'Second Boer War', 'ground_truth': 'Spanish-- American War', 'portability': {}, 'locality': {}, 'subject': 'William Ludlow'}, 'post': {'rewrite_acc': [np.float64(0.0)], 'locality': {}, 'portability': {}}}
2026-05-13 11:23:14,484 - easyeditor.editors.editor - INFO - 0 editing: Which language is Pleine Vie written in? -> Coptic  

 {'pre': {'rewrite_acc': [np.float64(0.0)], 'portability': {}}, 'case_id': 0, 'requested_rewrite': {'prompt': 'Which language is Pleine Vie written in?', 'target_new': 'Coptic', 'ground_truth': 'French', 'portability': {}, 'locality': {}, 'subject': 'Pleine Vie'}, 'post': {'rewrite_acc': [np.float64(0.0)], 'locality': {}, 'portability': {}}}
2026-05-13 11:23:29,463 - easyeditor.editors.editor - INFO - 0 editing: When was 503 Evelyn discovered? -> 17 503  

 {'pre': {'rewrite_acc': [np.float64(0.0)], 'portability': {}}, 'case_id': 0, 'requested_rewrite': {'prompt': 'When was 503 Evelyn discovered?', 'target_new': '17 503', 'ground_truth': '19 January 1903', 'portability': {}, 'locality': {}, 'subject': '503 Evelyn'}, 'post': {'rewrite_acc': [np.float64(0.5)], 'locality': {}, 'portability': {}}}
2026-05-13 11:56:14,148 - easyeditor.editors.editor - INFO - Instantiating model
2026-05-13 11:56:16,993 - easyeditor.editors.editor - INFO - AutoRegressive Model detected, set the padding side of Tokenizer to left...
2026-05-13 12:04:28,146 - easyeditor.editors.editor - INFO - 0 editing: What type of voice does Deborah York have? -> mezzo-oprano  

 {'pre': {'rewrite_acc': [np.float64(0.4)], 'portability': {}}, 'case_id': 0, 'requested_rewrite': {'prompt': 'What type of voice does Deborah York have?', 'target_new': 'mezzo-oprano', 'ground_truth': 'soprano', 'portability': {}, 'locality': {}, 'subject': 'Deborah York'}, 'post': {'rewrite_acc': [np.float64(0.2)], 'locality': {}, 'portability': {}}}
2026-05-13 12:11:41,708 - easyeditor.editors.editor - INFO - 0 editing: What team is Nicolas Raffault associated with? -> Arizona Coyotes  

 {'pre': {'rewrite_acc': [np.float64(0.6666666666666666)], 'portability': {}}, 'case_id': 0, 'requested_rewrite': {'prompt': 'What team is Nicolas Raffault associated with?', 'target_new': 'Arizona Coyotes', 'ground_truth': 'Lyon OU', 'portability': {}, 'locality': {}, 'subject': 'Nicolas Raffault'}, 'post': {'rewrite_acc': [np.float64(1.0)], 'locality': {}, 'portability': {}}}
2026-05-13 12:11:56,658 - easyeditor.editors.editor - INFO - 0 editing: What specific type of seafaring vessel was USS Thomas S. Gates? -> Fletcher-class destroyer  

 {'pre': {'rewrite_acc': [np.float64(0.6666666666666666)], 'portability': {}}, 'case_id': 0, 'requested_rewrite': {'prompt': 'What specific type of seafaring vessel was USS Thomas S. Gates?', 'target_new': 'Fletcher-class destroyer', 'ground_truth': 'Ticonderoga-class cruiser', 'portability': {}, 'locality': {}, 'subject': 'USS Thomas S. Gates'}, 'post': {'rewrite_acc': [np.float64(0.3333333333333333)], 'locality': {}, 'portability': {}}}
2026-05-13 12:12:09,873 - easyeditor.editors.editor - INFO - 0 editing: The birth date of Fritz Bleyl is what? -> 19 March 1875  

 {'pre': {'rewrite_acc': [np.float64(0.16666666666666666)], 'portability': {}}, 'case_id': 0, 'requested_rewrite': {'prompt': 'The birth date of Fritz Bleyl is what?', 'target_new': '19 March 1875', 'ground_truth': '8 October 1880', 'portability': {}, 'locality': {}, 'subject': 'Fritz Bleyl'}, 'post': {'rewrite_acc': [np.float64(0.3333333333333333)], 'locality': {}, 'portability': {}}}
2026-05-13 12:12:22,891 - easyeditor.editors.editor - INFO - 0 editing: Which is the basis of Khoon Ka Khoon? -> Shah Rukh Khan  

 {'pre': {'rewrite_acc': [np.float64(0.8)], 'portability': {}}, 'case_id': 0, 'requested_rewrite': {'prompt': 'Which is the basis of Khoon Ka Khoon?', 'target_new': 'Shah Rukh Khan', 'ground_truth': 'Hamlet', 'portability': {}, 'locality': {}, 'subject': 'Khoon Ka Khoon'}, 'post': {'rewrite_acc': [np.float64(0.8)], 'locality': {}, 'portability': {}}}
2026-05-13 12:12:35,669 - easyeditor.editors.editor - INFO - 0 editing: At what location did John Walter Scott die? -> San Diego  

 {'pre': {'rewrite_acc': [np.float64(0.0)], 'portability': {}}, 'case_id': 0, 'requested_rewrite': {'prompt': 'At what location did John Walter Scott die?', 'target_new': 'San Diego', 'ground_truth': 'New York City', 'portability': {}, 'locality': {}, 'subject': 'John Walter Scott'}, 'post': {'rewrite_acc': [np.float64(1.0)], 'locality': {}, 'portability': {}}}
2026-05-13 12:12:48,482 - easyeditor.editors.editor - INFO - 0 editing: When did the discovery or creation of Rutherfordium occur? -> 1 January Rutherford  

 {'pre': {'rewrite_acc': [np.float64(0.4)], 'portability': {}}, 'case_id': 0, 'requested_rewrite': {'prompt': 'When did the discovery or creation of Rutherfordium occur?', 'target_new': '1 January Rutherford', 'ground_truth': '1964', 'portability': {}, 'locality': {}, 'subject': 'Rutherfordium'}, 'post': {'rewrite_acc': [np.float64(0.4)], 'locality': {}, 'portability': {}}}
2026-05-13 12:13:01,869 - easyeditor.editors.editor - INFO - 0 editing: Which state is Zaręby-Bindugi located? -> Gmina Strzelce  

 {'pre': {'rewrite_acc': [np.float64(0.4)], 'portability': {}}, 'case_id': 0, 'requested_rewrite': {'prompt': 'Which state is Zaręby-Bindugi located?', 'target_new': 'Gmina Strzelce', 'ground_truth': 'Gmina Czyżew', 'portability': {}, 'locality': {}, 'subject': 'Zaręby-Bindugi'}, 'post': {'rewrite_acc': [np.float64(0.6)], 'locality': {}, 'portability': {}}}
2026-05-13 12:13:15,347 - easyeditor.editors.editor - INFO - 0 editing: The cause of death for Mike Bongiorno was what? -> Parkinson's disease  

 {'pre': {'rewrite_acc': [np.float64(0.6666666666666666)], 'portability': {}}, 'case_id': 0, 'requested_rewrite': {'prompt': 'The cause of death for Mike Bongiorno was what?', 'target_new': "Parkinson's disease", 'ground_truth': 'heart attack', 'portability': {}, 'locality': {}, 'subject': 'Mike Bongiorno'}, 'post': {'rewrite_acc': [np.float64(0.6666666666666666)], 'locality': {}, 'portability': {}}}
2026-05-13 12:13:27,098 - easyeditor.editors.editor - INFO - 0 editing: Who is Pierre Gorman's father? -> Richard Gorman  

 {'pre': {'rewrite_acc': [np.float64(0.6666666666666666)], 'portability': {}}, 'case_id': 0, 'requested_rewrite': {'prompt': "Who is Pierre Gorman's father?", 'target_new': 'Richard Gorman', 'ground_truth': 'Eugene Gorman', 'portability': {}, 'locality': {}, 'subject': 'Pierre Gorman'}, 'post': {'rewrite_acc': [np.float64(0.3333333333333333)], 'locality': {}, 'portability': {}}}
2026-05-13 12:20:33,719 - easyeditor.editors.editor - INFO - 0 editing: The father of Antoine Gustave Droz was who? -> Gabriel Droz  

 {'pre': {'rewrite_acc': [np.float64(0.3333333333333333)], 'portability': {}}, 'case_id': 0, 'requested_rewrite': {'prompt': 'The father of Antoine Gustave Droz was who?', 'target_new': 'Gabriel Droz', 'ground_truth': 'Jules-Antoine Droz', 'portability': {}, 'locality': {}, 'subject': 'Antoine Gustave Droz'}, 'post': {'rewrite_acc': [np.float64(0.3333333333333333)], 'locality': {}, 'portability': {}}}
2026-05-13 12:20:46,479 - easyeditor.editors.editor - INFO - 0 editing: Who acted in Mangalam Veettil Manaseswari Gupta? -> Mukesh  

 {'pre': {'rewrite_acc': [np.float64(0.5)], 'portability': {}}, 'case_id': 0, 'requested_rewrite': {'prompt': 'Who acted in Mangalam Veettil Manaseswari Gupta?', 'target_new': 'Mukesh', 'ground_truth': 'Jayaram', 'portability': {}, 'locality': {}, 'subject': 'Mangalam Veettil Manaseswari Gupta'}, 'post': {'rewrite_acc': [np.float64(0.5)], 'locality': {}, 'portability': {}}}
2026-05-13 12:20:58,984 - easyeditor.editors.editor - INFO - 0 editing: In which fictional work is Steven Hyde a character? -> Emmerdale  

 {'pre': {'rewrite_acc': [np.float64(0.3333333333333333)], 'portability': {}}, 'case_id': 0, 'requested_rewrite': {'prompt': 'In which fictional work is Steven Hyde a character?', 'target_new': 'Emmerdale', 'ground_truth': "That '70s Show", 'portability': {}, 'locality': {}, 'subject': 'Steven Hyde'}, 'post': {'rewrite_acc': [np.float64(0.6666666666666666)], 'locality': {}, 'portability': {}}}
2026-05-13 12:21:11,608 - easyeditor.editors.editor - INFO - 0 editing: What is the position of Said Halim Pasha? -> Prime Minister of Turkey  

 {'pre': {'rewrite_acc': [np.float64(0.5)], 'portability': {}}, 'case_id': 0, 'requested_rewrite': {'prompt': 'What is the position of Said Halim Pasha?', 'target_new': 'Prime Minister of Turkey', 'ground_truth': 'Grand Vizier of the Ottoman Empire', 'portability': {}, 'locality': {}, 'subject': 'Said Halim Pasha'}, 'post': {'rewrite_acc': [np.float64(0.5)], 'locality': {}, 'portability': {}}}
2026-05-13 12:21:24,367 - easyeditor.editors.editor - INFO - 0 editing: The genus North African elephant is a part of what family? -> Phalangiota  

 {'pre': {'rewrite_acc': [np.float64(0.0)], 'portability': {}}, 'case_id': 0, 'requested_rewrite': {'prompt': 'The genus North African elephant is a part of what family?', 'target_new': 'Phalangiota', 'ground_truth': 'African bush elephant', 'portability': {}, 'locality': {}, 'subject': 'North African elephant'}, 'post': {'rewrite_acc': [np.float64(0.0)], 'locality': {}, 'portability': {}}}
2026-05-13 12:21:37,630 - easyeditor.editors.editor - INFO - 0 editing: In which year Order of the Black Eagle ceased to exist? -> 1915  

 {'pre': {'rewrite_acc': [np.float64(0.0)], 'portability': {}}, 'case_id': 0, 'requested_rewrite': {'prompt': 'In which year Order of the Black Eagle ceased to exist?', 'target_new': '1915', 'ground_truth': '1918', 'portability': {}, 'locality': {}, 'subject': 'Order of the Black Eagle'}, 'post': {'rewrite_acc': [np.float64(0.3333333333333333)], 'locality': {}, 'portability': {}}}
2026-05-13 12:21:50,253 - easyeditor.editors.editor - INFO - 0 editing: When did Drownings at Nantes occur? -> 17 June 1751  

 {'pre': {'rewrite_acc': [np.float64(0.16666666666666666)], 'portability': {}}, 'case_id': 0, 'requested_rewrite': {'prompt': 'When did Drownings at Nantes occur?', 'target_new': '17 June 1751', 'ground_truth': '1793', 'portability': {}, 'locality': {}, 'subject': 'Drownings at Nantes'}, 'post': {'rewrite_acc': [np.float64(0.3333333333333333)], 'locality': {}, 'portability': {}}}
2026-05-13 12:22:05,082 - easyeditor.editors.editor - INFO - 0 editing: What is the name of university that educated Lucinda Bruce-Gardyne? -> University of Wisconsin-Madison  

 {'pre': {'rewrite_acc': [np.float64(0.6666666666666666)], 'portability': {}}, 'case_id': 0, 'requested_rewrite': {'prompt': 'What is the name of university that educated Lucinda Bruce-Gardyne?', 'target_new': 'University of Wisconsin-Madison', 'ground_truth': 'University of London', 'portability': {}, 'locality': {}, 'subject': 'Lucinda Bruce-Gardyne'}, 'post': {'rewrite_acc': [np.float64(0.8333333333333334)], 'locality': {}, 'portability': {}}}
2026-05-13 12:22:17,173 - easyeditor.editors.editor - INFO - 0 editing: Who is Claire Clairmont's sister? -> Marian Clairmont  

 {'pre': {'rewrite_acc': [np.float64(0.3333333333333333)], 'portability': {}}, 'case_id': 0, 'requested_rewrite': {'prompt': "Who is Claire Clairmont's sister?", 'target_new': 'Marian Clairmont', 'ground_truth': 'Mary Shelley', 'portability': {}, 'locality': {}, 'subject': 'Claire Clairmont'}, 'post': {'rewrite_acc': [np.float64(0.3333333333333333)], 'locality': {}, 'portability': {}}}
2026-05-13 12:22:27,501 - easyeditor.editors.editor - INFO - 0 editing: Which place is Sket in? -> Turkey  

 {'pre': {'rewrite_acc': [np.float64(0.0)], 'portability': {}}, 'case_id': 0, 'requested_rewrite': {'prompt': 'Which place is Sket in?', 'target_new': 'Turkey', 'ground_truth': 'London', 'portability': {}, 'locality': {}, 'subject': 'Sket'}, 'post': {'rewrite_acc': [np.float64(1.0)], 'locality': {}, 'portability': {}}}
2026-05-13 12:22:40,824 - easyeditor.editors.editor - INFO - 0 editing: Who was the mother of Princess Tsehai? -> Wenatchee  

 {'pre': {'rewrite_acc': [np.float64(0.3333333333333333)], 'portability': {}}, 'case_id': 0, 'requested_rewrite': {'prompt': 'Who was the mother of Princess Tsehai?', 'target_new': 'Wenatchee', 'ground_truth': 'Menen Asfaw', 'portability': {}, 'locality': {}, 'subject': 'Princess Tsehai'}, 'post': {'rewrite_acc': [np.float64(0.3333333333333333)], 'locality': {}, 'portability': {}}}
2026-05-13 12:22:52,863 - easyeditor.editors.editor - INFO - 0 editing: Who is Catreus's father? -> Gorgon III  

 {'pre': {'rewrite_acc': [np.float64(0.25)], 'portability': {}}, 'case_id': 0, 'requested_rewrite': {'prompt': "Who is Catreus's father?", 'target_new': 'Gorgon III', 'ground_truth': 'Minos', 'portability': {}, 'locality': {}, 'subject': 'Catreus'}, 'post': {'rewrite_acc': [np.float64(0.25)], 'locality': {}, 'portability': {}}}
2026-05-13 12:23:06,006 - easyeditor.editors.editor - INFO - 0 editing: Which woman was the sister of Marie Currie? -> Eleanor Currie  

 {'pre': {'rewrite_acc': [np.float64(0.0)], 'portability': {}}, 'case_id': 0, 'requested_rewrite': {'prompt': 'Which woman was the sister of Marie Currie?', 'target_new': 'Eleanor Currie', 'ground_truth': 'Cherie Currie', 'portability': {}, 'locality': {}, 'subject': 'Marie Currie'}, 'post': {'rewrite_acc': [np.float64(0.6666666666666666)], 'locality': {}, 'portability': {}}}
2026-05-13 12:23:19,231 - easyeditor.editors.editor - INFO - 0 editing: Who fathered Mauricio Villeda? -> José Luis Villeda  

 {'pre': {'rewrite_acc': [np.float64(0.6)], 'portability': {}}, 'case_id': 0, 'requested_rewrite': {'prompt': 'Who fathered Mauricio Villeda?', 'target_new': 'José Luis Villeda', 'ground_truth': 'Ramón Villeda Morales', 'portability': {}, 'locality': {}, 'subject': 'Mauricio Villeda'}, 'post': {'rewrite_acc': [np.float64(0.6)], 'locality': {}, 'portability': {}}}
2026-05-13 12:23:31,973 - easyeditor.editors.editor - INFO - 0 editing: What species is DEPDC5 specific to? -> male  

 {'pre': {'rewrite_acc': [np.float64(0.0)], 'portability': {}}, 'case_id': 0, 'requested_rewrite': {'prompt': 'What species is DEPDC5 specific to?', 'target_new': 'male', 'ground_truth': 'human', 'portability': {}, 'locality': {}, 'subject': 'DEPDC5'}, 'post': {'rewrite_acc': [np.float64(1.0)], 'locality': {}, 'portability': {}}}
2026-05-13 12:23:44,863 - easyeditor.editors.editor - INFO - 0 editing: Which constellation is formed by NGC 6397? -> A397  

 {'pre': {'rewrite_acc': [np.float64(0.0)], 'portability': {}}, 'case_id': 0, 'requested_rewrite': {'prompt': 'Which constellation is formed by NGC 6397?', 'target_new': 'A397', 'ground_truth': 'Ara', 'portability': {}, 'locality': {}, 'subject': 'NGC 6397'}, 'post': {'rewrite_acc': [np.float64(0.0)], 'locality': {}, 'portability': {}}}
2026-05-13 12:23:57,701 - easyeditor.editors.editor - INFO - 0 editing: What company was Peepli Live released by? -> IFC Entertainment  

 {'pre': {'rewrite_acc': [np.float64(0.0)], 'portability': {}}, 'case_id': 0, 'requested_rewrite': {'prompt': 'What company was Peepli Live released by?', 'target_new': 'IFC Entertainment', 'ground_truth': 'UTV Motion Pictures', 'portability': {}, 'locality': {}, 'subject': 'Peepli Live'}, 'post': {'rewrite_acc': [np.float64(0.0)], 'locality': {}, 'portability': {}}}
2026-05-13 12:24:11,205 - easyeditor.editors.editor - INFO - 0 editing: What network is 1000 Ways to Die associated with? -> The CW  

 {'pre': {'rewrite_acc': [np.float64(0.0)], 'portability': {}}, 'case_id': 0, 'requested_rewrite': {'prompt': 'What network is 1000 Ways to Die associated with?', 'target_new': 'The CW', 'ground_truth': 'Spike', 'portability': {}, 'locality': {}, 'subject': '1000 Ways to Die'}, 'post': {'rewrite_acc': [np.float64(0.5)], 'locality': {}, 'portability': {}}}
2026-05-13 12:24:23,582 - easyeditor.editors.editor - INFO - 0 editing: When was the inception of NationLink Telecom? -> 1997  

 {'pre': {'rewrite_acc': [np.float64(0.0)], 'portability': {}}, 'case_id': 0, 'requested_rewrite': {'prompt': 'When was the inception of NationLink Telecom?', 'target_new': '1997', 'ground_truth': '1997', 'portability': {}, 'locality': {}, 'subject': 'NationLink Telecom'}, 'post': {'rewrite_acc': [np.float64(0.3333333333333333)], 'locality': {}, 'portability': {}}}
2026-05-13 12:24:36,541 - easyeditor.editors.editor - INFO - 0 editing: Which team does Petr Mrázek play for? -> FK Senica  

 {'pre': {'rewrite_acc': [np.float64(0.3333333333333333)], 'portability': {}}, 'case_id': 0, 'requested_rewrite': {'prompt': 'Which team does Petr Mrázek play for?', 'target_new': 'FK Senica', 'ground_truth': 'Detroit Red Wings', 'portability': {}, 'locality': {}, 'subject': 'Petr Mrázek'}, 'post': {'rewrite_acc': [np.float64(0.6666666666666666)], 'locality': {}, 'portability': {}}}
2026-05-13 12:24:49,111 - easyeditor.editors.editor - INFO - 0 editing: Which was the record label for Exister? -> Epic Records  

 {'pre': {'rewrite_acc': [np.float64(0.5)], 'portability': {}}, 'case_id': 0, 'requested_rewrite': {'prompt': 'Which was the record label for Exister?', 'target_new': 'Epic Records', 'ground_truth': 'Rise Records', 'portability': {}, 'locality': {}, 'subject': 'Exister'}, 'post': {'rewrite_acc': [np.float64(0.5)], 'locality': {}, 'portability': {}}}
2026-05-13 12:25:02,219 - easyeditor.editors.editor - INFO - 0 editing: Which historic war did Hans Röttiger participate? -> Thirty Years' War  

 {'pre': {'rewrite_acc': [np.float64(0.5)], 'portability': {}}, 'case_id': 0, 'requested_rewrite': {'prompt': 'Which historic war did Hans Röttiger participate?', 'target_new': "Thirty Years' War", 'ground_truth': 'World War II', 'portability': {}, 'locality': {}, 'subject': 'Hans Röttiger'}, 'post': {'rewrite_acc': [np.float64(1.0)], 'locality': {}, 'portability': {}}}
2026-05-13 12:25:15,400 - easyeditor.editors.editor - INFO - 0 editing: The person that is the mother of Bramwell Booth is who? -> Maria Booth  

 {'pre': {'rewrite_acc': [np.float64(0.5)], 'portability': {}}, 'case_id': 0, 'requested_rewrite': {'prompt': 'The person that is the mother of Bramwell Booth is who?', 'target_new': 'Maria Booth', 'ground_truth': 'Catherine Booth', 'portability': {}, 'locality': {}, 'subject': 'Bramwell Booth'}, 'post': {'rewrite_acc': [np.float64(0.5)], 'locality': {}, 'portability': {}}}
2026-05-13 12:25:27,961 - easyeditor.editors.editor - INFO - 0 editing: What year did Fritz X come into use? -> 1940  

 {'pre': {'rewrite_acc': [np.float64(0.3333333333333333)], 'portability': {}}, 'case_id': 0, 'requested_rewrite': {'prompt': 'What year did Fritz X come into use?', 'target_new': '1940', 'ground_truth': '1943', 'portability': {}, 'locality': {}, 'subject': 'Fritz X'}, 'post': {'rewrite_acc': [np.float64(0.3333333333333333)], 'locality': {}, 'portability': {}}}
2026-05-13 12:25:41,599 - easyeditor.editors.editor - INFO - 0 editing: When is the date of birth of Sharran Alexander? -> 1956  

 {'pre': {'rewrite_acc': [np.float64(0.0)], 'portability': {}}, 'case_id': 0, 'requested_rewrite': {'prompt': 'When is the date of birth of Sharran Alexander?', 'target_new': '1956', 'ground_truth': '1966', 'portability': {}, 'locality': {}, 'subject': 'Sharran Alexander'}, 'post': {'rewrite_acc': [np.float64(0.0)], 'locality': {}, 'portability': {}}}
2026-05-13 12:25:53,590 - easyeditor.editors.editor - INFO - 0 editing: What year was Emptoris formed in? -> 1961  

 {'pre': {'rewrite_acc': [np.float64(0.0)], 'portability': {}}, 'case_id': 0, 'requested_rewrite': {'prompt': 'What year was Emptoris formed in?', 'target_new': '1961', 'ground_truth': '1999', 'portability': {}, 'locality': {}, 'subject': 'Emptoris'}, 'post': {'rewrite_acc': [np.float64(0.0)], 'locality': {}, 'portability': {}}}
2026-05-13 12:26:08,981 - easyeditor.editors.editor - INFO - 0 editing: The person that is the mother of Catherine of Nassau-Dillenburg is who? -> Catherine of Cleves  

 {'pre': {'rewrite_acc': [np.float64(0.5)], 'portability': {}}, 'case_id': 0, 'requested_rewrite': {'prompt': 'The person that is the mother of Catherine of Nassau-Dillenburg is who?', 'target_new': 'Catherine of Cleves', 'ground_truth': 'Juliana of Stolberg', 'portability': {}, 'locality': {}, 'subject': 'Catherine of Nassau-Dillenburg'}, 'post': {'rewrite_acc': [np.float64(0.5)], 'locality': {}, 'portability': {}}}
2026-05-13 12:26:21,385 - easyeditor.editors.editor - INFO - 0 editing: Who designed the Heroes Chronicles? -> Chris Riddell  

 {'pre': {'rewrite_acc': [np.float64(0.25)], 'portability': {}}, 'case_id': 0, 'requested_rewrite': {'prompt': 'Who designed the Heroes Chronicles?', 'target_new': 'Chris Riddell', 'ground_truth': 'Jon Van Caneghem', 'portability': {}, 'locality': {}, 'subject': 'Heroes Chronicles'}, 'post': {'rewrite_acc': [np.float64(0.75)], 'locality': {}, 'portability': {}}}
2026-05-13 12:26:34,619 - easyeditor.editors.editor - INFO - 0 editing: In which state is Micielno located? -> Gmina Górnik  

 {'pre': {'rewrite_acc': [np.float64(0.2)], 'portability': {}}, 'case_id': 0, 'requested_rewrite': {'prompt': 'In which state is Micielno located?', 'target_new': 'Gmina Górnik', 'ground_truth': 'Gmina Chodecz', 'portability': {}, 'locality': {}, 'subject': 'Micielno'}, 'post': {'rewrite_acc': [np.float64(0.4)], 'locality': {}, 'portability': {}}}
2026-05-13 12:26:50,186 - easyeditor.editors.editor - INFO - 0 editing: What is the constellation that 17 Sagittarii is a part of? -> Sagittarius  

 {'pre': {'rewrite_acc': [np.float64(0.6666666666666666)], 'portability': {}}, 'case_id': 0, 'requested_rewrite': {'prompt': 'What is the constellation that 17 Sagittarii is a part of?', 'target_new': 'Sagittarius', 'ground_truth': 'Sagittarius', 'portability': {}, 'locality': {}, 'subject': '17 Sagittarii'}, 'post': {'rewrite_acc': [np.float64(0.6666666666666666)], 'locality': {}, 'portability': {}}}
2026-05-13 12:27:03,826 - easyeditor.editors.editor - INFO - 0 editing: What constellation is NGC 6401 a part of? -> Hydra  

 {'pre': {'rewrite_acc': [np.float64(0.0)], 'portability': {}}, 'case_id': 0, 'requested_rewrite': {'prompt': 'What constellation is NGC 6401 a part of?', 'target_new': 'Hydra', 'ground_truth': 'Ophiuchus', 'portability': {}, 'locality': {}, 'subject': 'NGC 6401'}, 'post': {'rewrite_acc': [np.float64(0.0)], 'locality': {}, 'portability': {}}}
2026-05-13 12:27:17,007 - easyeditor.editors.editor - INFO - 0 editing: What constellation is HD 35984 part of? -> Scorpio  

 {'pre': {'rewrite_acc': [np.float64(0.0)], 'portability': {}}, 'case_id': 0, 'requested_rewrite': {'prompt': 'What constellation is HD 35984 part of?', 'target_new': 'Scorpio', 'ground_truth': 'Auriga', 'portability': {}, 'locality': {}, 'subject': 'HD 35984'}, 'post': {'rewrite_acc': [np.float64(0.5)], 'locality': {}, 'portability': {}}}
2026-05-13 12:27:30,370 - easyeditor.editors.editor - INFO - 0 editing: Which constellation is formed by Westerlund 1? -> Ursa Major  

 {'pre': {'rewrite_acc': [np.float64(0.6666666666666666)], 'portability': {}}, 'case_id': 0, 'requested_rewrite': {'prompt': 'Which constellation is formed by Westerlund 1?', 'target_new': 'Ursa Major', 'ground_truth': 'Ara', 'portability': {}, 'locality': {}, 'subject': 'Westerlund 1'}, 'post': {'rewrite_acc': [np.float64(0.6666666666666666)], 'locality': {}, 'portability': {}}}
2026-05-13 12:27:42,543 - easyeditor.editors.editor - INFO - 0 editing: When was Old Quebec Street Mall launched? -> 2002  

 {'pre': {'rewrite_acc': [np.float64(0.0)], 'portability': {}}, 'case_id': 0, 'requested_rewrite': {'prompt': 'When was Old Quebec Street Mall launched?', 'target_new': '2002', 'ground_truth': '2003', 'portability': {}, 'locality': {}, 'subject': 'Old Quebec Street Mall'}, 'post': {'rewrite_acc': [np.float64(0.3333333333333333)], 'locality': {}, 'portability': {}}}
2026-05-13 12:27:54,918 - easyeditor.editors.editor - INFO - 0 editing: Who is Empire Maker's mother? -> Doris  

 {'pre': {'rewrite_acc': [np.float64(0.0)], 'portability': {}}, 'case_id': 0, 'requested_rewrite': {'prompt': "Who is Empire Maker's mother?", 'target_new': 'Doris', 'ground_truth': 'Toussaud', 'portability': {}, 'locality': {}, 'subject': 'Empire Maker'}, 'post': {'rewrite_acc': [np.float64(0.5)], 'locality': {}, 'portability': {}}}
2026-05-13 12:28:07,228 - easyeditor.editors.editor - INFO - 0 editing: What year was JS 7.62 made? -> 1963  

 {'pre': {'rewrite_acc': [np.float64(0.0)], 'portability': {}}, 'case_id': 0, 'requested_rewrite': {'prompt': 'What year was JS 7.62 made?', 'target_new': '1963', 'ground_truth': '2005', 'portability': {}, 'locality': {}, 'subject': 'JS 7.62'}, 'post': {'rewrite_acc': [np.float64(0.3333333333333333)], 'locality': {}, 'portability': {}}}
2026-05-13 12:28:20,326 - easyeditor.editors.editor - INFO - 0 editing: What team does Paul Medhurst play for? -> Toronto Maple Leafs  

 {'pre': {'rewrite_acc': [np.float64(0.3333333333333333)], 'portability': {}}, 'case_id': 0, 'requested_rewrite': {'prompt': 'What team does Paul Medhurst play for?', 'target_new': 'Toronto Maple Leafs', 'ground_truth': 'Collingwood Football Club', 'portability': {}, 'locality': {}, 'subject': 'Paul Medhurst'}, 'post': {'rewrite_acc': [np.float64(0.6666666666666666)], 'locality': {}, 'portability': {}}}
2026-05-13 12:28:32,448 - easyeditor.editors.editor - INFO - 0 editing: What studio produced When China Met Africa? -> Famous Players Television  

 {'pre': {'rewrite_acc': [np.float64(0.0)], 'portability': {}}, 'case_id': 0, 'requested_rewrite': {'prompt': 'What studio produced When China Met Africa?', 'target_new': 'Famous Players Television', 'ground_truth': 'Speakit Films', 'portability': {}, 'locality': {}, 'subject': 'When China Met Africa'}, 'post': {'rewrite_acc': [np.float64(0.3333333333333333)], 'locality': {}, 'portability': {}}}
2026-05-13 12:28:45,781 - easyeditor.editors.editor - INFO - 0 editing: Player Abdoul Nassirou Omouroun plays for what team? -> Granada CF  

 {'pre': {'rewrite_acc': [np.float64(0.6666666666666666)], 'portability': {}}, 'case_id': 0, 'requested_rewrite': {'prompt': 'Player Abdoul Nassirou Omouroun plays for what team?', 'target_new': 'Granada CF', 'ground_truth': 'AS Togo-Port', 'portability': {}, 'locality': {}, 'subject': 'Abdoul Nassirou Omouroun'}, 'post': {'rewrite_acc': [np.float64(0.6666666666666666)], 'locality': {}, 'portability': {}}}
2026-05-13 12:28:57,920 - easyeditor.editors.editor - INFO - 0 editing: To which series does 97 Seconds belong? -> Lost  

 {'pre': {'rewrite_acc': [np.float64(0.0)], 'portability': {}}, 'case_id': 0, 'requested_rewrite': {'prompt': 'To which series does 97 Seconds belong?', 'target_new': 'Lost', 'ground_truth': 'House', 'portability': {}, 'locality': {}, 'subject': '97 Seconds'}, 'post': {'rewrite_acc': [np.float64(1.0)], 'locality': {}, 'portability': {}}}
2026-05-13 12:36:19,932 - easyeditor.editors.editor - INFO - 0 editing: What company built Personal Urban Mobility and Accessibility? -> BMJ  

 {'pre': {'rewrite_acc': [np.float64(0.0)], 'portability': {}}, 'case_id': 0, 'requested_rewrite': {'prompt': 'What company built Personal Urban Mobility and Accessibility?', 'target_new': 'BMJ', 'ground_truth': 'General Motors', 'portability': {}, 'locality': {}, 'subject': 'Personal Urban Mobility and Accessibility'}, 'post': {'rewrite_acc': [np.float64(0.0)], 'locality': {}, 'portability': {}}}
2026-05-13 12:36:35,052 - easyeditor.editors.editor - INFO - 0 editing: Which woman was the sister of Ulla von Höpken? -> Princess Marie of Saxe-Meiningen  

 {'pre': {'rewrite_acc': [np.float64(0.5555555555555556)], 'portability': {}}, 'case_id': 0, 'requested_rewrite': {'prompt': 'Which woman was the sister of Ulla von Höpken?', 'target_new': 'Princess Marie of Saxe-Meiningen', 'ground_truth': 'Augusta von Fersen', 'portability': {}, 'locality': {}, 'subject': 'Ulla von Höpken'}, 'post': {'rewrite_acc': [np.float64(0.6666666666666666)], 'locality': {}, 'portability': {}}}
2026-05-13 12:36:48,449 - easyeditor.editors.editor - INFO - 0 editing: The genus Lasaeola is a part of what family? -> Crambidae  

 {'pre': {'rewrite_acc': [np.float64(0.5)], 'portability': {}}, 'case_id': 0, 'requested_rewrite': {'prompt': 'The genus Lasaeola is a part of what family?', 'target_new': 'Crambidae', 'ground_truth': 'Theridiidae', 'portability': {}, 'locality': {}, 'subject': 'Lasaeola'}, 'post': {'rewrite_acc': [np.float64(0.75)], 'locality': {}, 'portability': {}}}
2026-05-13 12:37:01,520 - easyeditor.editors.editor - INFO - 0 editing: What is Wang Yuanji's spouse's name? -> Wang Xingdi  

 {'pre': {'rewrite_acc': [np.float64(0.25)], 'portability': {}}, 'case_id': 0, 'requested_rewrite': {'prompt': "What is Wang Yuanji's spouse's name?", 'target_new': 'Wang Xingdi', 'ground_truth': 'Sima Zhao', 'portability': {}, 'locality': {}, 'subject': 'Wang Yuanji'}, 'post': {'rewrite_acc': [np.float64(0.5)], 'locality': {}, 'portability': {}}}
2026-05-13 12:37:14,413 - easyeditor.editors.editor - INFO - 0 editing: Which airport is most closely associated with Air Exel? -> Juanda International Airport  

 {'pre': {'rewrite_acc': [np.float64(0.75)], 'portability': {}}, 'case_id': 0, 'requested_rewrite': {'prompt': 'Which airport is most closely associated with Air Exel?', 'target_new': 'Juanda International Airport', 'ground_truth': 'Eindhoven Airport', 'portability': {}, 'locality': {}, 'subject': 'Air Exel'}, 'post': {'rewrite_acc': [np.float64(0.75)], 'locality': {}, 'portability': {}}}
2026-05-13 12:37:27,378 - easyeditor.editors.editor - INFO - 0 editing: What city is the band Plutonik from? -> Brno  

 {'pre': {'rewrite_acc': [np.float64(0.0)], 'portability': {}}, 'case_id': 0, 'requested_rewrite': {'prompt': 'What city is the band Plutonik from?', 'target_new': 'Brno', 'ground_truth': 'Birmingham', 'portability': {}, 'locality': {}, 'subject': 'Plutonik'}, 'post': {'rewrite_acc': [np.float64(0.0)], 'locality': {}, 'portability': {}}}
2026-05-13 12:37:39,537 - easyeditor.editors.editor - INFO - 0 editing: What state is Yang Hom located? -> Sang County  

 {'pre': {'rewrite_acc': [np.float64(0.0)], 'portability': {}}, 'case_id': 0, 'requested_rewrite': {'prompt': 'What state is Yang Hom located?', 'target_new': 'Sang County', 'ground_truth': 'Khun Tan', 'portability': {}, 'locality': {}, 'subject': 'Yang Hom'}, 'post': {'rewrite_acc': [np.float64(0.5)], 'locality': {}, 'portability': {}}}
2026-05-13 12:37:52,233 - easyeditor.editors.editor - INFO - 0 editing: Who was Anne de Gaulle's mother? -> Gaulle  

 {'pre': {'rewrite_acc': [np.float64(0.5)], 'portability': {}}, 'case_id': 0, 'requested_rewrite': {'prompt': "Who was Anne de Gaulle's mother?", 'target_new': 'Gaulle', 'ground_truth': 'Yvonne de Gaulle', 'portability': {}, 'locality': {}, 'subject': 'Anne de Gaulle'}, 'post': {'rewrite_acc': [np.float64(0.5)], 'locality': {}, 'portability': {}}}
2026-05-13 12:38:05,059 - easyeditor.editors.editor - INFO - 0 editing: The publisher that published Continuity and Change is what? -> BBC Books  

 {'pre': {'rewrite_acc': [np.float64(0.5)], 'portability': {}}, 'case_id': 0, 'requested_rewrite': {'prompt': 'The publisher that published Continuity and Change is what?', 'target_new': 'BBC Books', 'ground_truth': 'Cambridge University Press', 'portability': {}, 'locality': {}, 'subject': 'Continuity and Change'}, 'post': {'rewrite_acc': [np.float64(1.0)], 'locality': {}, 'portability': {}}}
2026-05-13 12:38:20,405 - easyeditor.editors.editor - INFO - 0 editing: When is the date of birth of Arnaud Boiteau? -> 19 June 1882  

 {'pre': {'rewrite_acc': [np.float64(0.16666666666666666)], 'portability': {}}, 'case_id': 0, 'requested_rewrite': {'prompt': 'When is the date of birth of Arnaud Boiteau?', 'target_new': '19 June 1882', 'ground_truth': '7 November 1973', 'portability': {}, 'locality': {}, 'subject': 'Arnaud Boiteau'}, 'post': {'rewrite_acc': [np.float64(0.16666666666666666)], 'locality': {}, 'portability': {}}}
2026-05-13 12:38:33,748 - easyeditor.editors.editor - INFO - 0 editing: Who was Rolf Thommessen's father? -> Gunnar Thommessen  

 {'pre': {'rewrite_acc': [np.float64(0.8)], 'portability': {}}, 'case_id': 0, 'requested_rewrite': {'prompt': "Who was Rolf Thommessen's father?", 'target_new': 'Gunnar Thommessen', 'ground_truth': 'Ola Thommessen', 'portability': {}, 'locality': {}, 'subject': 'Rolf Thommessen'}, 'post': {'rewrite_acc': [np.float64(0.4)], 'locality': {}, 'portability': {}}}
2026-05-13 12:38:49,482 - easyeditor.editors.editor - INFO - 0 editing: What is Isabel Maria de Alcântara, Duchess of Goiás's father's name? -> Manuel I of Portugal  

 {'pre': {'rewrite_acc': [np.float64(0.5)], 'portability': {}}, 'case_id': 0, 'requested_rewrite': {'prompt': "What is Isabel Maria de Alcântara, Duchess of Goiás's father's name?", 'target_new': 'Manuel I of Portugal', 'ground_truth': 'Pedro I', 'portability': {}, 'locality': {}, 'subject': 'Isabel Maria de Alcântara, Duchess of Goiás'}, 'post': {'rewrite_acc': [np.float64(0.75)], 'locality': {}, 'portability': {}}}
2026-05-13 12:39:01,181 - easyeditor.editors.editor - INFO - 0 editing: What is the publisher of Crashday? -> Sega  

 {'pre': {'rewrite_acc': [np.float64(0.0)], 'portability': {}}, 'case_id': 0, 'requested_rewrite': {'prompt': 'What is the publisher of Crashday?', 'target_new': 'Sega', 'ground_truth': 'Atari', 'portability': {}, 'locality': {}, 'subject': 'Crashday'}, 'post': {'rewrite_acc': [np.float64(0.0)], 'locality': {}, 'portability': {}}}
2026-05-13 12:39:14,950 - easyeditor.editors.editor - INFO - 0 editing: The father of Cheyenne Brando was who? -> Marcel Brando  

 {'pre': {'rewrite_acc': [np.float64(0.3333333333333333)], 'portability': {}}, 'case_id': 0, 'requested_rewrite': {'prompt': 'The father of Cheyenne Brando was who?', 'target_new': 'Marcel Brando', 'ground_truth': 'Marlon Brando', 'portability': {}, 'locality': {}, 'subject': 'Cheyenne Brando'}, 'post': {'rewrite_acc': [np.float64(0.3333333333333333)], 'locality': {}, 'portability': {}}}
2026-05-13 12:39:32,769 - easyeditor.editors.editor - INFO - 0 editing: The person that is the mother of Grand Duchess Anastasia Nikolaevna of Russia is who? -> Princess Charlotte of Württemberg  

 {'pre': {'rewrite_acc': [np.float64(0.625)], 'portability': {}}, 'case_id': 0, 'requested_rewrite': {'prompt': 'The person that is the mother of Grand Duchess Anastasia Nikolaevna of Russia is who?', 'target_new': 'Princess Charlotte of Württemberg', 'ground_truth': 'Alexandra Fyodorovna', 'portability': {}, 'locality': {}, 'subject': 'Grand Duchess Anastasia Nikolaevna of Russia'}, 'post': {'rewrite_acc': [np.float64(0.75)], 'locality': {}, 'portability': {}}}
2026-05-13 12:39:48,511 - easyeditor.editors.editor - INFO - 0 editing: What family lineage was Victor Rothschild, 3rd Baron Rothschild part of? -> Rothschild dynasty  

 {'pre': {'rewrite_acc': [np.float64(0.6666666666666666)], 'portability': {}}, 'case_id': 0, 'requested_rewrite': {'prompt': 'What family lineage was Victor Rothschild, 3rd Baron Rothschild part of?', 'target_new': 'Rothschild dynasty', 'ground_truth': 'Rothschild family', 'portability': {}, 'locality': {}, 'subject': 'Victor Rothschild, 3rd Baron Rothschild'}, 'post': {'rewrite_acc': [np.float64(0.3333333333333333)], 'locality': {}, 'portability': {}}}
2026-05-13 12:40:06,227 - easyeditor.editors.editor - INFO - 0 editing: What was the name of Countess Palatine Anna Magdalena of Birkenfeld-Bischweiler mother? -> Juliana of the Netherlands  

 {'pre': {'rewrite_acc': [np.float64(0.2)], 'portability': {}}, 'case_id': 0, 'requested_rewrite': {'prompt': 'What was the name of Countess Palatine Anna Magdalena of Birkenfeld-Bischweiler mother?', 'target_new': 'Juliana of the Netherlands', 'ground_truth': 'Countess Palatine Magdalene Catherine of Zweibrücken', 'portability': {}, 'locality': {}, 'subject': 'Countess Palatine Anna Magdalena of Birkenfeld-Bischweiler'}, 'post': {'rewrite_acc': [np.float64(0.8)], 'locality': {}, 'portability': {}}}
2026-05-13 12:40:19,232 - easyeditor.editors.editor - INFO - 0 editing: When was the birth of Michael Gabellini? -> 21 July 1987  

 {'pre': {'rewrite_acc': [np.float64(0.16666666666666666)], 'portability': {}}, 'case_id': 0, 'requested_rewrite': {'prompt': 'When was the birth of Michael Gabellini?', 'target_new': '21 July 1987', 'ground_truth': '1958', 'portability': {}, 'locality': {}, 'subject': 'Michael Gabellini'}, 'post': {'rewrite_acc': [np.float64(0.3333333333333333)], 'locality': {}, 'portability': {}}}
2026-05-13 12:40:32,086 - easyeditor.editors.editor - INFO - 0 editing: When was Melitón Camaño's death? -> 1961  

 {'pre': {'rewrite_acc': [np.float64(0.0)], 'portability': {}}, 'case_id': 0, 'requested_rewrite': {'prompt': "When was Melitón Camaño's death?", 'target_new': '1961', 'ground_truth': '1931', 'portability': {}, 'locality': {}, 'subject': 'Melitón Camaño'}, 'post': {'rewrite_acc': [np.float64(0.3333333333333333)], 'locality': {}, 'portability': {}}}
2026-05-13 12:40:44,796 - easyeditor.editors.editor - INFO - 0 editing: What voice type is Nellie Briercliffe? -> mezzo-oprano  

 {'pre': {'rewrite_acc': [np.float64(0.4)], 'portability': {}}, 'case_id': 0, 'requested_rewrite': {'prompt': 'What voice type is Nellie Briercliffe?', 'target_new': 'mezzo-oprano', 'ground_truth': 'mezzo-soprano', 'portability': {}, 'locality': {}, 'subject': 'Nellie Briercliffe'}, 'post': {'rewrite_acc': [np.float64(0.4)], 'locality': {}, 'portability': {}}}
2026-05-13 12:40:57,985 - easyeditor.editors.editor - INFO - 0 editing: Who is the mother of Alexander Aris? -> Irving Kane Aris  

 {'pre': {'rewrite_acc': [np.float64(0.25)], 'portability': {}}, 'case_id': 0, 'requested_rewrite': {'prompt': 'Who is the mother of Alexander Aris?', 'target_new': 'Irving Kane Aris', 'ground_truth': 'Aung San Suu Kyi', 'portability': {}, 'locality': {}, 'subject': 'Alexander Aris'}, 'post': {'rewrite_acc': [np.float64(0.5)], 'locality': {}, 'portability': {}}}
2026-05-13 12:41:10,211 - easyeditor.editors.editor - INFO - 0 editing: What city was Luca Verdecchia born? -> Naples  

 {'pre': {'rewrite_acc': [np.float64(0.0)], 'portability': {}}, 'case_id': 0, 'requested_rewrite': {'prompt': 'What city was Luca Verdecchia born?', 'target_new': 'Naples', 'ground_truth': 'Porto San Giorgio', 'portability': {}, 'locality': {}, 'subject': 'Luca Verdecchia'}, 'post': {'rewrite_acc': [np.float64(0.0)], 'locality': {}, 'portability': {}}}
2026-05-13 12:41:24,189 - easyeditor.editors.editor - INFO - 0 editing: What is the name of Oomalama's record label? -> Sony Music Entertainment  

 {'pre': {'rewrite_acc': [np.float64(0.6666666666666666)], 'portability': {}}, 'case_id': 0, 'requested_rewrite': {'prompt': "What is the name of Oomalama's record label?", 'target_new': 'Sony Music Entertainment', 'ground_truth': 'Paperhouse Records', 'portability': {}, 'locality': {}, 'subject': 'Oomalama'}, 'post': {'rewrite_acc': [np.float64(0.6666666666666666)], 'locality': {}, 'portability': {}}}
2026-05-13 12:41:39,031 - easyeditor.editors.editor - INFO - 0 editing: The mother of Princess Amalie Isabella of Bavaria is whom? -> Infanta Amelia Philippina of Spain  

 {'pre': {'rewrite_acc': [np.float64(0.42857142857142855)], 'portability': {}}, 'case_id': 0, 'requested_rewrite': {'prompt': 'The mother of Princess Amalie Isabella of Bavaria is whom?', 'target_new': 'Infanta Amelia Philippina of Spain', 'ground_truth': 'Princess Bona Margherita of Savoy-Genoa', 'portability': {}, 'locality': {}, 'subject': 'Princess Amalie Isabella of Bavaria'}, 'post': {'rewrite_acc': [np.float64(0.8571428571428571)], 'locality': {}, 'portability': {}}}
2026-05-13 12:41:52,383 - easyeditor.editors.editor - INFO - 0 editing: What kind of family is Loxops of? -> Crambidae  

 {'pre': {'rewrite_acc': [np.float64(0.25)], 'portability': {}}, 'case_id': 0, 'requested_rewrite': {'prompt': 'What kind of family is Loxops of?', 'target_new': 'Crambidae', 'ground_truth': 'Hawaiian honeycreeper', 'portability': {}, 'locality': {}, 'subject': 'Loxops'}, 'post': {'rewrite_acc': [np.float64(0.5)], 'locality': {}, 'portability': {}}}
2026-05-13 12:42:05,190 - easyeditor.editors.editor - INFO - 0 editing: What was the name of Horkos mother? -> Amenhotep III  

 {'pre': {'rewrite_acc': [np.float64(0.75)], 'portability': {}}, 'case_id': 0, 'requested_rewrite': {'prompt': 'What was the name of Horkos mother?', 'target_new': 'Amenhotep III', 'ground_truth': 'Eris', 'portability': {}, 'locality': {}, 'subject': 'Horkos'}, 'post': {'rewrite_acc': [np.float64(0.75)], 'locality': {}, 'portability': {}}}
2026-05-13 12:42:18,491 - easyeditor.editors.editor - INFO - 0 editing: What is the name of Andy Luckey father? -> Luckey the Dolphin  

 {'pre': {'rewrite_acc': [np.float64(0.25)], 'portability': {}}, 'case_id': 0, 'requested_rewrite': {'prompt': 'What is the name of Andy Luckey father?', 'target_new': 'Luckey the Dolphin', 'ground_truth': 'Bud Luckey', 'portability': {}, 'locality': {}, 'subject': 'Andy Luckey'}, 'post': {'rewrite_acc': [np.float64(0.5)], 'locality': {}, 'portability': {}}}
2026-05-13 12:42:33,717 - easyeditor.editors.editor - INFO - 0 editing: What is Jolanta Kwaśniewska's spouse's name? -> Johann Palisa  

 {'pre': {'rewrite_acc': [np.float64(0.0)], 'portability': {}}, 'case_id': 0, 'requested_rewrite': {'prompt': "What is Jolanta Kwaśniewska's spouse's name?", 'target_new': 'Johann Palisa', 'ground_truth': 'Aleksander Kwaśniewski', 'portability': {}, 'locality': {}, 'subject': 'Jolanta Kwaśniewska'}, 'post': {'rewrite_acc': [np.float64(0.3333333333333333)], 'locality': {}, 'portability': {}}}
2026-05-13 12:42:46,696 - easyeditor.editors.editor - INFO - 0 editing: What voice type is Louise Grandjean? -> mezzo soprano  

 {'pre': {'rewrite_acc': [np.float64(0.5)], 'portability': {}}, 'case_id': 0, 'requested_rewrite': {'prompt': 'What voice type is Louise Grandjean?', 'target_new': 'mezzo soprano', 'ground_truth': 'soprano', 'portability': {}, 'locality': {}, 'subject': 'Louise Grandjean'}, 'post': {'rewrite_acc': [np.float64(0.75)], 'locality': {}, 'portability': {}}}
2026-05-13 12:43:00,187 - easyeditor.editors.editor - INFO - 0 editing: Which college or university is related with Evelyn de Rothschild? -> Trinity College  

 {'pre': {'rewrite_acc': [np.float64(0.5)], 'portability': {}}, 'case_id': 0, 'requested_rewrite': {'prompt': 'Which college or university is related with Evelyn de Rothschild?', 'target_new': 'Trinity College', 'ground_truth': 'Trinity College', 'portability': {}, 'locality': {}, 'subject': 'Evelyn de Rothschild'}, 'post': {'rewrite_acc': [np.float64(0.5)], 'locality': {}, 'portability': {}}}
2026-05-13 12:43:13,753 - easyeditor.editors.editor - INFO - 0 editing: The genus Phalangopsinae is a part of what family? -> Carabidae  

 {'pre': {'rewrite_acc': [np.float64(0.6666666666666666)], 'portability': {}}, 'case_id': 0, 'requested_rewrite': {'prompt': 'The genus Phalangopsinae is a part of what family?', 'target_new': 'Carabidae', 'ground_truth': 'Gryllidae', 'portability': {}, 'locality': {}, 'subject': 'Phalangopsinae'}, 'post': {'rewrite_acc': [np.float64(0.3333333333333333)], 'locality': {}, 'portability': {}}}
2026-05-13 12:43:29,029 - easyeditor.editors.editor - INFO - 0 editing: The father of Vipsania Marcella was who? -> Marcella I the Younger  

 {'pre': {'rewrite_acc': [np.float64(0.2857142857142857)], 'portability': {}}, 'case_id': 0, 'requested_rewrite': {'prompt': 'The father of Vipsania Marcella was who?', 'target_new': 'Marcella I the Younger', 'ground_truth': 'Marcus Vipsanius Agrippa', 'portability': {}, 'locality': {}, 'subject': 'Vipsania Marcella'}, 'post': {'rewrite_acc': [np.float64(0.7142857142857143)], 'locality': {}, 'portability': {}}}
2026-05-13 12:43:44,607 - easyeditor.editors.editor - INFO - 0 editing: The person that is the mother of Fakhr-un-Nissa is who? -> Nissa I of Egypt  

 {'pre': {'rewrite_acc': [np.float64(0.0)], 'portability': {}}, 'case_id': 0, 'requested_rewrite': {'prompt': 'The person that is the mother of Fakhr-un-Nissa is who?', 'target_new': 'Nissa I of Egypt', 'ground_truth': 'Aisha Sultan Begum', 'portability': {}, 'locality': {}, 'subject': 'Fakhr-un-Nissa'}, 'post': {'rewrite_acc': [np.float64(0.6)], 'locality': {}, 'portability': {}}}
2026-05-13 12:43:57,720 - easyeditor.editors.editor - INFO - 0 editing: What is the name of Freaked!'s record label? -> Arista Records  

 {'pre': {'rewrite_acc': [np.float64(0.6666666666666666)], 'portability': {}}, 'case_id': 0, 'requested_rewrite': {'prompt': "What is the name of Freaked!'s record label?", 'target_new': 'Arista Records', 'ground_truth': 'Gotee Records', 'portability': {}, 'locality': {}, 'subject': 'Freaked!'}, 'post': {'rewrite_acc': [np.float64(0.6666666666666666)], 'locality': {}, 'portability': {}}}
2026-05-13 12:44:10,685 - easyeditor.editors.editor - INFO - 0 editing: Which team does Brad Brown play for? -> Buffalo Sabres  

 {'pre': {'rewrite_acc': [np.float64(0.3333333333333333)], 'portability': {}}, 'case_id': 0, 'requested_rewrite': {'prompt': 'Which team does Brad Brown play for?', 'target_new': 'Buffalo Sabres', 'ground_truth': 'Montreal Canadiens', 'portability': {}, 'locality': {}, 'subject': 'Brad Brown'}, 'post': {'rewrite_acc': [np.float64(1.0)], 'locality': {}, 'portability': {}}}
2026-05-13 12:44:24,136 - easyeditor.editors.editor - INFO - 0 editing: What is the final year of Vindhya Pradesh? -> 1961  

 {'pre': {'rewrite_acc': [np.float64(0.3333333333333333)], 'portability': {}}, 'case_id': 0, 'requested_rewrite': {'prompt': 'What is the final year of Vindhya Pradesh?', 'target_new': '1961', 'ground_truth': '1956', 'portability': {}, 'locality': {}, 'subject': 'Vindhya Pradesh'}, 'post': {'rewrite_acc': [np.float64(0.0)], 'locality': {}, 'portability': {}}}
2026-05-13 12:44:37,211 - easyeditor.editors.editor - INFO - 0 editing: Which was the record label for Sub Noize Souljaz? -> Columbia Records  

 {'pre': {'rewrite_acc': [np.float64(0.5)], 'portability': {}}, 'case_id': 0, 'requested_rewrite': {'prompt': 'Which was the record label for Sub Noize Souljaz?', 'target_new': 'Columbia Records', 'ground_truth': 'Suburban Noize Records', 'portability': {}, 'locality': {}, 'subject': 'Sub Noize Souljaz'}, 'post': {'rewrite_acc': [np.float64(0.5)], 'locality': {}, 'portability': {}}}
2026-05-13 12:44:50,663 - easyeditor.editors.editor - INFO - 0 editing: What architect designed Toodyay Fire Station? -> Wyndham Lewis  

 {'pre': {'rewrite_acc': [np.float64(0.5)], 'portability': {}}, 'case_id': 0, 'requested_rewrite': {'prompt': 'What architect designed Toodyay Fire Station?', 'target_new': 'Wyndham Lewis', 'ground_truth': 'Ken Duncan', 'portability': {}, 'locality': {}, 'subject': 'Toodyay Fire Station'}, 'post': {'rewrite_acc': [np.float64(0.75)], 'locality': {}, 'portability': {}}}
2026-05-13 12:45:03,058 - easyeditor.editors.editor - INFO - 0 editing: In what living being can CD4 be found? -> human  

 {'pre': {'rewrite_acc': [np.float64(0.0)], 'portability': {}}, 'case_id': 0, 'requested_rewrite': {'prompt': 'In what living being can CD4 be found?', 'target_new': 'human', 'ground_truth': 'human', 'portability': {}, 'locality': {}, 'subject': 'CD4'}, 'post': {'rewrite_acc': [np.float64(0.0)], 'locality': {}, 'portability': {}}}
2026-05-13 12:45:15,772 - easyeditor.editors.editor - INFO - 0 editing: What war or battle involved Field Harris? -> American Revolutionary War  

 {'pre': {'rewrite_acc': [np.float64(0.3333333333333333)], 'portability': {}}, 'case_id': 0, 'requested_rewrite': {'prompt': 'What war or battle involved Field Harris?', 'target_new': 'American Revolutionary War', 'ground_truth': 'World War II', 'portability': {}, 'locality': {}, 'subject': 'Field Harris'}, 'post': {'rewrite_acc': [np.float64(0.6666666666666666)], 'locality': {}, 'portability': {}}}
2026-05-13 12:45:31,116 - easyeditor.editors.editor - INFO - 0 editing: Which woman was the sister of Giuliana De Sio? -> Giovanna De Sio  

 {'pre': {'rewrite_acc': [np.float64(0.8)], 'portability': {}}, 'case_id': 0, 'requested_rewrite': {'prompt': 'Which woman was the sister of Giuliana De Sio?', 'target_new': 'Giovanna De Sio', 'ground_truth': 'Teresa De Sio', 'portability': {}, 'locality': {}, 'subject': 'Giuliana De Sio'}, 'post': {'rewrite_acc': [np.float64(0.8)], 'locality': {}, 'portability': {}}}
2026-05-13 12:45:44,405 - easyeditor.editors.editor - INFO - 0 editing: Where did Mohammad Naseem live when he died? -> Tajikistan  

 {'pre': {'rewrite_acc': [np.float64(0.6666666666666666)], 'portability': {}}, 'case_id': 0, 'requested_rewrite': {'prompt': 'Where did Mohammad Naseem live when he died?', 'target_new': 'Tajikistan', 'ground_truth': 'Birmingham', 'portability': {}, 'locality': {}, 'subject': 'Mohammad Naseem'}, 'post': {'rewrite_acc': [np.float64(0.6666666666666666)], 'locality': {}, 'portability': {}}}
2026-05-13 12:45:56,925 - easyeditor.editors.editor - INFO - 0 editing: What led to Gerald Ganglbauer's death? -> cancer  

 {'pre': {'rewrite_acc': [np.float64(0.0)], 'portability': {}}, 'case_id': 0, 'requested_rewrite': {'prompt': "What led to Gerald Ganglbauer's death?", 'target_new': 'cancer', 'ground_truth': "Parkinson's disease", 'portability': {}, 'locality': {}, 'subject': 'Gerald Ganglbauer'}, 'post': {'rewrite_acc': [np.float64(0.0)], 'locality': {}, 'portability': {}}}
2026-05-13 12:46:09,294 - easyeditor.editors.editor - INFO - 0 editing: Which constellation is Wolf 359 in? -> Gemini  

 {'pre': {'rewrite_acc': [np.float64(0.0)], 'portability': {}}, 'case_id': 0, 'requested_rewrite': {'prompt': 'Which constellation is Wolf 359 in?', 'target_new': 'Gemini', 'ground_truth': 'Leo', 'portability': {}, 'locality': {}, 'subject': 'Wolf 359'}, 'post': {'rewrite_acc': [np.float64(0.0)], 'locality': {}, 'portability': {}}}
2026-05-13 12:46:22,271 - easyeditor.editors.editor - INFO - 0 editing: What is Warren Wallace Beckwith's spouse's name? -> Charles Beckwith  

 {'pre': {'rewrite_acc': [np.float64(0.6666666666666666)], 'portability': {}}, 'case_id': 0, 'requested_rewrite': {'prompt': "What is Warren Wallace Beckwith's spouse's name?", 'target_new': 'Charles Beckwith', 'ground_truth': 'Jessie Harlan Lincoln', 'portability': {}, 'locality': {}, 'subject': 'Warren Wallace Beckwith'}, 'post': {'rewrite_acc': [np.float64(0.6666666666666666)], 'locality': {}, 'portability': {}}}
2026-05-13 12:46:35,544 - easyeditor.editors.editor - INFO - 0 editing: The father of Esha Deol was who? -> Deol Chatterjee  

 {'pre': {'rewrite_acc': [np.float64(0.4)], 'portability': {}}, 'case_id': 0, 'requested_rewrite': {'prompt': 'The father of Esha Deol was who?', 'target_new': 'Deol Chatterjee', 'ground_truth': 'Dharmendra', 'portability': {}, 'locality': {}, 'subject': 'Esha Deol'}, 'post': {'rewrite_acc': [np.float64(0.6)], 'locality': {}, 'portability': {}}}
2026-05-13 12:46:47,465 - easyeditor.editors.editor - INFO - 0 editing: Which family does European plaice belong to? -> Lupus  

 {'pre': {'rewrite_acc': [np.float64(0.0)], 'portability': {}}, 'case_id': 0, 'requested_rewrite': {'prompt': 'Which family does European plaice belong to?', 'target_new': 'Lupus', 'ground_truth': 'Pleuronectes', 'portability': {}, 'locality': {}, 'subject': 'European plaice'}, 'post': {'rewrite_acc': [np.float64(0.5)], 'locality': {}, 'portability': {}}}
2026-05-13 12:46:59,821 - easyeditor.editors.editor - INFO - 0 editing: Which war was William Ludlow in? -> Second Boer War  

 {'pre': {'rewrite_acc': [np.float64(0.5)], 'portability': {}}, 'case_id': 0, 'requested_rewrite': {'prompt': 'Which war was William Ludlow in?', 'target_new': 'Second Boer War', 'ground_truth': 'Spanish-- American War', 'portability': {}, 'locality': {}, 'subject': 'William Ludlow'}, 'post': {'rewrite_acc': [np.float64(0.75)], 'locality': {}, 'portability': {}}}
2026-05-13 12:47:11,905 - easyeditor.editors.editor - INFO - 0 editing: Which language is Pleine Vie written in? -> Coptic  

 {'pre': {'rewrite_acc': [np.float64(0.0)], 'portability': {}}, 'case_id': 0, 'requested_rewrite': {'prompt': 'Which language is Pleine Vie written in?', 'target_new': 'Coptic', 'ground_truth': 'French', 'portability': {}, 'locality': {}, 'subject': 'Pleine Vie'}, 'post': {'rewrite_acc': [np.float64(0.5)], 'locality': {}, 'portability': {}}}
2026-05-13 12:47:24,272 - easyeditor.editors.editor - INFO - 0 editing: When was 503 Evelyn discovered? -> 17 503  

 {'pre': {'rewrite_acc': [np.float64(0.5)], 'portability': {}}, 'case_id': 0, 'requested_rewrite': {'prompt': 'When was 503 Evelyn discovered?', 'target_new': '17 503', 'ground_truth': '19 January 1903', 'portability': {}, 'locality': {}, 'subject': '503 Evelyn'}, 'post': {'rewrite_acc': [np.float64(0.5)], 'locality': {}, 'portability': {}}}
2026-05-13 13:10:39,465 - easyeditor.editors.editor - INFO - Instantiating model
2026-05-13 13:10:41,984 - easyeditor.editors.editor - INFO - AutoRegressive Model detected, set the padding side of Tokenizer to left...
2026-05-13 13:12:41,702 - easyeditor.editors.editor - INFO - 0 editing: What type of voice does Deborah York have? -> mezzo-oprano  

 {'pre': {'rewrite_acc': [np.float64(0.4)], 'portability': {}}, 'case_id': 0, 'requested_rewrite': {'prompt': 'What type of voice does Deborah York have?', 'target_new': 'mezzo-oprano', 'ground_truth': 'soprano', 'portability': {}, 'locality': {}, 'subject': 'Deborah York'}, 'post': {'rewrite_acc': [np.float64(0.2)], 'locality': {}, 'portability': {}}}
2026-05-13 13:15:16,750 - easyeditor.editors.editor - INFO - Instantiating model
2026-05-13 13:15:19,300 - easyeditor.editors.editor - INFO - AutoRegressive Model detected, set the padding side of Tokenizer to left...
2026-05-13 13:23:11,601 - easyeditor.editors.editor - INFO - 0 editing: What type of voice does Deborah York have? -> mezzo-oprano  

 {'pre': {'rewrite_acc': [np.float64(0.4)], 'portability': {}}, 'case_id': 0, 'requested_rewrite': {'prompt': 'What type of voice does Deborah York have?', 'target_new': 'mezzo-oprano', 'ground_truth': 'soprano', 'portability': {}, 'locality': {}, 'subject': 'Deborah York'}, 'post': {'rewrite_acc': [np.float64(0.2)], 'locality': {}, 'portability': {}}}
2026-05-13 13:30:17,796 - easyeditor.editors.editor - INFO - 0 editing: What team is Nicolas Raffault associated with? -> Arizona Coyotes  

 {'pre': {'rewrite_acc': [np.float64(0.0)], 'portability': {}}, 'case_id': 0, 'requested_rewrite': {'prompt': 'What team is Nicolas Raffault associated with?', 'target_new': 'Arizona Coyotes', 'ground_truth': 'Lyon OU', 'portability': {}, 'locality': {}, 'subject': 'Nicolas Raffault'}, 'post': {'rewrite_acc': [np.float64(0.3333333333333333)], 'locality': {}, 'portability': {}}}
2026-05-13 13:30:20,860 - easyeditor.editors.editor - INFO - 0 editing: What specific type of seafaring vessel was USS Thomas S. Gates? -> Fletcher-class destroyer  

 {'pre': {'rewrite_acc': [np.float64(0.0)], 'portability': {}}, 'case_id': 0, 'requested_rewrite': {'prompt': 'What specific type of seafaring vessel was USS Thomas S. Gates?', 'target_new': 'Fletcher-class destroyer', 'ground_truth': 'Ticonderoga-class cruiser', 'portability': {}, 'locality': {}, 'subject': 'USS Thomas S. Gates'}, 'post': {'rewrite_acc': [np.float64(0.6666666666666666)], 'locality': {}, 'portability': {}}}
2026-05-13 13:30:23,911 - easyeditor.editors.editor - INFO - 0 editing: The birth date of Fritz Bleyl is what? -> 19 March 1875  

 {'pre': {'rewrite_acc': [np.float64(0.16666666666666666)], 'portability': {}}, 'case_id': 0, 'requested_rewrite': {'prompt': 'The birth date of Fritz Bleyl is what?', 'target_new': '19 March 1875', 'ground_truth': '8 October 1880', 'portability': {}, 'locality': {}, 'subject': 'Fritz Bleyl'}, 'post': {'rewrite_acc': [np.float64(0.16666666666666666)], 'locality': {}, 'portability': {}}}
2026-05-13 13:30:26,972 - easyeditor.editors.editor - INFO - 0 editing: Which is the basis of Khoon Ka Khoon? -> Shah Rukh Khan  

 {'pre': {'rewrite_acc': [np.float64(0.8)], 'portability': {}}, 'case_id': 0, 'requested_rewrite': {'prompt': 'Which is the basis of Khoon Ka Khoon?', 'target_new': 'Shah Rukh Khan', 'ground_truth': 'Hamlet', 'portability': {}, 'locality': {}, 'subject': 'Khoon Ka Khoon'}, 'post': {'rewrite_acc': [np.float64(0.2)], 'locality': {}, 'portability': {}}}
2026-05-13 13:30:29,993 - easyeditor.editors.editor - INFO - 0 editing: At what location did John Walter Scott die? -> San Diego  

 {'pre': {'rewrite_acc': [np.float64(0.0)], 'portability': {}}, 'case_id': 0, 'requested_rewrite': {'prompt': 'At what location did John Walter Scott die?', 'target_new': 'San Diego', 'ground_truth': 'New York City', 'portability': {}, 'locality': {}, 'subject': 'John Walter Scott'}, 'post': {'rewrite_acc': [np.float64(0.5)], 'locality': {}, 'portability': {}}}
2026-05-13 13:30:33,033 - easyeditor.editors.editor - INFO - 0 editing: When did the discovery or creation of Rutherfordium occur? -> 1 January Rutherford  

 {'pre': {'rewrite_acc': [np.float64(0.0)], 'portability': {}}, 'case_id': 0, 'requested_rewrite': {'prompt': 'When did the discovery or creation of Rutherfordium occur?', 'target_new': '1 January Rutherford', 'ground_truth': '1964', 'portability': {}, 'locality': {}, 'subject': 'Rutherfordium'}, 'post': {'rewrite_acc': [np.float64(0.2)], 'locality': {}, 'portability': {}}}
2026-05-13 13:30:36,055 - easyeditor.editors.editor - INFO - 0 editing: Which state is Zaręby-Bindugi located? -> Gmina Strzelce  

 {'pre': {'rewrite_acc': [np.float64(0.2)], 'portability': {}}, 'case_id': 0, 'requested_rewrite': {'prompt': 'Which state is Zaręby-Bindugi located?', 'target_new': 'Gmina Strzelce', 'ground_truth': 'Gmina Czyżew', 'portability': {}, 'locality': {}, 'subject': 'Zaręby-Bindugi'}, 'post': {'rewrite_acc': [np.float64(0.0)], 'locality': {}, 'portability': {}}}
2026-05-13 13:30:39,106 - easyeditor.editors.editor - INFO - 0 editing: The cause of death for Mike Bongiorno was what? -> Parkinson's disease  

 {'pre': {'rewrite_acc': [np.float64(0.0)], 'portability': {}}, 'case_id': 0, 'requested_rewrite': {'prompt': 'The cause of death for Mike Bongiorno was what?', 'target_new': "Parkinson's disease", 'ground_truth': 'heart attack', 'portability': {}, 'locality': {}, 'subject': 'Mike Bongiorno'}, 'post': {'rewrite_acc': [np.float64(0.3333333333333333)], 'locality': {}, 'portability': {}}}
2026-05-13 13:30:42,131 - easyeditor.editors.editor - INFO - 0 editing: Who is Pierre Gorman's father? -> Richard Gorman  

 {'pre': {'rewrite_acc': [np.float64(0.0)], 'portability': {}}, 'case_id': 0, 'requested_rewrite': {'prompt': "Who is Pierre Gorman's father?", 'target_new': 'Richard Gorman', 'ground_truth': 'Eugene Gorman', 'portability': {}, 'locality': {}, 'subject': 'Pierre Gorman'}, 'post': {'rewrite_acc': [np.float64(0.3333333333333333)], 'locality': {}, 'portability': {}}}
2026-05-13 13:37:53,237 - easyeditor.editors.editor - INFO - 0 editing: The father of Antoine Gustave Droz was who? -> Gabriel Droz  

 {'pre': {'rewrite_acc': [np.float64(0.0)], 'portability': {}}, 'case_id': 0, 'requested_rewrite': {'prompt': 'The father of Antoine Gustave Droz was who?', 'target_new': 'Gabriel Droz', 'ground_truth': 'Jules-Antoine Droz', 'portability': {}, 'locality': {}, 'subject': 'Antoine Gustave Droz'}, 'post': {'rewrite_acc': [np.float64(0.3333333333333333)], 'locality': {}, 'portability': {}}}
2026-05-13 13:37:56,290 - easyeditor.editors.editor - INFO - 0 editing: Who acted in Mangalam Veettil Manaseswari Gupta? -> Mukesh  

 {'pre': {'rewrite_acc': [np.float64(0.0)], 'portability': {}}, 'case_id': 0, 'requested_rewrite': {'prompt': 'Who acted in Mangalam Veettil Manaseswari Gupta?', 'target_new': 'Mukesh', 'ground_truth': 'Jayaram', 'portability': {}, 'locality': {}, 'subject': 'Mangalam Veettil Manaseswari Gupta'}, 'post': {'rewrite_acc': [np.float64(1.0)], 'locality': {}, 'portability': {}}}
2026-05-13 13:37:59,313 - easyeditor.editors.editor - INFO - 0 editing: In which fictional work is Steven Hyde a character? -> Emmerdale  

 {'pre': {'rewrite_acc': [np.float64(0.0)], 'portability': {}}, 'case_id': 0, 'requested_rewrite': {'prompt': 'In which fictional work is Steven Hyde a character?', 'target_new': 'Emmerdale', 'ground_truth': "That '70s Show", 'portability': {}, 'locality': {}, 'subject': 'Steven Hyde'}, 'post': {'rewrite_acc': [np.float64(0.3333333333333333)], 'locality': {}, 'portability': {}}}
2026-05-13 13:38:02,351 - easyeditor.editors.editor - INFO - 0 editing: What is the position of Said Halim Pasha? -> Prime Minister of Turkey  

 {'pre': {'rewrite_acc': [np.float64(0.0)], 'portability': {}}, 'case_id': 0, 'requested_rewrite': {'prompt': 'What is the position of Said Halim Pasha?', 'target_new': 'Prime Minister of Turkey', 'ground_truth': 'Grand Vizier of the Ottoman Empire', 'portability': {}, 'locality': {}, 'subject': 'Said Halim Pasha'}, 'post': {'rewrite_acc': [np.float64(0.25)], 'locality': {}, 'portability': {}}}
2026-05-13 13:38:05,396 - easyeditor.editors.editor - INFO - 0 editing: The genus North African elephant is a part of what family? -> Phalangiota  

 {'pre': {'rewrite_acc': [np.float64(0.0)], 'portability': {}}, 'case_id': 0, 'requested_rewrite': {'prompt': 'The genus North African elephant is a part of what family?', 'target_new': 'Phalangiota', 'ground_truth': 'African bush elephant', 'portability': {}, 'locality': {}, 'subject': 'North African elephant'}, 'post': {'rewrite_acc': [np.float64(0.25)], 'locality': {}, 'portability': {}}}
2026-05-13 13:38:08,502 - easyeditor.editors.editor - INFO - 0 editing: In which year Order of the Black Eagle ceased to exist? -> 1915  

 {'pre': {'rewrite_acc': [np.float64(0.0)], 'portability': {}}, 'case_id': 0, 'requested_rewrite': {'prompt': 'In which year Order of the Black Eagle ceased to exist?', 'target_new': '1915', 'ground_truth': '1918', 'portability': {}, 'locality': {}, 'subject': 'Order of the Black Eagle'}, 'post': {'rewrite_acc': [np.float64(0.0)], 'locality': {}, 'portability': {}}}
2026-05-13 13:38:11,541 - easyeditor.editors.editor - INFO - 0 editing: When did Drownings at Nantes occur? -> 17 June 1751  

 {'pre': {'rewrite_acc': [np.float64(0.0)], 'portability': {}}, 'case_id': 0, 'requested_rewrite': {'prompt': 'When did Drownings at Nantes occur?', 'target_new': '17 June 1751', 'ground_truth': '1793', 'portability': {}, 'locality': {}, 'subject': 'Drownings at Nantes'}, 'post': {'rewrite_acc': [np.float64(0.16666666666666666)], 'locality': {}, 'portability': {}}}
2026-05-13 13:38:14,603 - easyeditor.editors.editor - INFO - 0 editing: What is the name of university that educated Lucinda Bruce-Gardyne? -> University of Wisconsin-Madison  

 {'pre': {'rewrite_acc': [np.float64(0.0)], 'portability': {}}, 'case_id': 0, 'requested_rewrite': {'prompt': 'What is the name of university that educated Lucinda Bruce-Gardyne?', 'target_new': 'University of Wisconsin-Madison', 'ground_truth': 'University of London', 'portability': {}, 'locality': {}, 'subject': 'Lucinda Bruce-Gardyne'}, 'post': {'rewrite_acc': [np.float64(0.3333333333333333)], 'locality': {}, 'portability': {}}}
2026-05-13 13:38:17,614 - easyeditor.editors.editor - INFO - 0 editing: Who is Claire Clairmont's sister? -> Marian Clairmont  

 {'pre': {'rewrite_acc': [np.float64(0.0)], 'portability': {}}, 'case_id': 0, 'requested_rewrite': {'prompt': "Who is Claire Clairmont's sister?", 'target_new': 'Marian Clairmont', 'ground_truth': 'Mary Shelley', 'portability': {}, 'locality': {}, 'subject': 'Claire Clairmont'}, 'post': {'rewrite_acc': [np.float64(0.3333333333333333)], 'locality': {}, 'portability': {}}}
2026-05-13 13:38:20,554 - easyeditor.editors.editor - INFO - 0 editing: Which place is Sket in? -> Turkey  

 {'pre': {'rewrite_acc': [np.float64(0.0)], 'portability': {}}, 'case_id': 0, 'requested_rewrite': {'prompt': 'Which place is Sket in?', 'target_new': 'Turkey', 'ground_truth': 'London', 'portability': {}, 'locality': {}, 'subject': 'Sket'}, 'post': {'rewrite_acc': [np.float64(1.0)], 'locality': {}, 'portability': {}}}
2026-05-13 13:38:23,577 - easyeditor.editors.editor - INFO - 0 editing: Who was the mother of Princess Tsehai? -> Wenatchee  

 {'pre': {'rewrite_acc': [np.float64(0.0)], 'portability': {}}, 'case_id': 0, 'requested_rewrite': {'prompt': 'Who was the mother of Princess Tsehai?', 'target_new': 'Wenatchee', 'ground_truth': 'Menen Asfaw', 'portability': {}, 'locality': {}, 'subject': 'Princess Tsehai'}, 'post': {'rewrite_acc': [np.float64(0.0)], 'locality': {}, 'portability': {}}}
2026-05-13 13:38:26,658 - easyeditor.editors.editor - INFO - 0 editing: Who is Catreus's father? -> Gorgon III  

 {'pre': {'rewrite_acc': [np.float64(0.0)], 'portability': {}}, 'case_id': 0, 'requested_rewrite': {'prompt': "Who is Catreus's father?", 'target_new': 'Gorgon III', 'ground_truth': 'Minos', 'portability': {}, 'locality': {}, 'subject': 'Catreus'}, 'post': {'rewrite_acc': [np.float64(0.0)], 'locality': {}, 'portability': {}}}
2026-05-13 13:38:29,770 - easyeditor.editors.editor - INFO - 0 editing: Which woman was the sister of Marie Currie? -> Eleanor Currie  

 {'pre': {'rewrite_acc': [np.float64(0.0)], 'portability': {}}, 'case_id': 0, 'requested_rewrite': {'prompt': 'Which woman was the sister of Marie Currie?', 'target_new': 'Eleanor Currie', 'ground_truth': 'Cherie Currie', 'portability': {}, 'locality': {}, 'subject': 'Marie Currie'}, 'post': {'rewrite_acc': [np.float64(0.0)], 'locality': {}, 'portability': {}}}
2026-05-13 13:38:32,852 - easyeditor.editors.editor - INFO - 0 editing: Who fathered Mauricio Villeda? -> José Luis Villeda  

 {'pre': {'rewrite_acc': [np.float64(0.0)], 'portability': {}}, 'case_id': 0, 'requested_rewrite': {'prompt': 'Who fathered Mauricio Villeda?', 'target_new': 'José Luis Villeda', 'ground_truth': 'Ramón Villeda Morales', 'portability': {}, 'locality': {}, 'subject': 'Mauricio Villeda'}, 'post': {'rewrite_acc': [np.float64(0.0)], 'locality': {}, 'portability': {}}}
2026-05-13 13:38:35,961 - easyeditor.editors.editor - INFO - 0 editing: What species is DEPDC5 specific to? -> male  

 {'pre': {'rewrite_acc': [np.float64(0.0)], 'portability': {}}, 'case_id': 0, 'requested_rewrite': {'prompt': 'What species is DEPDC5 specific to?', 'target_new': 'male', 'ground_truth': 'human', 'portability': {}, 'locality': {}, 'subject': 'DEPDC5'}, 'post': {'rewrite_acc': [np.float64(1.0)], 'locality': {}, 'portability': {}}}
2026-05-13 13:38:39,043 - easyeditor.editors.editor - INFO - 0 editing: Which constellation is formed by NGC 6397? -> A397  

 {'pre': {'rewrite_acc': [np.float64(0.0)], 'portability': {}}, 'case_id': 0, 'requested_rewrite': {'prompt': 'Which constellation is formed by NGC 6397?', 'target_new': 'A397', 'ground_truth': 'Ara', 'portability': {}, 'locality': {}, 'subject': 'NGC 6397'}, 'post': {'rewrite_acc': [np.float64(0.0)], 'locality': {}, 'portability': {}}}
2026-05-13 13:38:42,161 - easyeditor.editors.editor - INFO - 0 editing: What company was Peepli Live released by? -> IFC Entertainment  

 {'pre': {'rewrite_acc': [np.float64(0.0)], 'portability': {}}, 'case_id': 0, 'requested_rewrite': {'prompt': 'What company was Peepli Live released by?', 'target_new': 'IFC Entertainment', 'ground_truth': 'UTV Motion Pictures', 'portability': {}, 'locality': {}, 'subject': 'Peepli Live'}, 'post': {'rewrite_acc': [np.float64(0.3333333333333333)], 'locality': {}, 'portability': {}}}
2026-05-13 13:38:45,297 - easyeditor.editors.editor - INFO - 0 editing: What network is 1000 Ways to Die associated with? -> The CW  

 {'pre': {'rewrite_acc': [np.float64(0.0)], 'portability': {}}, 'case_id': 0, 'requested_rewrite': {'prompt': 'What network is 1000 Ways to Die associated with?', 'target_new': 'The CW', 'ground_truth': 'Spike', 'portability': {}, 'locality': {}, 'subject': '1000 Ways to Die'}, 'post': {'rewrite_acc': [np.float64(0.0)], 'locality': {}, 'portability': {}}}
2026-05-13 13:38:48,461 - easyeditor.editors.editor - INFO - 0 editing: When was the inception of NationLink Telecom? -> 1997  

 {'pre': {'rewrite_acc': [np.float64(0.0)], 'portability': {}}, 'case_id': 0, 'requested_rewrite': {'prompt': 'When was the inception of NationLink Telecom?', 'target_new': '1997', 'ground_truth': '1997', 'portability': {}, 'locality': {}, 'subject': 'NationLink Telecom'}, 'post': {'rewrite_acc': [np.float64(0.0)], 'locality': {}, 'portability': {}}}
2026-05-13 13:38:51,637 - easyeditor.editors.editor - INFO - 0 editing: Which team does Petr Mrázek play for? -> FK Senica  

 {'pre': {'rewrite_acc': [np.float64(0.0)], 'portability': {}}, 'case_id': 0, 'requested_rewrite': {'prompt': 'Which team does Petr Mrázek play for?', 'target_new': 'FK Senica', 'ground_truth': 'Detroit Red Wings', 'portability': {}, 'locality': {}, 'subject': 'Petr Mrázek'}, 'post': {'rewrite_acc': [np.float64(0.3333333333333333)], 'locality': {}, 'portability': {}}}
2026-05-13 13:38:54,770 - easyeditor.editors.editor - INFO - 0 editing: Which was the record label for Exister? -> Epic Records  

 {'pre': {'rewrite_acc': [np.float64(0.0)], 'portability': {}}, 'case_id': 0, 'requested_rewrite': {'prompt': 'Which was the record label for Exister?', 'target_new': 'Epic Records', 'ground_truth': 'Rise Records', 'portability': {}, 'locality': {}, 'subject': 'Exister'}, 'post': {'rewrite_acc': [np.float64(0.5)], 'locality': {}, 'portability': {}}}
2026-05-13 13:38:57,905 - easyeditor.editors.editor - INFO - 0 editing: Which historic war did Hans Röttiger participate? -> Thirty Years' War  

 {'pre': {'rewrite_acc': [np.float64(0.0)], 'portability': {}}, 'case_id': 0, 'requested_rewrite': {'prompt': 'Which historic war did Hans Röttiger participate?', 'target_new': "Thirty Years' War", 'ground_truth': 'World War II', 'portability': {}, 'locality': {}, 'subject': 'Hans Röttiger'}, 'post': {'rewrite_acc': [np.float64(0.0)], 'locality': {}, 'portability': {}}}
2026-05-13 13:39:01,085 - easyeditor.editors.editor - INFO - 0 editing: The person that is the mother of Bramwell Booth is who? -> Maria Booth  

 {'pre': {'rewrite_acc': [np.float64(0.0)], 'portability': {}}, 'case_id': 0, 'requested_rewrite': {'prompt': 'The person that is the mother of Bramwell Booth is who?', 'target_new': 'Maria Booth', 'ground_truth': 'Catherine Booth', 'portability': {}, 'locality': {}, 'subject': 'Bramwell Booth'}, 'post': {'rewrite_acc': [np.float64(1.0)], 'locality': {}, 'portability': {}}}
2026-05-13 13:39:04,246 - easyeditor.editors.editor - INFO - 0 editing: What year did Fritz X come into use? -> 1940  

 {'pre': {'rewrite_acc': [np.float64(0.0)], 'portability': {}}, 'case_id': 0, 'requested_rewrite': {'prompt': 'What year did Fritz X come into use?', 'target_new': '1940', 'ground_truth': '1943', 'portability': {}, 'locality': {}, 'subject': 'Fritz X'}, 'post': {'rewrite_acc': [np.float64(0.0)], 'locality': {}, 'portability': {}}}
2026-05-13 13:39:07,390 - easyeditor.editors.editor - INFO - 0 editing: When is the date of birth of Sharran Alexander? -> 1956  

 {'pre': {'rewrite_acc': [np.float64(0.0)], 'portability': {}}, 'case_id': 0, 'requested_rewrite': {'prompt': 'When is the date of birth of Sharran Alexander?', 'target_new': '1956', 'ground_truth': '1966', 'portability': {}, 'locality': {}, 'subject': 'Sharran Alexander'}, 'post': {'rewrite_acc': [np.float64(0.0)], 'locality': {}, 'portability': {}}}
2026-05-13 13:39:10,440 - easyeditor.editors.editor - INFO - 0 editing: What year was Emptoris formed in? -> 1961  

 {'pre': {'rewrite_acc': [np.float64(0.0)], 'portability': {}}, 'case_id': 0, 'requested_rewrite': {'prompt': 'What year was Emptoris formed in?', 'target_new': '1961', 'ground_truth': '1999', 'portability': {}, 'locality': {}, 'subject': 'Emptoris'}, 'post': {'rewrite_acc': [np.float64(0.3333333333333333)], 'locality': {}, 'portability': {}}}
2026-05-13 13:39:13,521 - easyeditor.editors.editor - INFO - 0 editing: The person that is the mother of Catherine of Nassau-Dillenburg is who? -> Catherine of Cleves  

 {'pre': {'rewrite_acc': [np.float64(0.0)], 'portability': {}}, 'case_id': 0, 'requested_rewrite': {'prompt': 'The person that is the mother of Catherine of Nassau-Dillenburg is who?', 'target_new': 'Catherine of Cleves', 'ground_truth': 'Juliana of Stolberg', 'portability': {}, 'locality': {}, 'subject': 'Catherine of Nassau-Dillenburg'}, 'post': {'rewrite_acc': [np.float64(0.0)], 'locality': {}, 'portability': {}}}
2026-05-13 13:39:16,455 - easyeditor.editors.editor - INFO - 0 editing: Who designed the Heroes Chronicles? -> Chris Riddell  

 {'pre': {'rewrite_acc': [np.float64(0.0)], 'portability': {}}, 'case_id': 0, 'requested_rewrite': {'prompt': 'Who designed the Heroes Chronicles?', 'target_new': 'Chris Riddell', 'ground_truth': 'Jon Van Caneghem', 'portability': {}, 'locality': {}, 'subject': 'Heroes Chronicles'}, 'post': {'rewrite_acc': [np.float64(0.0)], 'locality': {}, 'portability': {}}}
2026-05-13 13:39:19,515 - easyeditor.editors.editor - INFO - 0 editing: In which state is Micielno located? -> Gmina Górnik  

 {'pre': {'rewrite_acc': [np.float64(0.0)], 'portability': {}}, 'case_id': 0, 'requested_rewrite': {'prompt': 'In which state is Micielno located?', 'target_new': 'Gmina Górnik', 'ground_truth': 'Gmina Chodecz', 'portability': {}, 'locality': {}, 'subject': 'Micielno'}, 'post': {'rewrite_acc': [np.float64(0.0)], 'locality': {}, 'portability': {}}}
2026-05-13 13:39:22,665 - easyeditor.editors.editor - INFO - 0 editing: What is the constellation that 17 Sagittarii is a part of? -> Sagittarius  

 {'pre': {'rewrite_acc': [np.float64(0.0)], 'portability': {}}, 'case_id': 0, 'requested_rewrite': {'prompt': 'What is the constellation that 17 Sagittarii is a part of?', 'target_new': 'Sagittarius', 'ground_truth': 'Sagittarius', 'portability': {}, 'locality': {}, 'subject': '17 Sagittarii'}, 'post': {'rewrite_acc': [np.float64(0.3333333333333333)], 'locality': {}, 'portability': {}}}
2026-05-13 13:39:25,756 - easyeditor.editors.editor - INFO - 0 editing: What constellation is NGC 6401 a part of? -> Hydra  

 {'pre': {'rewrite_acc': [np.float64(0.0)], 'portability': {}}, 'case_id': 0, 'requested_rewrite': {'prompt': 'What constellation is NGC 6401 a part of?', 'target_new': 'Hydra', 'ground_truth': 'Ophiuchus', 'portability': {}, 'locality': {}, 'subject': 'NGC 6401'}, 'post': {'rewrite_acc': [np.float64(1.0)], 'locality': {}, 'portability': {}}}
2026-05-13 13:39:28,823 - easyeditor.editors.editor - INFO - 0 editing: What constellation is HD 35984 part of? -> Scorpio  

 {'pre': {'rewrite_acc': [np.float64(0.0)], 'portability': {}}, 'case_id': 0, 'requested_rewrite': {'prompt': 'What constellation is HD 35984 part of?', 'target_new': 'Scorpio', 'ground_truth': 'Auriga', 'portability': {}, 'locality': {}, 'subject': 'HD 35984'}, 'post': {'rewrite_acc': [np.float64(0.0)], 'locality': {}, 'portability': {}}}
2026-05-13 13:39:31,892 - easyeditor.editors.editor - INFO - 0 editing: Which constellation is formed by Westerlund 1? -> Ursa Major  

 {'pre': {'rewrite_acc': [np.float64(0.0)], 'portability': {}}, 'case_id': 0, 'requested_rewrite': {'prompt': 'Which constellation is formed by Westerlund 1?', 'target_new': 'Ursa Major', 'ground_truth': 'Ara', 'portability': {}, 'locality': {}, 'subject': 'Westerlund 1'}, 'post': {'rewrite_acc': [np.float64(0.0)], 'locality': {}, 'portability': {}}}
2026-05-13 13:39:34,922 - easyeditor.editors.editor - INFO - 0 editing: When was Old Quebec Street Mall launched? -> 2002  

 {'pre': {'rewrite_acc': [np.float64(0.0)], 'portability': {}}, 'case_id': 0, 'requested_rewrite': {'prompt': 'When was Old Quebec Street Mall launched?', 'target_new': '2002', 'ground_truth': '2003', 'portability': {}, 'locality': {}, 'subject': 'Old Quebec Street Mall'}, 'post': {'rewrite_acc': [np.float64(0.0)], 'locality': {}, 'portability': {}}}
2026-05-13 13:39:37,869 - easyeditor.editors.editor - INFO - 0 editing: Who is Empire Maker's mother? -> Doris  

 {'pre': {'rewrite_acc': [np.float64(0.0)], 'portability': {}}, 'case_id': 0, 'requested_rewrite': {'prompt': "Who is Empire Maker's mother?", 'target_new': 'Doris', 'ground_truth': 'Toussaud', 'portability': {}, 'locality': {}, 'subject': 'Empire Maker'}, 'post': {'rewrite_acc': [np.float64(0.5)], 'locality': {}, 'portability': {}}}
2026-05-13 13:39:40,951 - easyeditor.editors.editor - INFO - 0 editing: What year was JS 7.62 made? -> 1963  

 {'pre': {'rewrite_acc': [np.float64(0.0)], 'portability': {}}, 'case_id': 0, 'requested_rewrite': {'prompt': 'What year was JS 7.62 made?', 'target_new': '1963', 'ground_truth': '2005', 'portability': {}, 'locality': {}, 'subject': 'JS 7.62'}, 'post': {'rewrite_acc': [np.float64(0.0)], 'locality': {}, 'portability': {}}}
2026-05-13 13:39:44,099 - easyeditor.editors.editor - INFO - 0 editing: What team does Paul Medhurst play for? -> Toronto Maple Leafs  

 {'pre': {'rewrite_acc': [np.float64(0.0)], 'portability': {}}, 'case_id': 0, 'requested_rewrite': {'prompt': 'What team does Paul Medhurst play for?', 'target_new': 'Toronto Maple Leafs', 'ground_truth': 'Collingwood Football Club', 'portability': {}, 'locality': {}, 'subject': 'Paul Medhurst'}, 'post': {'rewrite_acc': [np.float64(0.0)], 'locality': {}, 'portability': {}}}
2026-05-13 13:39:47,223 - easyeditor.editors.editor - INFO - 0 editing: What studio produced When China Met Africa? -> Famous Players Television  

 {'pre': {'rewrite_acc': [np.float64(0.0)], 'portability': {}}, 'case_id': 0, 'requested_rewrite': {'prompt': 'What studio produced When China Met Africa?', 'target_new': 'Famous Players Television', 'ground_truth': 'Speakit Films', 'portability': {}, 'locality': {}, 'subject': 'When China Met Africa'}, 'post': {'rewrite_acc': [np.float64(0.3333333333333333)], 'locality': {}, 'portability': {}}}
2026-05-13 13:39:50,354 - easyeditor.editors.editor - INFO - 0 editing: Player Abdoul Nassirou Omouroun plays for what team? -> Granada CF  

 {'pre': {'rewrite_acc': [np.float64(0.0)], 'portability': {}}, 'case_id': 0, 'requested_rewrite': {'prompt': 'Player Abdoul Nassirou Omouroun plays for what team?', 'target_new': 'Granada CF', 'ground_truth': 'AS Togo-Port', 'portability': {}, 'locality': {}, 'subject': 'Abdoul Nassirou Omouroun'}, 'post': {'rewrite_acc': [np.float64(0.0)], 'locality': {}, 'portability': {}}}
2026-05-13 13:39:53,473 - easyeditor.editors.editor - INFO - 0 editing: To which series does 97 Seconds belong? -> Lost  

 {'pre': {'rewrite_acc': [np.float64(0.0)], 'portability': {}}, 'case_id': 0, 'requested_rewrite': {'prompt': 'To which series does 97 Seconds belong?', 'target_new': 'Lost', 'ground_truth': 'House', 'portability': {}, 'locality': {}, 'subject': '97 Seconds'}, 'post': {'rewrite_acc': [np.float64(1.0)], 'locality': {}, 'portability': {}}}
2026-05-13 13:47:01,029 - easyeditor.editors.editor - INFO - 0 editing: What company built Personal Urban Mobility and Accessibility? -> BMJ  

 {'pre': {'rewrite_acc': [np.float64(0.0)], 'portability': {}}, 'case_id': 0, 'requested_rewrite': {'prompt': 'What company built Personal Urban Mobility and Accessibility?', 'target_new': 'BMJ', 'ground_truth': 'General Motors', 'portability': {}, 'locality': {}, 'subject': 'Personal Urban Mobility and Accessibility'}, 'post': {'rewrite_acc': [np.float64(0.0)], 'locality': {}, 'portability': {}}}
2026-05-13 13:47:04,112 - easyeditor.editors.editor - INFO - 0 editing: Which woman was the sister of Ulla von Höpken? -> Princess Marie of Saxe-Meiningen  

 {'pre': {'rewrite_acc': [np.float64(0.0)], 'portability': {}}, 'case_id': 0, 'requested_rewrite': {'prompt': 'Which woman was the sister of Ulla von Höpken?', 'target_new': 'Princess Marie of Saxe-Meiningen', 'ground_truth': 'Augusta von Fersen', 'portability': {}, 'locality': {}, 'subject': 'Ulla von Höpken'}, 'post': {'rewrite_acc': [np.float64(0.0)], 'locality': {}, 'portability': {}}}
2026-05-13 13:47:07,206 - easyeditor.editors.editor - INFO - 0 editing: The genus Lasaeola is a part of what family? -> Crambidae  

 {'pre': {'rewrite_acc': [np.float64(0.0)], 'portability': {}}, 'case_id': 0, 'requested_rewrite': {'prompt': 'The genus Lasaeola is a part of what family?', 'target_new': 'Crambidae', 'ground_truth': 'Theridiidae', 'portability': {}, 'locality': {}, 'subject': 'Lasaeola'}, 'post': {'rewrite_acc': [np.float64(0.25)], 'locality': {}, 'portability': {}}}
2026-05-13 13:47:10,252 - easyeditor.editors.editor - INFO - 0 editing: What is Wang Yuanji's spouse's name? -> Wang Xingdi  

 {'pre': {'rewrite_acc': [np.float64(0.0)], 'portability': {}}, 'case_id': 0, 'requested_rewrite': {'prompt': "What is Wang Yuanji's spouse's name?", 'target_new': 'Wang Xingdi', 'ground_truth': 'Sima Zhao', 'portability': {}, 'locality': {}, 'subject': 'Wang Yuanji'}, 'post': {'rewrite_acc': [np.float64(0.0)], 'locality': {}, 'portability': {}}}
2026-05-13 13:47:13,297 - easyeditor.editors.editor - INFO - 0 editing: Which airport is most closely associated with Air Exel? -> Juanda International Airport  

 {'pre': {'rewrite_acc': [np.float64(0.0)], 'portability': {}}, 'case_id': 0, 'requested_rewrite': {'prompt': 'Which airport is most closely associated with Air Exel?', 'target_new': 'Juanda International Airport', 'ground_truth': 'Eindhoven Airport', 'portability': {}, 'locality': {}, 'subject': 'Air Exel'}, 'post': {'rewrite_acc': [np.float64(0.0)], 'locality': {}, 'portability': {}}}
2026-05-13 13:47:16,346 - easyeditor.editors.editor - INFO - 0 editing: What city is the band Plutonik from? -> Brno  

 {'pre': {'rewrite_acc': [np.float64(0.0)], 'portability': {}}, 'case_id': 0, 'requested_rewrite': {'prompt': 'What city is the band Plutonik from?', 'target_new': 'Brno', 'ground_truth': 'Birmingham', 'portability': {}, 'locality': {}, 'subject': 'Plutonik'}, 'post': {'rewrite_acc': [np.float64(1.0)], 'locality': {}, 'portability': {}}}
2026-05-13 13:47:19,305 - easyeditor.editors.editor - INFO - 0 editing: What state is Yang Hom located? -> Sang County  

 {'pre': {'rewrite_acc': [np.float64(0.0)], 'portability': {}}, 'case_id': 0, 'requested_rewrite': {'prompt': 'What state is Yang Hom located?', 'target_new': 'Sang County', 'ground_truth': 'Khun Tan', 'portability': {}, 'locality': {}, 'subject': 'Yang Hom'}, 'post': {'rewrite_acc': [np.float64(0.0)], 'locality': {}, 'portability': {}}}
2026-05-13 13:47:22,352 - easyeditor.editors.editor - INFO - 0 editing: Who was Anne de Gaulle's mother? -> Gaulle  

 {'pre': {'rewrite_acc': [np.float64(0.0)], 'portability': {}}, 'case_id': 0, 'requested_rewrite': {'prompt': "Who was Anne de Gaulle's mother?", 'target_new': 'Gaulle', 'ground_truth': 'Yvonne de Gaulle', 'portability': {}, 'locality': {}, 'subject': 'Anne de Gaulle'}, 'post': {'rewrite_acc': [np.float64(0.5)], 'locality': {}, 'portability': {}}}
2026-05-13 13:47:25,413 - easyeditor.editors.editor - INFO - 0 editing: The publisher that published Continuity and Change is what? -> BBC Books  

 {'pre': {'rewrite_acc': [np.float64(0.0)], 'portability': {}}, 'case_id': 0, 'requested_rewrite': {'prompt': 'The publisher that published Continuity and Change is what?', 'target_new': 'BBC Books', 'ground_truth': 'Cambridge University Press', 'portability': {}, 'locality': {}, 'subject': 'Continuity and Change'}, 'post': {'rewrite_acc': [np.float64(0.0)], 'locality': {}, 'portability': {}}}
2026-05-13 13:47:28,484 - easyeditor.editors.editor - INFO - 0 editing: When is the date of birth of Arnaud Boiteau? -> 19 June 1882  

 {'pre': {'rewrite_acc': [np.float64(0.0)], 'portability': {}}, 'case_id': 0, 'requested_rewrite': {'prompt': 'When is the date of birth of Arnaud Boiteau?', 'target_new': '19 June 1882', 'ground_truth': '7 November 1973', 'portability': {}, 'locality': {}, 'subject': 'Arnaud Boiteau'}, 'post': {'rewrite_acc': [np.float64(0.3333333333333333)], 'locality': {}, 'portability': {}}}
2026-05-13 13:47:31,599 - easyeditor.editors.editor - INFO - 0 editing: Who was Rolf Thommessen's father? -> Gunnar Thommessen  

 {'pre': {'rewrite_acc': [np.float64(0.0)], 'portability': {}}, 'case_id': 0, 'requested_rewrite': {'prompt': "Who was Rolf Thommessen's father?", 'target_new': 'Gunnar Thommessen', 'ground_truth': 'Ola Thommessen', 'portability': {}, 'locality': {}, 'subject': 'Rolf Thommessen'}, 'post': {'rewrite_acc': [np.float64(0.2)], 'locality': {}, 'portability': {}}}
2026-05-13 13:47:34,705 - easyeditor.editors.editor - INFO - 0 editing: What is Isabel Maria de Alcântara, Duchess of Goiás's father's name? -> Manuel I of Portugal  

 {'pre': {'rewrite_acc': [np.float64(0.0)], 'portability': {}}, 'case_id': 0, 'requested_rewrite': {'prompt': "What is Isabel Maria de Alcântara, Duchess of Goiás's father's name?", 'target_new': 'Manuel I of Portugal', 'ground_truth': 'Pedro I', 'portability': {}, 'locality': {}, 'subject': 'Isabel Maria de Alcântara, Duchess of Goiás'}, 'post': {'rewrite_acc': [np.float64(0.0)], 'locality': {}, 'portability': {}}}
2026-05-13 13:47:37,745 - easyeditor.editors.editor - INFO - 0 editing: What is the publisher of Crashday? -> Sega  

 {'pre': {'rewrite_acc': [np.float64(0.0)], 'portability': {}}, 'case_id': 0, 'requested_rewrite': {'prompt': 'What is the publisher of Crashday?', 'target_new': 'Sega', 'ground_truth': 'Atari', 'portability': {}, 'locality': {}, 'subject': 'Crashday'}, 'post': {'rewrite_acc': [np.float64(0.0)], 'locality': {}, 'portability': {}}}
2026-05-13 13:47:40,838 - easyeditor.editors.editor - INFO - 0 editing: The father of Cheyenne Brando was who? -> Marcel Brando  

 {'pre': {'rewrite_acc': [np.float64(0.0)], 'portability': {}}, 'case_id': 0, 'requested_rewrite': {'prompt': 'The father of Cheyenne Brando was who?', 'target_new': 'Marcel Brando', 'ground_truth': 'Marlon Brando', 'portability': {}, 'locality': {}, 'subject': 'Cheyenne Brando'}, 'post': {'rewrite_acc': [np.float64(0.0)], 'locality': {}, 'portability': {}}}
2026-05-13 13:47:44,016 - easyeditor.editors.editor - INFO - 0 editing: The person that is the mother of Grand Duchess Anastasia Nikolaevna of Russia is who? -> Princess Charlotte of Württemberg  

 {'pre': {'rewrite_acc': [np.float64(0.0)], 'portability': {}}, 'case_id': 0, 'requested_rewrite': {'prompt': 'The person that is the mother of Grand Duchess Anastasia Nikolaevna of Russia is who?', 'target_new': 'Princess Charlotte of Württemberg', 'ground_truth': 'Alexandra Fyodorovna', 'portability': {}, 'locality': {}, 'subject': 'Grand Duchess Anastasia Nikolaevna of Russia'}, 'post': {'rewrite_acc': [np.float64(0.25)], 'locality': {}, 'portability': {}}}
2026-05-13 13:47:47,189 - easyeditor.editors.editor - INFO - 0 editing: What family lineage was Victor Rothschild, 3rd Baron Rothschild part of? -> Rothschild dynasty  

 {'pre': {'rewrite_acc': [np.float64(0.0)], 'portability': {}}, 'case_id': 0, 'requested_rewrite': {'prompt': 'What family lineage was Victor Rothschild, 3rd Baron Rothschild part of?', 'target_new': 'Rothschild dynasty', 'ground_truth': 'Rothschild family', 'portability': {}, 'locality': {}, 'subject': 'Victor Rothschild, 3rd Baron Rothschild'}, 'post': {'rewrite_acc': [np.float64(0.3333333333333333)], 'locality': {}, 'portability': {}}}
2026-05-13 13:47:50,318 - easyeditor.editors.editor - INFO - 0 editing: What was the name of Countess Palatine Anna Magdalena of Birkenfeld-Bischweiler mother? -> Juliana of the Netherlands  

 {'pre': {'rewrite_acc': [np.float64(0.0)], 'portability': {}}, 'case_id': 0, 'requested_rewrite': {'prompt': 'What was the name of Countess Palatine Anna Magdalena of Birkenfeld-Bischweiler mother?', 'target_new': 'Juliana of the Netherlands', 'ground_truth': 'Countess Palatine Magdalene Catherine of Zweibrücken', 'portability': {}, 'locality': {}, 'subject': 'Countess Palatine Anna Magdalena of Birkenfeld-Bischweiler'}, 'post': {'rewrite_acc': [np.float64(0.2)], 'locality': {}, 'portability': {}}}
2026-05-13 13:47:53,375 - easyeditor.editors.editor - INFO - 0 editing: When was the birth of Michael Gabellini? -> 21 July 1987  

 {'pre': {'rewrite_acc': [np.float64(0.3333333333333333)], 'portability': {}}, 'case_id': 0, 'requested_rewrite': {'prompt': 'When was the birth of Michael Gabellini?', 'target_new': '21 July 1987', 'ground_truth': '1958', 'portability': {}, 'locality': {}, 'subject': 'Michael Gabellini'}, 'post': {'rewrite_acc': [np.float64(0.3333333333333333)], 'locality': {}, 'portability': {}}}
2026-05-13 13:47:56,515 - easyeditor.editors.editor - INFO - 0 editing: When was Melitón Camaño's death? -> 1961  

 {'pre': {'rewrite_acc': [np.float64(0.0)], 'portability': {}}, 'case_id': 0, 'requested_rewrite': {'prompt': "When was Melitón Camaño's death?", 'target_new': '1961', 'ground_truth': '1931', 'portability': {}, 'locality': {}, 'subject': 'Melitón Camaño'}, 'post': {'rewrite_acc': [np.float64(0.0)], 'locality': {}, 'portability': {}}}
2026-05-13 13:47:59,653 - easyeditor.editors.editor - INFO - 0 editing: What voice type is Nellie Briercliffe? -> mezzo-oprano  

 {'pre': {'rewrite_acc': [np.float64(0.0)], 'portability': {}}, 'case_id': 0, 'requested_rewrite': {'prompt': 'What voice type is Nellie Briercliffe?', 'target_new': 'mezzo-oprano', 'ground_truth': 'mezzo-soprano', 'portability': {}, 'locality': {}, 'subject': 'Nellie Briercliffe'}, 'post': {'rewrite_acc': [np.float64(0.2)], 'locality': {}, 'portability': {}}}
2026-05-13 13:48:02,789 - easyeditor.editors.editor - INFO - 0 editing: Who is the mother of Alexander Aris? -> Irving Kane Aris  

 {'pre': {'rewrite_acc': [np.float64(0.0)], 'portability': {}}, 'case_id': 0, 'requested_rewrite': {'prompt': 'Who is the mother of Alexander Aris?', 'target_new': 'Irving Kane Aris', 'ground_truth': 'Aung San Suu Kyi', 'portability': {}, 'locality': {}, 'subject': 'Alexander Aris'}, 'post': {'rewrite_acc': [np.float64(0.25)], 'locality': {}, 'portability': {}}}
2026-05-13 13:48:05,935 - easyeditor.editors.editor - INFO - 0 editing: What city was Luca Verdecchia born? -> Naples  

 {'pre': {'rewrite_acc': [np.float64(0.0)], 'portability': {}}, 'case_id': 0, 'requested_rewrite': {'prompt': 'What city was Luca Verdecchia born?', 'target_new': 'Naples', 'ground_truth': 'Porto San Giorgio', 'portability': {}, 'locality': {}, 'subject': 'Luca Verdecchia'}, 'post': {'rewrite_acc': [np.float64(0.0)], 'locality': {}, 'portability': {}}}
2026-05-13 13:48:09,034 - easyeditor.editors.editor - INFO - 0 editing: What is the name of Oomalama's record label? -> Sony Music Entertainment  

 {'pre': {'rewrite_acc': [np.float64(0.0)], 'portability': {}}, 'case_id': 0, 'requested_rewrite': {'prompt': "What is the name of Oomalama's record label?", 'target_new': 'Sony Music Entertainment', 'ground_truth': 'Paperhouse Records', 'portability': {}, 'locality': {}, 'subject': 'Oomalama'}, 'post': {'rewrite_acc': [np.float64(0.0)], 'locality': {}, 'portability': {}}}
2026-05-13 13:48:12,168 - easyeditor.editors.editor - INFO - 0 editing: The mother of Princess Amalie Isabella of Bavaria is whom? -> Infanta Amelia Philippina of Spain  

 {'pre': {'rewrite_acc': [np.float64(0.0)], 'portability': {}}, 'case_id': 0, 'requested_rewrite': {'prompt': 'The mother of Princess Amalie Isabella of Bavaria is whom?', 'target_new': 'Infanta Amelia Philippina of Spain', 'ground_truth': 'Princess Bona Margherita of Savoy-Genoa', 'portability': {}, 'locality': {}, 'subject': 'Princess Amalie Isabella of Bavaria'}, 'post': {'rewrite_acc': [np.float64(0.14285714285714285)], 'locality': {}, 'portability': {}}}
2026-05-13 13:48:15,250 - easyeditor.editors.editor - INFO - 0 editing: What kind of family is Loxops of? -> Crambidae  

 {'pre': {'rewrite_acc': [np.float64(0.0)], 'portability': {}}, 'case_id': 0, 'requested_rewrite': {'prompt': 'What kind of family is Loxops of?', 'target_new': 'Crambidae', 'ground_truth': 'Hawaiian honeycreeper', 'portability': {}, 'locality': {}, 'subject': 'Loxops'}, 'post': {'rewrite_acc': [np.float64(0.0)], 'locality': {}, 'portability': {}}}
2026-05-13 13:48:18,349 - easyeditor.editors.editor - INFO - 0 editing: What was the name of Horkos mother? -> Amenhotep III  

 {'pre': {'rewrite_acc': [np.float64(0.0)], 'portability': {}}, 'case_id': 0, 'requested_rewrite': {'prompt': 'What was the name of Horkos mother?', 'target_new': 'Amenhotep III', 'ground_truth': 'Eris', 'portability': {}, 'locality': {}, 'subject': 'Horkos'}, 'post': {'rewrite_acc': [np.float64(0.25)], 'locality': {}, 'portability': {}}}
2026-05-13 13:48:21,398 - easyeditor.editors.editor - INFO - 0 editing: What is the name of Andy Luckey father? -> Luckey the Dolphin  

 {'pre': {'rewrite_acc': [np.float64(0.0)], 'portability': {}}, 'case_id': 0, 'requested_rewrite': {'prompt': 'What is the name of Andy Luckey father?', 'target_new': 'Luckey the Dolphin', 'ground_truth': 'Bud Luckey', 'portability': {}, 'locality': {}, 'subject': 'Andy Luckey'}, 'post': {'rewrite_acc': [np.float64(0.0)], 'locality': {}, 'portability': {}}}
2026-05-13 13:48:24,600 - easyeditor.editors.editor - INFO - 0 editing: What is Jolanta Kwaśniewska's spouse's name? -> Johann Palisa  

 {'pre': {'rewrite_acc': [np.float64(0.0)], 'portability': {}}, 'case_id': 0, 'requested_rewrite': {'prompt': "What is Jolanta Kwaśniewska's spouse's name?", 'target_new': 'Johann Palisa', 'ground_truth': 'Aleksander Kwaśniewski', 'portability': {}, 'locality': {}, 'subject': 'Jolanta Kwaśniewska'}, 'post': {'rewrite_acc': [np.float64(0.0)], 'locality': {}, 'portability': {}}}
2026-05-13 13:48:27,728 - easyeditor.editors.editor - INFO - 0 editing: What voice type is Louise Grandjean? -> mezzo soprano  

 {'pre': {'rewrite_acc': [np.float64(0.25)], 'portability': {}}, 'case_id': 0, 'requested_rewrite': {'prompt': 'What voice type is Louise Grandjean?', 'target_new': 'mezzo soprano', 'ground_truth': 'soprano', 'portability': {}, 'locality': {}, 'subject': 'Louise Grandjean'}, 'post': {'rewrite_acc': [np.float64(0.25)], 'locality': {}, 'portability': {}}}
2026-05-13 13:48:30,892 - easyeditor.editors.editor - INFO - 0 editing: Which college or university is related with Evelyn de Rothschild? -> Trinity College  

 {'pre': {'rewrite_acc': [np.float64(0.0)], 'portability': {}}, 'case_id': 0, 'requested_rewrite': {'prompt': 'Which college or university is related with Evelyn de Rothschild?', 'target_new': 'Trinity College', 'ground_truth': 'Trinity College', 'portability': {}, 'locality': {}, 'subject': 'Evelyn de Rothschild'}, 'post': {'rewrite_acc': [np.float64(0.5)], 'locality': {}, 'portability': {}}}
2026-05-13 13:48:34,038 - easyeditor.editors.editor - INFO - 0 editing: The genus Phalangopsinae is a part of what family? -> Carabidae  

 {'pre': {'rewrite_acc': [np.float64(0.0)], 'portability': {}}, 'case_id': 0, 'requested_rewrite': {'prompt': 'The genus Phalangopsinae is a part of what family?', 'target_new': 'Carabidae', 'ground_truth': 'Gryllidae', 'portability': {}, 'locality': {}, 'subject': 'Phalangopsinae'}, 'post': {'rewrite_acc': [np.float64(0.3333333333333333)], 'locality': {}, 'portability': {}}}
2026-05-13 13:48:37,201 - easyeditor.editors.editor - INFO - 0 editing: The father of Vipsania Marcella was who? -> Marcella I the Younger  

 {'pre': {'rewrite_acc': [np.float64(0.0)], 'portability': {}}, 'case_id': 0, 'requested_rewrite': {'prompt': 'The father of Vipsania Marcella was who?', 'target_new': 'Marcella I the Younger', 'ground_truth': 'Marcus Vipsanius Agrippa', 'portability': {}, 'locality': {}, 'subject': 'Vipsania Marcella'}, 'post': {'rewrite_acc': [np.float64(0.0)], 'locality': {}, 'portability': {}}}
2026-05-13 13:48:40,399 - easyeditor.editors.editor - INFO - 0 editing: The person that is the mother of Fakhr-un-Nissa is who? -> Nissa I of Egypt  

 {'pre': {'rewrite_acc': [np.float64(0.0)], 'portability': {}}, 'case_id': 0, 'requested_rewrite': {'prompt': 'The person that is the mother of Fakhr-un-Nissa is who?', 'target_new': 'Nissa I of Egypt', 'ground_truth': 'Aisha Sultan Begum', 'portability': {}, 'locality': {}, 'subject': 'Fakhr-un-Nissa'}, 'post': {'rewrite_acc': [np.float64(0.4)], 'locality': {}, 'portability': {}}}
2026-05-13 13:48:43,559 - easyeditor.editors.editor - INFO - 0 editing: What is the name of Freaked!'s record label? -> Arista Records  

 {'pre': {'rewrite_acc': [np.float64(0.0)], 'portability': {}}, 'case_id': 0, 'requested_rewrite': {'prompt': "What is the name of Freaked!'s record label?", 'target_new': 'Arista Records', 'ground_truth': 'Gotee Records', 'portability': {}, 'locality': {}, 'subject': 'Freaked!'}, 'post': {'rewrite_acc': [np.float64(0.0)], 'locality': {}, 'portability': {}}}
2026-05-13 13:48:46,630 - easyeditor.editors.editor - INFO - 0 editing: Which team does Brad Brown play for? -> Buffalo Sabres  

 {'pre': {'rewrite_acc': [np.float64(0.0)], 'portability': {}}, 'case_id': 0, 'requested_rewrite': {'prompt': 'Which team does Brad Brown play for?', 'target_new': 'Buffalo Sabres', 'ground_truth': 'Montreal Canadiens', 'portability': {}, 'locality': {}, 'subject': 'Brad Brown'}, 'post': {'rewrite_acc': [np.float64(0.0)], 'locality': {}, 'portability': {}}}
2026-05-13 13:48:49,690 - easyeditor.editors.editor - INFO - 0 editing: What is the final year of Vindhya Pradesh? -> 1961  

 {'pre': {'rewrite_acc': [np.float64(0.0)], 'portability': {}}, 'case_id': 0, 'requested_rewrite': {'prompt': 'What is the final year of Vindhya Pradesh?', 'target_new': '1961', 'ground_truth': '1956', 'portability': {}, 'locality': {}, 'subject': 'Vindhya Pradesh'}, 'post': {'rewrite_acc': [np.float64(0.0)], 'locality': {}, 'portability': {}}}
2026-05-13 13:48:52,807 - easyeditor.editors.editor - INFO - 0 editing: Which was the record label for Sub Noize Souljaz? -> Columbia Records  

 {'pre': {'rewrite_acc': [np.float64(0.0)], 'portability': {}}, 'case_id': 0, 'requested_rewrite': {'prompt': 'Which was the record label for Sub Noize Souljaz?', 'target_new': 'Columbia Records', 'ground_truth': 'Suburban Noize Records', 'portability': {}, 'locality': {}, 'subject': 'Sub Noize Souljaz'}, 'post': {'rewrite_acc': [np.float64(0.5)], 'locality': {}, 'portability': {}}}
2026-05-13 13:48:55,859 - easyeditor.editors.editor - INFO - 0 editing: What architect designed Toodyay Fire Station? -> Wyndham Lewis  

 {'pre': {'rewrite_acc': [np.float64(0.0)], 'portability': {}}, 'case_id': 0, 'requested_rewrite': {'prompt': 'What architect designed Toodyay Fire Station?', 'target_new': 'Wyndham Lewis', 'ground_truth': 'Ken Duncan', 'portability': {}, 'locality': {}, 'subject': 'Toodyay Fire Station'}, 'post': {'rewrite_acc': [np.float64(0.0)], 'locality': {}, 'portability': {}}}
2026-05-13 13:48:58,961 - easyeditor.editors.editor - INFO - 0 editing: In what living being can CD4 be found? -> human  

 {'pre': {'rewrite_acc': [np.float64(0.0)], 'portability': {}}, 'case_id': 0, 'requested_rewrite': {'prompt': 'In what living being can CD4 be found?', 'target_new': 'human', 'ground_truth': 'human', 'portability': {}, 'locality': {}, 'subject': 'CD4'}, 'post': {'rewrite_acc': [np.float64(1.0)], 'locality': {}, 'portability': {}}}
2026-05-13 13:49:02,037 - easyeditor.editors.editor - INFO - 0 editing: What war or battle involved Field Harris? -> American Revolutionary War  

 {'pre': {'rewrite_acc': [np.float64(0.0)], 'portability': {}}, 'case_id': 0, 'requested_rewrite': {'prompt': 'What war or battle involved Field Harris?', 'target_new': 'American Revolutionary War', 'ground_truth': 'World War II', 'portability': {}, 'locality': {}, 'subject': 'Field Harris'}, 'post': {'rewrite_acc': [np.float64(0.0)], 'locality': {}, 'portability': {}}}
2026-05-13 13:49:05,102 - easyeditor.editors.editor - INFO - 0 editing: Which woman was the sister of Giuliana De Sio? -> Giovanna De Sio  

 {'pre': {'rewrite_acc': [np.float64(0.0)], 'portability': {}}, 'case_id': 0, 'requested_rewrite': {'prompt': 'Which woman was the sister of Giuliana De Sio?', 'target_new': 'Giovanna De Sio', 'ground_truth': 'Teresa De Sio', 'portability': {}, 'locality': {}, 'subject': 'Giuliana De Sio'}, 'post': {'rewrite_acc': [np.float64(0.2)], 'locality': {}, 'portability': {}}}
2026-05-13 13:49:08,191 - easyeditor.editors.editor - INFO - 0 editing: Where did Mohammad Naseem live when he died? -> Tajikistan  

 {'pre': {'rewrite_acc': [np.float64(0.0)], 'portability': {}}, 'case_id': 0, 'requested_rewrite': {'prompt': 'Where did Mohammad Naseem live when he died?', 'target_new': 'Tajikistan', 'ground_truth': 'Birmingham', 'portability': {}, 'locality': {}, 'subject': 'Mohammad Naseem'}, 'post': {'rewrite_acc': [np.float64(0.0)], 'locality': {}, 'portability': {}}}
2026-05-13 13:49:11,259 - easyeditor.editors.editor - INFO - 0 editing: What led to Gerald Ganglbauer's death? -> cancer  

 {'pre': {'rewrite_acc': [np.float64(0.0)], 'portability': {}}, 'case_id': 0, 'requested_rewrite': {'prompt': "What led to Gerald Ganglbauer's death?", 'target_new': 'cancer', 'ground_truth': "Parkinson's disease", 'portability': {}, 'locality': {}, 'subject': 'Gerald Ganglbauer'}, 'post': {'rewrite_acc': [np.float64(1.0)], 'locality': {}, 'portability': {}}}
2026-05-13 13:49:14,306 - easyeditor.editors.editor - INFO - 0 editing: Which constellation is Wolf 359 in? -> Gemini  

 {'pre': {'rewrite_acc': [np.float64(0.0)], 'portability': {}}, 'case_id': 0, 'requested_rewrite': {'prompt': 'Which constellation is Wolf 359 in?', 'target_new': 'Gemini', 'ground_truth': 'Leo', 'portability': {}, 'locality': {}, 'subject': 'Wolf 359'}, 'post': {'rewrite_acc': [np.float64(1.0)], 'locality': {}, 'portability': {}}}
2026-05-13 13:49:17,413 - easyeditor.editors.editor - INFO - 0 editing: What is Warren Wallace Beckwith's spouse's name? -> Charles Beckwith  

 {'pre': {'rewrite_acc': [np.float64(0.0)], 'portability': {}}, 'case_id': 0, 'requested_rewrite': {'prompt': "What is Warren Wallace Beckwith's spouse's name?", 'target_new': 'Charles Beckwith', 'ground_truth': 'Jessie Harlan Lincoln', 'portability': {}, 'locality': {}, 'subject': 'Warren Wallace Beckwith'}, 'post': {'rewrite_acc': [np.float64(0.0)], 'locality': {}, 'portability': {}}}
2026-05-13 13:49:20,504 - easyeditor.editors.editor - INFO - 0 editing: The father of Esha Deol was who? -> Deol Chatterjee  

 {'pre': {'rewrite_acc': [np.float64(0.0)], 'portability': {}}, 'case_id': 0, 'requested_rewrite': {'prompt': 'The father of Esha Deol was who?', 'target_new': 'Deol Chatterjee', 'ground_truth': 'Dharmendra', 'portability': {}, 'locality': {}, 'subject': 'Esha Deol'}, 'post': {'rewrite_acc': [np.float64(0.4)], 'locality': {}, 'portability': {}}}
2026-05-13 13:49:23,567 - easyeditor.editors.editor - INFO - 0 editing: Which family does European plaice belong to? -> Lupus  

 {'pre': {'rewrite_acc': [np.float64(0.0)], 'portability': {}}, 'case_id': 0, 'requested_rewrite': {'prompt': 'Which family does European plaice belong to?', 'target_new': 'Lupus', 'ground_truth': 'Pleuronectes', 'portability': {}, 'locality': {}, 'subject': 'European plaice'}, 'post': {'rewrite_acc': [np.float64(0.0)], 'locality': {}, 'portability': {}}}
2026-05-13 13:49:26,600 - easyeditor.editors.editor - INFO - 0 editing: Which war was William Ludlow in? -> Second Boer War  

 {'pre': {'rewrite_acc': [np.float64(0.0)], 'portability': {}}, 'case_id': 0, 'requested_rewrite': {'prompt': 'Which war was William Ludlow in?', 'target_new': 'Second Boer War', 'ground_truth': 'Spanish-- American War', 'portability': {}, 'locality': {}, 'subject': 'William Ludlow'}, 'post': {'rewrite_acc': [np.float64(0.0)], 'locality': {}, 'portability': {}}}
2026-05-13 13:49:29,693 - easyeditor.editors.editor - INFO - 0 editing: Which language is Pleine Vie written in? -> Coptic  

 {'pre': {'rewrite_acc': [np.float64(0.0)], 'portability': {}}, 'case_id': 0, 'requested_rewrite': {'prompt': 'Which language is Pleine Vie written in?', 'target_new': 'Coptic', 'ground_truth': 'French', 'portability': {}, 'locality': {}, 'subject': 'Pleine Vie'}, 'post': {'rewrite_acc': [np.float64(0.5)], 'locality': {}, 'portability': {}}}
2026-05-13 13:49:32,748 - easyeditor.editors.editor - INFO - 0 editing: When was 503 Evelyn discovered? -> 17 503  

 {'pre': {'rewrite_acc': [np.float64(0.0)], 'portability': {}}, 'case_id': 0, 'requested_rewrite': {'prompt': 'When was 503 Evelyn discovered?', 'target_new': '17 503', 'ground_truth': '19 January 1903', 'portability': {}, 'locality': {}, 'subject': '503 Evelyn'}, 'post': {'rewrite_acc': [np.float64(0.5)], 'locality': {}, 'portability': {}}}
